strategy,strategy_family,config_id,batch_size,lookback_batches,stability,epsilon,traces,success_rate,median_shots,mean_shots,p95_shots,max_shots,median_tvd,mean_tvd,p95_tvd,max_tvd,stable_stop_rate,max_budget_rate
fixed_1000,fixed,,,,,,180,0.2833333333333333,1000.0,1000.0,1000.0,1000.0,0.097975,0.24337972222222223,0.89074,0.89645,0.0,0.0
fixed_2500,fixed,,,,,,180,0.43333333333333335,2500.0,2500.0,2500.0,2500.0,0.06112499999999995,0.16896138888888887,0.745785,0.75515,0.0,0.0
fixed_5000,fixed,,,,,,180,0.5388888888888889,5000.0,5000.0,5000.0,5000.0,0.039599999999999955,0.11590805555555554,0.549825,0.5607500000000001,0.0,0.0
fixed_10000,fixed,,,,,,180,0.6666666666666666,10000.0,10000.0,10000.0,10000.0,0.02357499999999995,0.06667833333333331,0.3123375,0.32025,0.0,0.0
fixed_15000,fixed,,,,,,180,0.7611111111111111,15000.0,15000.0,15000.0,15000.0,0.0140333333333333,0.03870907407407402,0.18252416666666663,0.1860833333333333,0.0,0.0
fixed_18000,fixed,,,,,,180,0.8333333333333334,18000.0,18000.0,18000.0,18000.0,0.0074583333333332995,0.020826049382716,0.08794972222222214,0.0891,0.0,0.0
stable_shots_b50_lb1_k1_eps0p005,stable_shots,b50_lb1_k1_eps0p005,50.0,1.0,1.0,0.005,180,0.45,3600.0,4814.444444444444,10000.0,10000.0,0.05369395962227285,0.08514053888081179,0.3123375,0.32025,1.0,0.0
stable_shots_b50_lb1_k1_eps0p0025,stable_shots,b50_lb1_k1_eps0p0025,50.0,1.0,1.0,0.0025,180,0.9444444444444444,7275.0,9499.166666666666,19950.0,20000.0,0.02415249360613805,0.025257485159794424,0.05256527541944606,0.0661844262295082,1.0,0.0
stable_shots_b50_lb1_k1_eps0p001,stable_shots,b50_lb1_k1_eps0p001,50.0,1.0,1.0,0.001,180,1.0,17050.0,13401.111111111111,20000.0,20000.0,0.0067753968253967504,0.007857394395704782,0.023510605770763516,0.0281423076923077,0.5611111111111111,0.4388888888888889
stable_shots_b50_lb1_k2_eps0p005,stable_shots,b50_lb1_k2_eps0p005,50.0,1.0,2.0,0.005,180,0.4777777777777778,3925.0,5010.277777777777,10050.0,10050.0,0.0522869925136769,0.08311014850000223,0.3107728855721393,0.319094527363184,1.0,0.0
stable_shots_b50_lb1_k2_eps0p0025,stable_shots,b50_lb1_k2_eps0p0025,50.0,1.0,2.0,0.0025,180,0.9555555555555556,7700.0,9838.611111111111,20000.0,20000.0,0.02263936651583705,0.02323870719829493,0.048470399957788055,0.0619944444444444,0.9944444444444445,0.005555555555555556
stable_shots_b50_lb1_k2_eps0p001,stable_shots,b50_lb1_k2_eps0p001,50.0,1.0,2.0,0.001,180,1.0,18900.0,13933.055555555555,20000.0,20000.0,0.0038148550724637,0.006789717878889873,0.021667090487143582,0.025736462882096,0.5111111111111111,0.4888888888888889
stable_shots_b50_lb1_k3_eps0p005,stable_shots,b50_lb1_k3_eps0p005,50.0,1.0,3.0,0.005,180,0.48333333333333334,4325.0,5143.333333333333,10100.0,10100.0,0.05064999999999995,0.08163469465958137,0.30954955445544546,0.3182633663366336,1.0,0.0
stable_shots_b50_lb1_k3_eps0p0025,stable_shots,b50_lb1_k3_eps0p0025,50.0,1.0,3.0,0.0025,180,0.9666666666666667,7950.0,10071.666666666666,20000.0,20000.0,0.020888663644325352,0.02185435503077122,0.047502353336318824,0.0617253164556962,0.9222222222222223,0.07777777777777778
stable_shots_b50_lb1_k3_eps0p001,stable_shots,b50_lb1_k3_eps0p001,50.0,1.0,3.0,0.001,180,1.0,19550.0,14277.222222222223,20000.0,20000.0,0.0022704767136502,0.006080797672128105,0.018994878716744882,0.0227108108108107,0.5111111111111111,0.4888888888888889
stable_shots_b50_lb1_k5_eps0p005,stable_shots,b50_lb1_k5_eps0p005,50.0,1.0,5.0,0.005,180,0.5333333333333333,4500.0,5347.5,10200.0,10200.0,0.0479775689223057,0.0797890191452291,0.3073915196078431,0.3155627450980392,1.0,0.0
stable_shots_b50_lb1_k5_eps0p0025,stable_shots,b50_lb1_k5_eps0p0025,50.0,1.0,5.0,0.0025,180,0.9777777777777777,8500.0,10360.833333333334,20000.0,20000.0,0.0200402159244264,0.020267584287143207,0.043244835177114686,0.0559492882562277,0.9166666666666666,0.08333333333333333
stable_shots_b50_lb1_k5_eps0p001,stable_shots,b50_lb1_k5_eps0p001,50.0,1.0,5.0,0.001,180,1.0,20000.0,14738.055555555555,20000.0,20000.0,0.0,0.005321173233424228,0.017407838257175897,0.0210962406015037,0.4888888888888889,0.5111111111111111
stable_shots_b50_lb1_k10_eps0p005,stable_shots,b50_lb1_k10_eps0p005,50.0,1.0,10.0,0.005,180,0.5777777777777777,4750.0,5707.777777777777,10450.0,10450.0,0.04421766304347825,0.07701816824120515,0.30235117224880376,0.3093722488038277,1.0,0.0
stable_shots_b50_lb1_k10_eps0p0025,stable_shots,b50_lb1_k10_eps0p0025,50.0,1.0,10.0,0.0025,180,1.0,9200.0,10858.888888888889,20000.0,20000.0,0.018818817204301,0.01805132604248687,0.0392363792142658,0.0484510067114093,0.8388888888888889,0.16111111111111112
stable_shots_b50_lb1_k10_eps0p001,stable_shots,b50_lb1_k10_eps0p001,50.0,1.0,10.0,0.001,180,1.0,20000.0,15459.166666666666,20000.0,20000.0,0.0,0.004249252320634659,0.014470684028615038,0.0197717391304347,0.4722222222222222,0.5277777777777778
stable_shots_b50_lb2_k1_eps0p005,stable_shots,b50_lb2_k1_eps0p005,50.0,2.0,1.0,0.005,180,0.8777777777777778,5300.0,8462.5,19900.0,19900.0,0.030711638231197748,0.03164167486982005,0.06359027874564452,0.0775888888888888,1.0,0.0
stable_shots_b50_lb2_k1_eps0p0025,stable_shots,b50_lb2_k1_eps0p0025,50.0,2.0,1.0,0.0025,180,1.0,10000.0,11460.277777777777,20000.0,20000.0,0.01316016483516475,0.012481958615806255,0.031824501349400514,0.0398357142857142,0.6,0.4
stable_shots_b50_lb2_k1_eps0p001,stable_shots,b50_lb2_k1_eps0p001,50.0,2.0,1.0,0.001,180,1.0,20000.0,14911.944444444445,20000.0,20000.0,0.0,0.004679394648040288,0.014620646609788936,0.0190357142857142,0.45555555555555555,0.5444444444444444
stable_shots_b50_lb2_k2_eps0p005,stable_shots,b50_lb2_k2_eps0p005,50.0,2.0,2.0,0.005,180,0.8944444444444445,5600.0,8734.444444444445,19950.0,19950.0,0.029180263157894702,0.02965634663443097,0.05854857984559118,0.0711652542372881,1.0,0.0
stable_shots_b50_lb2_k2_eps0p0025,stable_shots,b50_lb2_k2_eps0p0025,50.0,2.0,2.0,0.0025,180,1.0,10675.0,11826.944444444445,20000.0,20000.0,0.01242540121448705,0.011316058744943024,0.029788715973292156,0.0385919354838709,0.5888888888888889,0.4111111111111111
stable_shots_b50_lb2_k2_eps0p001,stable_shots,b50_lb2_k2_eps0p001,50.0,2.0,2.0,0.001,180,1.0,20000.0,15608.333333333334,20000.0,20000.0,0.0,0.0036484041260278067,0.011964228621804221,0.0162198113207547,0.4222222222222222,0.5777777777777777
stable_shots_b50_lb2_k3_eps0p005,stable_shots,b50_lb2_k3_eps0p005,50.0,2.0,3.0,0.005,180,0.8944444444444445,5925.0,8901.111111111111,20000.0,20000.0,0.0278413810233482,0.028371563831856753,0.05791187219138244,0.0705537190082644,1.0,0.0
stable_shots_b50_lb2_k3_eps0p0025,stable_shots,b50_lb2_k3_eps0p0025,50.0,2.0,3.0,0.0025,180,1.0,11450.0,12084.722222222223,20000.0,20000.0,0.010935294117647001,0.010614742066140093,0.028868217014706647,0.03645,0.5888888888888889,0.4111111111111111
stable_shots_b50_lb2_k3_eps0p001,stable_shots,b50_lb2_k3_eps0p001,50.0,2.0,3.0,0.001,180,1.0,20000.0,15943.888888888889,20000.0,20000.0,0.0,0.0031457415091127464,0.010843416387244025,0.0162197183098591,0.39444444444444443,0.6055555555555555
stable_shots_b50_lb2_k5_eps0p005,stable_shots,b50_lb2_k5_eps0p005,50.0,2.0,5.0,0.005,180,0.9055555555555556,6225.0,9148.888888888889,20000.0,20000.0,0.0268027432712215,0.026684581297834305,0.05637138559148585,0.0697196721311475,0.9222222222222223,0.07777777777777778
stable_shots_b50_lb2_k5_eps0p0025,stable_shots,b50_lb2_k5_eps0p0025,50.0,2.0,5.0,0.0025,180,1.0,11975.0,12371.111111111111,20000.0,20000.0,0.0100241745106828,0.009963264376824989,0.02819509009009001,0.0322326530612244,0.5888888888888889,0.4111111111111111
stable_shots_b50_lb2_k5_eps0p001,stable_shots,b50_lb2_k5_eps0p001,50.0,2.0,5.0,0.001,180,1.0,20000.0,16407.777777777777,20000.0,20000.0,0.0,0.0026215562990435986,0.009710939387161645,0.0115999999999999,0.3888888888888889,0.6111111111111112
stable_shots_b50_lb2_k10_eps0p005,stable_shots,b50_lb2_k10_eps0p005,50.0,2.0,10.0,0.005,180,0.9388888888888889,6875.0,9595.0,20000.0,20000.0,0.024873325085649,0.023706571385705807,0.05047414160819682,0.0632128617363344,0.9166666666666666,0.08333333333333333
stable_shots_b50_lb2_k10_eps0p0025,stable_shots,b50_lb2_k10_eps0p0025,50.0,2.0,10.0,0.0025,180,1.0,13025.0,12878.055555555555,20000.0,20000.0,0.00847730700976035,0.009110714359386278,0.025958415178571392,0.0309736842105262,0.5833333333333334,0.4166666666666667
stable_shots_b50_lb2_k10_eps0p001,stable_shots,b50_lb2_k10_eps0p001,50.0,2.0,10.0,0.001,180,1.0,20000.0,16996.944444444445,20000.0,20000.0,0.0,0.0021371029149246904,0.007707970085469992,0.010979057591623,0.37222222222222223,0.6277777777777778
stable_shots_b50_lb3_k1_eps0p005,stable_shots,b50_lb3_k1_eps0p005,50.0,3.0,1.0,0.005,180,0.9888888888888889,6450.0,9749.722222222223,20000.0,20000.0,0.023743933987511102,0.020299206502924372,0.042570744680850994,0.0562214285714285,0.7388888888888889,0.2611111111111111
stable_shots_b50_lb3_k1_eps0p0025,stable_shots,b50_lb3_k1_eps0p0025,50.0,3.0,1.0,0.0025,180,1.0,12850.0,12285.0,20000.0,20000.0,0.010819444444444399,0.010158903651801103,0.02642990310077512,0.0289333333333333,0.5833333333333334,0.4166666666666667
stable_shots_b50_lb3_k1_eps0p001,stable_shots,b50_lb3_k1_eps0p001,50.0,3.0,1.0,0.001,180,1.0,20000.0,15883.888888888889,20000.0,20000.0,0.0,0.003089152340032507,0.01096119762083371,0.0162197183098591,0.37222222222222223,0.6277777777777778
stable_shots_b50_lb3_k2_eps0p005,stable_shots,b50_lb3_k2_eps0p005,50.0,3.0,2.0,0.005,180,0.9944444444444445,6900.0,9995.833333333334,20000.0,20000.0,0.02224329996487525,0.019024415849435948,0.040125845588235266,0.0550292993630572,0.7333333333333333,0.26666666666666666
stable_shots_b50_lb3_k2_eps0p0025,stable_shots,b50_lb3_k2_eps0p0025,50.0,3.0,2.0,0.0025,180,1.0,13375.0,12684.166666666666,20000.0,20000.0,0.009594264069264051,0.009301469755078857,0.024800444862155345,0.0275990338164251,0.5833333333333334,0.4166666666666667
stable_shots_b50_lb3_k2_eps0p001,stable_shots,b50_lb3_k2_eps0p001,50.0,3.0,2.0,0.001,180,1.0,20000.0,16440.277777777777,20000.0,20000.0,0.0,0.0024591034847370533,0.009204887679481173,0.0141552631578947,0.35555555555555557,0.6444444444444445
stable_shots_b50_lb3_k3_eps0p005,stable_shots,b50_lb3_k3_eps0p005,50.0,3.0,3.0,0.005,180,0.9944444444444445,7525.0,10210.277777777777,20000.0,20000.0,0.01993498546980945,0.018060179547317937,0.03882221472955792,0.054676582278481,0.7277777777777777,0.2722222222222222
stable_shots_b50_lb3_k3_eps0p0025,stable_shots,b50_lb3_k3_eps0p0025,50.0,3.0,3.0,0.0025,180,1.0,13925.0,12951.944444444445,20000.0,20000.0,0.00847250489236785,0.008612637389939448,0.022812793778801774,0.0276807692307692,0.5833333333333334,0.4166666666666667
stable_shots_b50_lb3_k3_eps0p001,stable_shots,b50_lb3_k3_eps0p001,50.0,3.0,3.0,0.001,180,1.0,20000.0,16787.5,20000.0,20000.0,0.0,0.0021000956227757556,0.007662279947537123,0.0102302325581395,0.35555555555555557,0.6444444444444445
stable_shots_b50_lb3_k5_eps0p005,stable_shots,b50_lb3_k5_eps0p005,50.0,3.0,5.0,0.005,180,1.0,7700.0,10472.5,20000.0,20000.0,0.019400155279503048,0.016941575145523025,0.03468188874083941,0.047195238095238,0.7222222222222222,0.2777777777777778
stable_shots_b50_lb3_k5_eps0p0025,stable_shots,b50_lb3_k5_eps0p0025,50.0,3.0,5.0,0.0025,180,1.0,15225.0,13376.666666666666,20000.0,20000.0,0.00808915470494415,0.007866580627455573,0.022235463936580924,0.0245367346938775,0.5777777777777777,0.4222222222222222
stable_shots_b50_lb3_k5_eps0p001,stable_shots,b50_lb3_k5_eps0p001,50.0,3.0,5.0,0.001,180,1.0,20000.0,17309.722222222223,20000.0,20000.0,0.0,0.001638842620239674,0.00699386235808226,0.0090419831223628,0.3333333333333333,0.6666666666666666
stable_shots_b50_lb3_k10_eps0p005,stable_shots,b50_lb3_k10_eps0p005,50.0,3.0,10.0,0.005,180,1.0,8325.0,10889.166666666666,20000.0,20000.0,0.0166041359885358,0.015335377965420314,0.03538380015432087,0.0466552023121387,0.7166666666666667,0.2833333333333333
stable_shots_b50_lb3_k10_eps0p0025,stable_shots,b50_lb3_k10_eps0p0025,50.0,3.0,10.0,0.0025,180,1.0,16225.0,13918.611111111111,20000.0,20000.0,0.00590814536340845,0.0069143727069979795,0.01940415039010666,0.022825702811245,0.5666666666666667,0.43333333333333335
stable_shots_b50_lb3_k10_eps0p001,stable_shots,b50_lb3_k10_eps0p001,50.0,3.0,10.0,0.001,180,1.0,20000.0,17806.11111111111,20000.0,20000.0,0.0,0.0011344294950671823,0.00558274431723903,0.007656106870229,0.2833333333333333,0.7166666666666667
stable_shots_b50_lb5_k1_eps0p005,stable_shots,b50_lb5_k1_eps0p005,50.0,5.0,1.0,0.005,180,1.0,8525.0,10968.888888888889,20000.0,20000.0,0.01549852941176465,0.014387715663184928,0.033383553389455,0.0384514563106796,0.6777777777777778,0.32222222222222224
stable_shots_b50_lb5_k1_eps0p0025,stable_shots,b50_lb5_k1_eps0p0025,50.0,5.0,1.0,0.0025,180,1.0,16475.0,13610.555555555555,20000.0,20000.0,0.0062426653332198,0.007096650010951936,0.018914808442364216,0.0214444444444444,0.55,0.45
stable_shots_b50_lb5_k1_eps0p001,stable_shots,b50_lb5_k1_eps0p001,50.0,5.0,1.0,0.001,180,1.0,20000.0,16875.833333333332,20000.0,20000.0,0.0,0.00196272500445185,0.007498644986449805,0.0105341269841269,0.3277777777777778,0.6722222222222223
stable_shots_b50_lb5_k2_eps0p005,stable_shots,b50_lb5_k2_eps0p005,50.0,5.0,2.0,0.005,180,1.0,9100.0,11218.333333333334,20000.0,20000.0,0.0136315217391304,0.013345472932455247,0.030970352355608056,0.0370820987654321,0.6722222222222223,0.3277777777777778
stable_shots_b50_lb5_k2_eps0p0025,stable_shots,b50_lb5_k2_eps0p0025,50.0,5.0,2.0,0.0025,180,1.0,17225.0,13979.444444444445,20000.0,20000.0,0.0061057807807807,0.006545487099824242,0.01756628242207221,0.0218620689655172,0.5388888888888889,0.46111111111111114
stable_shots_b50_lb5_k2_eps0p001,stable_shots,b50_lb5_k2_eps0p001,50.0,5.0,2.0,0.001,180,1.0,20000.0,17357.222222222223,20000.0,20000.0,0.0,0.00148213130871725,0.006795219311156848,0.010550704225352,0.3055555555555556,0.6944444444444444
stable_shots_b50_lb5_k3_eps0p005,stable_shots,b50_lb5_k3_eps0p005,50.0,5.0,3.0,0.005,180,1.0,9325.0,11399.722222222223,20000.0,20000.0,0.01298989039602755,0.012563028930478308,0.030656811854863922,0.0363071428571428,0.6666666666666666,0.3333333333333333
stable_shots_b50_lb5_k3_eps0p0025,stable_shots,b50_lb5_k3_eps0p0025,50.0,5.0,3.0,0.0025,180,1.0,17600.0,14247.222222222223,20000.0,20000.0,0.0046113147178592,0.005933463347795762,0.016639603174603092,0.0198364864864864,0.5333333333333333,0.4666666666666667
stable_shots_b50_lb5_k3_eps0p001,stable_shots,b50_lb5_k3_eps0p001,50.0,5.0,3.0,0.001,180,1.0,20000.0,17589.444444444445,20000.0,20000.0,0.0,0.0013135145857687456,0.006334080338266353,0.0099986899563318,0.29444444444444445,0.7055555555555556
stable_shots_b50_lb5_k5_eps0p005,stable_shots,b50_lb5_k5_eps0p005,50.0,5.0,5.0,0.005,180,1.0,9675.0,11661.388888888889,20000.0,20000.0,0.012192127551182801,0.011790745909829332,0.02932005989911721,0.0346402912621358,0.6388888888888888,0.3611111111111111
stable_shots_b50_lb5_k5_eps0p0025,stable_shots,b50_lb5_k5_eps0p0025,50.0,5.0,5.0,0.0025,180,1.0,18975.0,14664.722222222223,20000.0,20000.0,0.0045060416666666,0.005259887465433441,0.014752512072628893,0.0185488700564971,0.5166666666666667,0.48333333333333334
stable_shots_b50_lb5_k5_eps0p001,stable_shots,b50_lb5_k5_eps0p001,50.0,5.0,5.0,0.001,180,1.0,20000.0,17968.61111111111,20000.0,20000.0,0.0,0.0009483358017748172,0.004874668597168569,0.0073255605381165,0.25,0.75
stable_shots_b50_lb5_k10_eps0p005,stable_shots,b50_lb5_k10_eps0p005,50.0,5.0,10.0,0.005,180,1.0,10475.0,12127.777777777777,20000.0,20000.0,0.00936410256410255,0.010532276201586296,0.028201715686274418,0.0327651821862348,0.6055555555555555,0.39444444444444443
stable_shots_b50_lb5_k10_eps0p0025,stable_shots,b50_lb5_k10_eps0p0025,50.0,5.0,10.0,0.0025,180,1.0,20000.0,15274.722222222223,20000.0,20000.0,0.0,0.004339143354523866,0.013774990974729168,0.0175041062801932,0.4888888888888889,0.5111111111111111
stable_shots_b50_lb5_k10_eps0p001,stable_shots,b50_lb5_k10_eps0p001,50.0,5.0,10.0,0.001,180,1.0,20000.0,18420.555555555555,20000.0,20000.0,0.0,0.0006137954648854477,0.00387713545521832,0.0066242616033755,0.18888888888888888,0.8111111111111111
stable_shots_b50_lb10_k1_eps0p005,stable_shots,b50_lb10_k1_eps0p005,50.0,10.0,1.0,0.005,180,1.0,12000.0,12486.666666666666,20000.0,20000.0,0.009931417112299449,0.009566213871655278,0.023793534212643387,0.028835294117647,0.5833333333333334,0.4166666666666667
stable_shots_b50_lb10_k1_eps0p0025,stable_shots,b50_lb10_k1_eps0p0025,50.0,10.0,1.0,0.0025,180,1.0,20000.0,15376.944444444445,20000.0,20000.0,0.0,0.003798117837713612,0.01257451582867783,0.0162197183098591,0.43333333333333335,0.5666666666666667
stable_shots_b50_lb10_k1_eps0p001,stable_shots,b50_lb10_k1_eps0p001,50.0,10.0,1.0,0.001,180,1.0,20000.0,17930.0,20000.0,20000.0,0.0,0.0008927174999872294,0.005310634092346598,0.0092999999999999,0.2222222222222222,0.7777777777777778
stable_shots_b50_lb10_k2_eps0p005,stable_shots,b50_lb10_k2_eps0p005,50.0,10.0,2.0,0.005,180,1.0,12900.0,12777.5,20000.0,20000.0,0.008692438271604899,0.00887838411372386,0.021978603286384905,0.0250288770053475,0.5833333333333334,0.4166666666666667
stable_shots_b50_lb10_k2_eps0p0025,stable_shots,b50_lb10_k2_eps0p0025,50.0,10.0,2.0,0.0025,180,1.0,20000.0,15598.055555555555,20000.0,20000.0,0.0,0.0035144045005944986,0.011920301418439652,0.0156747663551401,0.4166666666666667,0.5833333333333334
stable_shots_b50_lb10_k2_eps0p001,stable_shots,b50_lb10_k2_eps0p001,50.0,10.0,2.0,0.001,180,1.0,20000.0,18258.61111111111,20000.0,20000.0,0.0,0.0006853030986304806,0.00398247058823529,0.0079115384615384,0.18888888888888888,0.8111111111111111
stable_shots_b50_lb10_k3_eps0p005,stable_shots,b50_lb10_k3_eps0p005,50.0,10.0,3.0,0.005,180,1.0,13000.0,12970.0,20000.0,20000.0,0.00807045454545445,0.008458482052881425,0.02101462463309999,0.0247946808510638,0.5777777777777777,0.4222222222222222
stable_shots_b50_lb10_k3_eps0p0025,stable_shots,b50_lb10_k3_eps0p0025,50.0,10.0,3.0,0.0025,180,1.0,20000.0,15813.333333333334,20000.0,20000.0,0.0,0.003243835328230667,0.010867064539787245,0.0150946808510638,0.40555555555555556,0.5944444444444444
stable_shots_b50_lb10_k3_eps0p001,stable_shots,b50_lb10_k3_eps0p001,50.0,10.0,3.0,0.001,180,1.0,20000.0,18442.222222222223,20000.0,20000.0,0.0,0.0006095584818503561,0.0037963888888888006,0.0063294238683127,0.18888888888888888,0.8111111111111111
stable_shots_b50_lb10_k5_eps0p005,stable_shots,b50_lb10_k5_eps0p005,50.0,10.0,5.0,0.005,180,1.0,13600.0,13186.388888888889,20000.0,20000.0,0.00738055555555555,0.007987460632741541,0.019882389627888273,0.0230563348416289,0.5722222222222222,0.42777777777777776
stable_shots_b50_lb10_k5_eps0p0025,stable_shots,b50_lb10_k5_eps0p0025,50.0,10.0,5.0,0.0025,180,1.0,20000.0,16150.277777777777,20000.0,20000.0,0.0,0.0026795967998019293,0.009688651287390156,0.0120171717171717,0.38333333333333336,0.6166666666666667
stable_shots_b50_lb10_k5_eps0p001,stable_shots,b50_lb10_k5_eps0p001,50.0,10.0,5.0,0.001,180,1.0,20000.0,18677.222222222223,20000.0,20000.0,0.0,0.00045563038181039493,0.0032102347417840315,0.005625,0.16111111111111112,0.8388888888888889
stable_shots_b50_lb10_k10_eps0p005,stable_shots,b50_lb10_k10_eps0p005,50.0,10.0,10.0,0.005,180,1.0,14925.0,13689.722222222223,20000.0,20000.0,0.00604074074074075,0.007037920722670507,0.017589110855609803,0.0211814070351758,0.5611111111111111,0.4388888888888889
stable_shots_b50_lb10_k10_eps0p0025,stable_shots,b50_lb10_k10_eps0p0025,50.0,10.0,10.0,0.0025,180,1.0,20000.0,16668.333333333332,20000.0,20000.0,0.0,0.002249747410367804,0.00902999205492586,0.0100227272727272,0.36666666666666664,0.6333333333333333
stable_shots_b50_lb10_k10_eps0p001,stable_shots,b50_lb10_k10_eps0p001,50.0,10.0,10.0,0.001,180,1.0,20000.0,18958.61111111111,20000.0,20000.0,0.0,0.0003325150290160894,0.0026485913312692647,0.0053898305084745,0.13333333333333333,0.8666666666666667
stable_shots_b100_lb1_k1_eps0p005,stable_shots,b100_lb1_k1_eps0p005,100.0,1.0,1.0,0.005,180,0.8833333333333333,5450.0,8566.111111111111,19900.0,19900.0,0.03004266541822715,0.030718909637016147,0.06168861457036104,0.0730717791411043,1.0,0.0
stable_shots_b100_lb1_k1_eps0p0025,stable_shots,b100_lb1_k1_eps0p0025,100.0,1.0,1.0,0.0025,180,1.0,10150.0,11580.555555555555,20000.0,20000.0,0.01316016483516475,0.01212294877888042,0.030999505420054096,0.0398357142857142,0.6,0.4
stable_shots_b100_lb1_k1_eps0p001,stable_shots,b100_lb1_k1_eps0p001,100.0,1.0,1.0,0.001,180,1.0,20000.0,15123.888888888889,20000.0,20000.0,0.0,0.004409312456143654,0.014247418300653514,0.0190347457627118,0.4444444444444444,0.5555555555555556
stable_shots_b100_lb1_k2_eps0p005,stable_shots,b100_lb1_k2_eps0p005,100.0,1.0,2.0,0.005,180,0.8944444444444445,5950.0,8883.333333333334,20000.0,20000.0,0.02817896174863385,0.028426300544500984,0.05760823291050026,0.0716513605442176,1.0,0.0
stable_shots_b100_lb1_k2_eps0p0025,stable_shots,b100_lb1_k2_eps0p0025,100.0,1.0,2.0,0.0025,180,1.0,11300.0,12050.0,20000.0,20000.0,0.01105760869565215,0.010746323193813816,0.028975422283901573,0.03645,0.5888888888888889,0.4111111111111111
stable_shots_b100_lb1_k2_eps0p001,stable_shots,b100_lb1_k2_eps0p001,100.0,1.0,2.0,0.001,180,1.0,20000.0,15841.111111111111,20000.0,20000.0,0.0,0.0033657137753538816,0.011353150924537696,0.0156747663551401,0.4166666666666667,0.5833333333333334
stable_shots_b100_lb1_k3_eps0p005,stable_shots,b100_lb1_k3_eps0p005,100.0,1.0,3.0,0.005,180,0.9055555555555556,6050.0,9076.111111111111,20000.0,20000.0,0.027157228859868397,0.027010782472603693,0.056380510204081566,0.0704581081081081,0.9222222222222223,0.07777777777777778
stable_shots_b100_lb1_k3_eps0p0025,stable_shots,b100_lb1_k3_eps0p0025,100.0,1.0,3.0,0.0025,180,1.0,11600.0,12332.777777777777,20000.0,20000.0,0.0094316239316239,0.010159258541154166,0.02879576349717959,0.0352342105263157,0.5888888888888889,0.4111111111111111
stable_shots_b100_lb1_k3_eps0p001,stable_shots,b100_lb1_k3_eps0p001,100.0,1.0,3.0,0.001,180,1.0,20000.0,16218.888888888889,20000.0,20000.0,0.0,0.002847792574829734,0.010276989164086594,0.0116544303797468,0.39444444444444443,0.6055555555555555
stable_shots_b100_lb1_k5_eps0p005,stable_shots,b100_lb1_k5_eps0p005,100.0,1.0,5.0,0.005,180,0.9222222222222223,6750.0,9441.666666666666,20000.0,20000.0,0.0251678799489144,0.02470129564518389,0.054268454375749973,0.0633822580645161,0.9166666666666666,0.08333333333333333
stable_shots_b100_lb1_k5_eps0p0025,stable_shots,b100_lb1_k5_eps0p0025,100.0,1.0,5.0,0.0025,180,1.0,12950.0,12696.111111111111,20000.0,20000.0,0.00856365015166825,0.009464184348712167,0.02710373652504754,0.0337518867924528,0.5833333333333334,0.4166666666666667
stable_shots_b100_lb1_k5_eps0p001,stable_shots,b100_lb1_k5_eps0p001,100.0,1.0,5.0,0.001,180,1.0,20000.0,16727.777777777777,20000.0,20000.0,0.0,0.0023515266596271524,0.009221493506493435,0.0108884615384615,0.37777777777777777,0.6222222222222222
stable_shots_b100_lb1_k10_eps0p005,stable_shots,b100_lb1_k10_eps0p005,100.0,1.0,10.0,0.005,180,0.95,7350.0,9980.555555555555,20000.0,20000.0,0.0224562169312169,0.021816963823223054,0.04921276515151509,0.0597875,0.8388888888888889,0.16111111111111112
stable_shots_b100_lb1_k10_eps0p0025,stable_shots,b100_lb1_k10_eps0p0025,100.0,1.0,10.0,0.0025,180,1.0,13500.0,13327.222222222223,20000.0,20000.0,0.007295129870129801,0.008278443170362198,0.022720150030309114,0.0293499999999999,0.5833333333333334,0.4166666666666667
stable_shots_b100_lb1_k10_eps0p001,stable_shots,b100_lb1_k10_eps0p001,100.0,1.0,10.0,0.001,180,1.0,20000.0,17447.222222222223,20000.0,20000.0,0.0,0.0016169656195516666,0.00663080808080805,0.0092459731543624,0.35,0.65
stable_shots_b100_lb2_k1_eps0p005,stable_shots,b100_lb2_k1_eps0p005,100.0,2.0,1.0,0.005,180,1.0,7650.0,10596.666666666666,20000.0,20000.0,0.017952777777777748,0.01572853579611792,0.03553097336065563,0.0457260869565217,0.6944444444444444,0.3055555555555556
stable_shots_b100_lb2_k1_eps0p0025,stable_shots,b100_lb2_k1_eps0p0025,100.0,2.0,1.0,0.0025,180,1.0,14300.0,13059.444444444445,20000.0,20000.0,0.0091680402930402,0.008328949883304529,0.021889013505578366,0.0248989247311828,0.5666666666666667,0.43333333333333335
stable_shots_b100_lb2_k1_eps0p001,stable_shots,b100_lb2_k1_eps0p001,100.0,2.0,1.0,0.001,180,1.0,20000.0,16666.666666666668,20000.0,20000.0,0.0,0.0021502748378161014,0.007633707553707572,0.0137499999999999,0.34444444444444444,0.6555555555555556
stable_shots_b100_lb2_k2_eps0p005,stable_shots,b100_lb2_k2_eps0p005,100.0,2.0,2.0,0.005,180,1.0,8400.0,10947.777777777777,20000.0,20000.0,0.01551519607843135,0.014480220053509848,0.0336051515151514,0.0454032258064516,0.6777777777777778,0.32222222222222224
stable_shots_b100_lb2_k2_eps0p0025,stable_shots,b100_lb2_k2_eps0p0025,100.0,2.0,2.0,0.0025,180,1.0,16300.0,13704.444444444445,20000.0,20000.0,0.00742009803921565,0.007104031107362086,0.018997408814589608,0.0233224489795918,0.5611111111111111,0.4388888888888889
stable_shots_b100_lb2_k2_eps0p001,stable_shots,b100_lb2_k2_eps0p001,100.0,2.0,2.0,0.001,180,1.0,20000.0,17304.444444444445,20000.0,20000.0,0.0,0.0015537120382581023,0.006267525575447552,0.0099818181818181,0.32222222222222224,0.6777777777777778
stable_shots_b100_lb2_k3_eps0p005,stable_shots,b100_lb2_k3_eps0p005,100.0,2.0,3.0,0.005,180,1.0,8750.0,11190.0,20000.0,20000.0,0.014876851851851801,0.013667425084410732,0.032852623520329305,0.0443606382978723,0.6777777777777778,0.32222222222222224
stable_shots_b100_lb2_k3_eps0p0025,stable_shots,b100_lb2_k3_eps0p0025,100.0,2.0,3.0,0.0025,180,1.0,17400.0,14041.666666666666,20000.0,20000.0,0.0066032051282051,0.00644738422054765,0.017837449801054887,0.0215428571428571,0.5611111111111111,0.4388888888888889
stable_shots_b100_lb2_k3_eps0p001,stable_shots,b100_lb2_k3_eps0p001,100.0,2.0,3.0,0.001,180,1.0,20000.0,17627.222222222223,20000.0,20000.0,0.0,0.0012552905698659284,0.005681089743589717,0.0080299999999999,0.28888888888888886,0.7111111111111111
stable_shots_b100_lb2_k5_eps0p005,stable_shots,b100_lb2_k5_eps0p005,100.0,2.0,5.0,0.005,180,1.0,9250.0,11547.777777777777,20000.0,20000.0,0.013178021978021901,0.012555771843747397,0.028834098360655626,0.0394655913978494,0.6777777777777778,0.32222222222222224
stable_shots_b100_lb2_k5_eps0p0025,stable_shots,b100_lb2_k5_eps0p0025,100.0,2.0,5.0,0.0025,180,1.0,17800.0,14517.777777777777,20000.0,20000.0,0.0052205882352941,0.005706387042750315,0.015783199279711918,0.0195584158415841,0.5555555555555556,0.4444444444444444
stable_shots_b100_lb2_k5_eps0p001,stable_shots,b100_lb2_k5_eps0p001,100.0,2.0,5.0,0.001,180,1.0,20000.0,18021.11111111111,20000.0,20000.0,0.0,0.0009438898393375311,0.004499974457215801,0.008255905511811,0.25,0.75
stable_shots_b100_lb2_k10_eps0p005,stable_shots,b100_lb2_k10_eps0p005,100.0,2.0,10.0,0.005,180,1.0,10150.0,12073.333333333334,20000.0,20000.0,0.00976590909090905,0.011100209979675394,0.028026018518518447,0.0340499999999999,0.6555555555555556,0.34444444444444444
stable_shots_b100_lb2_k10_eps0p0025,stable_shots,b100_lb2_k10_eps0p0025,100.0,2.0,10.0,0.0025,180,1.0,19250.0,15197.777777777777,20000.0,20000.0,0.00274110942249235,0.004614059589312821,0.013682255667038259,0.0173813559322033,0.5111111111111111,0.4888888888888889
stable_shots_b100_lb2_k10_eps0p001,stable_shots,b100_lb2_k10_eps0p001,100.0,2.0,10.0,0.001,180,1.0,20000.0,18457.222222222223,20000.0,20000.0,0.0,0.0006313975335967157,0.003762361949956832,0.0065252136752136,0.2222222222222222,0.7777777777777778
stable_shots_b100_lb3_k1_eps0p005,stable_shots,b100_lb3_k1_eps0p005,100.0,3.0,1.0,0.005,180,1.0,9500.0,11521.111111111111,20000.0,20000.0,0.01299411764705875,0.012254449062876269,0.02987613984674327,0.0334088785046729,0.6333333333333333,0.36666666666666664
stable_shots_b100_lb3_k1_eps0p0025,stable_shots,b100_lb3_k1_eps0p0025,100.0,3.0,1.0,0.0025,180,1.0,18800.0,14286.666666666666,20000.0,20000.0,0.0050205497382198,0.005912433380204926,0.015904999999999996,0.0189363636363636,0.5333333333333333,0.4666666666666667
stable_shots_b100_lb3_k1_eps0p001,stable_shots,b100_lb3_k1_eps0p001,100.0,3.0,1.0,0.001,180,1.0,20000.0,17385.555555555555,20000.0,20000.0,0.0,0.0014157735485238552,0.006744001937984429,0.0094801801801801,0.28888888888888886,0.7111111111111111
stable_shots_b100_lb3_k2_eps0p005,stable_shots,b100_lb3_k2_eps0p005,100.0,3.0,2.0,0.005,180,1.0,10050.0,11826.111111111111,20000.0,20000.0,0.0113762096774193,0.011213992103419761,0.0285595509654243,0.0328185185185185,0.6111111111111112,0.3888888888888889
stable_shots_b100_lb3_k2_eps0p0025,stable_shots,b100_lb3_k2_eps0p0025,100.0,3.0,2.0,0.0025,180,1.0,19350.0,14711.111111111111,20000.0,20000.0,0.0032932582745523,0.005024043402560484,0.014396955337690545,0.0186691011235955,0.5055555555555555,0.49444444444444446
stable_shots_b100_lb3_k2_eps0p001,stable_shots,b100_lb3_k2_eps0p001,100.0,3.0,2.0,0.001,180,1.0,20000.0,17778.333333333332,20000.0,20000.0,0.0,0.0010905084478702682,0.005524934552777239,0.008365873015873,0.2611111111111111,0.7388888888888889
stable_shots_b100_lb3_k3_eps0p005,stable_shots,b100_lb3_k3_eps0p005,100.0,3.0,3.0,0.005,180,1.0,10500.0,12067.777777777777,20000.0,20000.0,0.0103311583577712,0.010590143163473772,0.02769446969696962,0.0309736842105262,0.6,0.4
stable_shots_b100_lb3_k3_eps0p0025,stable_shots,b100_lb3_k3_eps0p0025,100.0,3.0,3.0,0.0025,180,1.0,20000.0,15087.222222222223,20000.0,20000.0,0.0,0.004555127248213071,0.013384242424242354,0.0162198113207547,0.4888888888888889,0.5111111111111111
stable_shots_b100_lb3_k3_eps0p001,stable_shots,b100_lb3_k3_eps0p001,100.0,3.0,3.0,0.001,180,1.0,20000.0,18160.0,20000.0,20000.0,0.0,0.0007823531533660773,0.004622059690493629,0.008255905511811,0.21666666666666667,0.7833333333333333
stable_shots_b100_lb3_k5_eps0p005,stable_shots,b100_lb3_k5_eps0p005,100.0,3.0,5.0,0.005,180,1.0,10800.0,12392.777777777777,20000.0,20000.0,0.0090724489795918,0.00988890434967877,0.026168235294117614,0.0299214285714285,0.5888888888888889,0.4111111111111111
stable_shots_b100_lb3_k5_eps0p0025,stable_shots,b100_lb3_k5_eps0p0025,100.0,3.0,5.0,0.0025,180,1.0,20000.0,15487.222222222223,20000.0,20000.0,0.0,0.0038535436879999496,0.012476366286281305,0.0152959459459459,0.45555555555555555,0.5444444444444444
stable_shots_b100_lb3_k5_eps0p001,stable_shots,b100_lb3_k5_eps0p001,100.0,3.0,5.0,0.001,180,1.0,20000.0,18456.11111111111,20000.0,20000.0,0.0,0.0005726897784206211,0.0037033620689654444,0.0063055555555555,0.18888888888888888,0.8111111111111111
stable_shots_b100_lb3_k10_eps0p005,stable_shots,b100_lb3_k10_eps0p005,100.0,3.0,10.0,0.005,180,1.0,12450.0,12899.444444444445,20000.0,20000.0,0.008214465408805001,0.00892168207528984,0.023892997157722223,0.0273741573033708,0.5888888888888889,0.4111111111111111
stable_shots_b100_lb3_k10_eps0p0025,stable_shots,b100_lb3_k10_eps0p0025,100.0,3.0,10.0,0.0025,180,1.0,20000.0,16211.666666666666,20000.0,20000.0,0.0,0.002952777959291664,0.00988334605597961,0.0120209302325581,0.42777777777777776,0.5722222222222222
stable_shots_b100_lb3_k10_eps0p001,stable_shots,b100_lb3_k10_eps0p001,100.0,3.0,10.0,0.001,180,1.0,20000.0,18825.0,20000.0,20000.0,0.0,0.0003907289693858922,0.003267195340501683,0.0052394366197182,0.1388888888888889,0.8611111111111112
stable_shots_b100_lb5_k1_eps0p005,stable_shots,b100_lb5_k1_eps0p005,100.0,5.0,1.0,0.005,180,1.0,12450.0,12589.444444444445,20000.0,20000.0,0.00896089743589735,0.009319898714539294,0.023166539115646225,0.028835294117647,0.5833333333333334,0.4166666666666667
stable_shots_b100_lb5_k1_eps0p0025,stable_shots,b100_lb5_k1_eps0p0025,100.0,5.0,1.0,0.0025,180,1.0,20000.0,15448.888888888889,20000.0,20000.0,0.0,0.0036800556038901686,0.01207865979381442,0.0156747663551401,0.42777777777777776,0.5722222222222222
stable_shots_b100_lb5_k1_eps0p001,stable_shots,b100_lb5_k1_eps0p001,100.0,5.0,1.0,0.001,180,1.0,20000.0,17989.444444444445,20000.0,20000.0,0.0,0.0008522158541477956,0.005274915966386517,0.008255905511811,0.21666666666666667,0.7833333333333333
stable_shots_b100_lb5_k2_eps0p005,stable_shots,b100_lb5_k2_eps0p005,100.0,5.0,2.0,0.005,180,1.0,13000.0,12980.555555555555,20000.0,20000.0,0.00807045454545445,0.008469265814431703,0.021296238440886902,0.0260078431372548,0.5777777777777777,0.4222222222222222
stable_shots_b100_lb5_k2_eps0p0025,stable_shots,b100_lb5_k2_eps0p0025,100.0,5.0,2.0,0.0025,180,1.0,20000.0,15826.666666666666,20000.0,20000.0,0.0,0.0031367286863185585,0.010889964387464344,0.0148294520547945,0.4,0.6
stable_shots_b100_lb5_k2_eps0p001,stable_shots,b100_lb5_k2_eps0p001,100.0,5.0,2.0,0.001,180,1.0,20000.0,18442.777777777777,20000.0,20000.0,0.0,0.0005940539035807166,0.003724052298467619,0.0060227272727272,0.18333333333333332,0.8166666666666667
stable_shots_b100_lb5_k3_eps0p005,stable_shots,b100_lb5_k3_eps0p005,100.0,5.0,3.0,0.005,180,1.0,13700.0,13180.0,20000.0,20000.0,0.00739999999999995,0.008025155171612904,0.019409859567589376,0.0233188524590164,0.5722222222222222,0.42777777777777776
stable_shots_b100_lb5_k3_eps0p0025,stable_shots,b100_lb5_k3_eps0p0025,100.0,5.0,3.0,0.0025,180,1.0,20000.0,16107.222222222223,20000.0,20000.0,0.0,0.0028155410308861274,0.010232986111111087,0.0152959459459459,0.38333333333333336,0.6166666666666667
stable_shots_b100_lb5_k3_eps0p001,stable_shots,b100_lb5_k3_eps0p001,100.0,5.0,3.0,0.001,180,1.0,20000.0,18623.333333333332,20000.0,20000.0,0.0,0.00047827330184179665,0.003342292468389199,0.0063055555555555,0.16666666666666666,0.8333333333333334
stable_shots_b100_lb5_k5_eps0p005,stable_shots,b100_lb5_k5_eps0p005,100.0,5.0,5.0,0.005,180,1.0,14550.0,13565.555555555555,20000.0,20000.0,0.00622894736842105,0.007234089233877813,0.018267440476190402,0.0221808219178081,0.5666666666666667,0.43333333333333335
stable_shots_b100_lb5_k5_eps0p0025,stable_shots,b100_lb5_k5_eps0p0025,100.0,5.0,5.0,0.0025,180,1.0,20000.0,16533.88888888889,20000.0,20000.0,0.0,0.0023208383070155237,0.009092998285122547,0.0102,0.37222222222222223,0.6277777777777778
stable_shots_b100_lb5_k5_eps0p001,stable_shots,b100_lb5_k5_eps0p001,100.0,5.0,5.0,0.001,180,1.0,20000.0,18856.666666666668,20000.0,20000.0,0.0,0.00036945750756984223,0.002567008196721209,0.006409574468085,0.1388888888888889,0.8611111111111112
stable_shots_b100_lb5_k10_eps0p005,stable_shots,b100_lb5_k10_eps0p005,100.0,5.0,10.0,0.005,180,1.0,15850.0,14146.666666666666,20000.0,20000.0,0.00542499999999995,0.006294169328220075,0.01658121930919677,0.0193272727272727,0.5611111111111111,0.4388888888888889
stable_shots_b100_lb5_k10_eps0p0025,stable_shots,b100_lb5_k10_eps0p0025,100.0,5.0,10.0,0.0025,180,1.0,20000.0,17144.444444444445,20000.0,20000.0,0.0,0.0018537279224508383,0.006696160198183332,0.0101857664233576,0.35555555555555557,0.6444444444444445
stable_shots_b100_lb5_k10_eps0p001,stable_shots,b100_lb5_k10_eps0p001,100.0,5.0,10.0,0.001,180,1.0,20000.0,19202.777777777777,20000.0,20000.0,0.0,0.0002105090217780261,0.0019026999272991132,0.0042024096385542,0.1,0.9
stable_shots_b100_lb10_k1_eps0p005,stable_shots,b100_lb10_k1_eps0p005,100.0,10.0,1.0,0.005,180,1.0,19050.0,14512.777777777777,20000.0,20000.0,0.0038214912280701,0.005349934731248158,0.014798546747967465,0.018611111111111,0.5277777777777778,0.4722222222222222
stable_shots_b100_lb10_k1_eps0p0025,stable_shots,b100_lb10_k1_eps0p0025,100.0,10.0,1.0,0.0025,180,1.0,20000.0,16828.333333333332,20000.0,20000.0,0.0,0.0018859391085139204,0.008102514513788076,0.0137735632183908,0.31666666666666665,0.6833333333333333
stable_shots_b100_lb10_k1_eps0p001,stable_shots,b100_lb10_k1_eps0p001,100.0,10.0,1.0,0.001,180,1.0,20000.0,18930.555555555555,20000.0,20000.0,0.0,0.00037474259768774496,0.0027212600459241404,0.006141304347826,0.15,0.85
stable_shots_b100_lb10_k2_eps0p005,stable_shots,b100_lb10_k2_eps0p005,100.0,10.0,2.0,0.005,180,1.0,19800.0,14811.666666666666,20000.0,20000.0,0.0017921717171717,0.004837553982745434,0.013955487347703745,0.0192087912087912,0.5166666666666667,0.48333333333333334
stable_shots_b100_lb10_k2_eps0p0025,stable_shots,b100_lb10_k2_eps0p0025,100.0,10.0,2.0,0.0025,180,1.0,20000.0,17026.11111111111,20000.0,20000.0,0.0,0.0017179391683060045,0.006781541353383387,0.0120470588235294,0.3111111111111111,0.6888888888888889
stable_shots_b100_lb10_k2_eps0p001,stable_shots,b100_lb10_k2_eps0p001,100.0,10.0,2.0,0.001,180,1.0,20000.0,19073.333333333332,20000.0,20000.0,0.0,0.00030100577463226894,0.002272943262411299,0.0058928571428571,0.12777777777777777,0.8722222222222222
stable_shots_b100_lb10_k3_eps0p005,stable_shots,b100_lb10_k3_eps0p005,100.0,10.0,3.0,0.005,180,1.0,19950.0,15023.333333333334,20000.0,20000.0,0.00059642857142855,0.0045805197057594334,0.013380915915915934,0.0162214285714285,0.5,0.5
stable_shots_b100_lb10_k3_eps0p0025,stable_shots,b100_lb10_k3_eps0p0025,100.0,10.0,3.0,0.0025,180,1.0,20000.0,17291.11111111111,20000.0,20000.0,0.0,0.001487295586986625,0.006295681640242615,0.0098217391304347,0.3055555555555556,0.6944444444444444
stable_shots_b100_lb10_k3_eps0p001,stable_shots,b100_lb10_k3_eps0p001,100.0,10.0,3.0,0.001,180,1.0,20000.0,19152.777777777777,20000.0,20000.0,0.0,0.00024399122223162388,0.0020113550638550495,0.0047419354838709,0.11666666666666667,0.8833333333333333
stable_shots_b100_lb10_k5_eps0p005,stable_shots,b100_lb10_k5_eps0p005,100.0,10.0,5.0,0.005,180,1.0,20000.0,15286.666666666666,20000.0,20000.0,0.0,0.004180114210518049,0.012549779411764645,0.0156747663551401,0.48333333333333334,0.5166666666666667
stable_shots_b100_lb10_k5_eps0p0025,stable_shots,b100_lb10_k5_eps0p0025,100.0,10.0,5.0,0.0025,180,1.0,20000.0,17648.88888888889,20000.0,20000.0,0.0,0.0011638705870759501,0.0057931146179401125,0.0079115384615384,0.2722222222222222,0.7277777777777777
stable_shots_b100_lb10_k5_eps0p001,stable_shots,b100_lb10_k5_eps0p001,100.0,10.0,5.0,0.001,180,1.0,20000.0,19295.555555555555,20000.0,20000.0,0.0,0.00019055157901228445,0.0014301503923277862,0.0048124999999999,0.09444444444444444,0.9055555555555556
stable_shots_b100_lb10_k10_eps0p005,stable_shots,b100_lb10_k10_eps0p005,100.0,10.0,10.0,0.005,180,1.0,20000.0,15795.0,20000.0,20000.0,0.0,0.0034902992504067215,0.011567183664832788,0.0149714285714285,0.4444444444444444,0.5555555555555556
stable_shots_b100_lb10_k10_eps0p0025,stable_shots,b100_lb10_k10_eps0p0025,100.0,10.0,10.0,0.0025,180,1.0,20000.0,18199.444444444445,20000.0,20000.0,0.0,0.0008036401063031905,0.004023726708074559,0.0063636986301369,0.25,0.75
stable_shots_b100_lb10_k10_eps0p001,stable_shots,b100_lb10_k10_eps0p001,100.0,10.0,10.0,0.001,180,1.0,20000.0,19505.555555555555,20000.0,20000.0,0.0,0.00011506547602693611,0.001089972826086954,0.0032119469026548,0.07222222222222222,0.9277777777777778
stable_shots_b250_lb1_k1_eps0p005,stable_shots,b250_lb1_k1_eps0p005,250.0,1.0,1.0,0.005,180,1.0,8875.0,11252.777777777777,20000.0,20000.0,0.01465227272727265,0.013433784653640727,0.031116894409937843,0.0382833333333333,0.6777777777777778,0.32222222222222224
stable_shots_b250_lb1_k1_eps0p0025,stable_shots,b250_lb1_k1_eps0p0025,250.0,1.0,1.0,0.0025,180,1.0,17500.0,14070.833333333334,20000.0,20000.0,0.0051369047619047,0.006353705681010674,0.01738296511627906,0.0218620689655172,0.55,0.45
stable_shots_b250_lb1_k1_eps0p001,stable_shots,b250_lb1_k1_eps0p001,250.0,1.0,1.0,0.001,180,1.0,20000.0,17250.0,20000.0,20000.0,0.0,0.0015966651197500661,0.0068990606060605544,0.0097088235294117,0.32222222222222224,0.6777777777777778
stable_shots_b250_lb1_k2_eps0p005,stable_shots,b250_lb1_k2_eps0p005,250.0,1.0,2.0,0.005,180,1.0,9625.0,11748.611111111111,20000.0,20000.0,0.0108516666666666,0.01151613086891827,0.02870384615384615,0.0356055555555555,0.6444444444444445,0.35555555555555557
stable_shots_b250_lb1_k2_eps0p0025,stable_shots,b250_lb1_k2_eps0p0025,250.0,1.0,2.0,0.0025,180,1.0,18750.0,14670.833333333334,20000.0,20000.0,0.0036664141414141,0.005263266831641792,0.014831325757575753,0.018611111111111,0.5222222222222223,0.4777777777777778
stable_shots_b250_lb1_k2_eps0p001,stable_shots,b250_lb1_k2_eps0p001,250.0,1.0,2.0,0.001,180,1.0,20000.0,17987.5,20000.0,20000.0,0.0,0.0009561249014454882,0.0044913675213675295,0.0080490196078431,0.25555555555555554,0.7444444444444445
stable_shots_b250_lb1_k3_eps0p005,stable_shots,b250_lb1_k3_eps0p005,250.0,1.0,3.0,0.005,180,1.0,10250.0,12102.777777777777,20000.0,20000.0,0.0099782608695652,0.010577777539593946,0.027548256528417785,0.0340499999999999,0.6277777777777778,0.37222222222222223
stable_shots_b250_lb1_k3_eps0p0025,stable_shots,b250_lb1_k3_eps0p0025,250.0,1.0,3.0,0.0025,180,1.0,19375.0,15073.611111111111,20000.0,20000.0,0.00123684210526315,0.00470531827745802,0.013613851351351297,0.0170928571428571,0.5055555555555555,0.49444444444444446
stable_shots_b250_lb1_k3_eps0p001,stable_shots,b250_lb1_k3_eps0p001,250.0,1.0,3.0,0.001,180,1.0,20000.0,18304.166666666668,20000.0,20000.0,0.0,0.0007042188072253239,0.004061709401709347,0.0079115384615384,0.2111111111111111,0.7888888888888889
stable_shots_b250_lb1_k5_eps0p005,stable_shots,b250_lb1_k5_eps0p005,250.0,1.0,5.0,0.005,180,1.0,11000.0,12490.277777777777,20000.0,20000.0,0.00869281609195395,0.009807204385262563,0.025949935064935037,0.0330833333333333,0.6,0.4
stable_shots_b250_lb1_k5_eps0p0025,stable_shots,b250_lb1_k5_eps0p0025,250.0,1.0,5.0,0.0025,180,1.0,20000.0,15640.277777777777,20000.0,20000.0,0.0,0.0037907786814919725,0.012326193633952239,0.0164862068965517,0.4888888888888889,0.5111111111111111
stable_shots_b250_lb1_k5_eps0p001,stable_shots,b250_lb1_k5_eps0p001,250.0,1.0,5.0,0.001,180,1.0,20000.0,18601.38888888889,20000.0,20000.0,0.0,0.0005409486561821122,0.0034964634146341126,0.0063055555555555,0.19444444444444445,0.8055555555555556
stable_shots_b250_lb1_k10_eps0p005,stable_shots,b250_lb1_k10_eps0p005,250.0,1.0,10.0,0.005,180,1.0,12250.0,13341.666666666666,20000.0,20000.0,0.00698076923076915,0.008219570582071976,0.023044540816326415,0.0282349056603773,0.5888888888888889,0.4111111111111111
stable_shots_b250_lb1_k10_eps0p0025,stable_shots,b250_lb1_k10_eps0p0025,250.0,1.0,10.0,0.0025,180,1.0,20000.0,16479.166666666668,20000.0,20000.0,0.0,0.0028885677723325853,0.009855126050420136,0.0131363636363636,0.4444444444444444,0.5555555555555556
stable_shots_b250_lb1_k10_eps0p001,stable_shots,b250_lb1_k10_eps0p001,250.0,1.0,10.0,0.001,180,1.0,20000.0,18954.166666666668,20000.0,20000.0,0.0,0.0003503440188987045,0.0029415340909089934,0.0056521739130434,0.13333333333333333,0.8666666666666667
stable_shots_b250_lb2_k1_eps0p005,stable_shots,b250_lb2_k1_eps0p005,250.0,2.0,1.0,0.005,180,1.0,12875.0,12841.666666666666,20000.0,20000.0,0.008424999999999998,0.00870724593760751,0.021134743589743554,0.0243147058823529,0.5777777777777777,0.4222222222222222
stable_shots_b250_lb2_k1_eps0p0025,stable_shots,b250_lb2_k1_eps0p0025,250.0,2.0,1.0,0.0025,180,1.0,20000.0,15694.444444444445,20000.0,20000.0,0.0,0.003304391223131299,0.011262655728587218,0.0153785714285714,0.4111111111111111,0.5888888888888889
stable_shots_b250_lb2_k1_eps0p001,stable_shots,b250_lb2_k1_eps0p001,250.0,2.0,1.0,0.001,180,1.0,20000.0,18190.277777777777,20000.0,20000.0,0.0,0.0007392111412651039,0.004338126118067942,0.0079115384615384,0.20555555555555555,0.7944444444444444
stable_shots_b250_lb2_k2_eps0p005,stable_shots,b250_lb2_k2_eps0p005,250.0,2.0,2.0,0.005,180,1.0,14125.0,13344.444444444445,20000.0,20000.0,0.00730909090909085,0.007599652208393612,0.01925348484848485,0.0232428571428571,0.5611111111111111,0.4388888888888889
stable_shots_b250_lb2_k2_eps0p0025,stable_shots,b250_lb2_k2_eps0p0025,250.0,2.0,2.0,0.0025,180,1.0,20000.0,16269.444444444445,20000.0,20000.0,0.0,0.002570210486034438,0.009626114081996363,0.0115329268292682,0.37777777777777777,0.6222222222222222
stable_shots_b250_lb2_k2_eps0p001,stable_shots,b250_lb2_k2_eps0p001,250.0,2.0,2.0,0.001,180,1.0,20000.0,18641.666666666668,20000.0,20000.0,0.0,0.0004871304409506967,0.003224743755383266,0.0063055555555555,0.17222222222222222,0.8277777777777777
stable_shots_b250_lb2_k3_eps0p005,stable_shots,b250_lb2_k3_eps0p005,250.0,2.0,3.0,0.005,180,1.0,14750.0,13644.444444444445,20000.0,20000.0,0.006565909090909049,0.007147826047732968,0.017422470588235248,0.0228499999999999,0.5611111111111111,0.4388888888888889
stable_shots_b250_lb2_k3_eps0p0025,stable_shots,b250_lb2_k3_eps0p0025,250.0,2.0,3.0,0.0025,180,1.0,20000.0,16580.555555555555,20000.0,20000.0,0.0,0.0023141533332294356,0.008171684418746107,0.0109783018867924,0.36666666666666664,0.6333333333333333
stable_shots_b250_lb2_k3_eps0p001,stable_shots,b250_lb2_k3_eps0p001,250.0,2.0,3.0,0.001,180,1.0,20000.0,18847.222222222223,20000.0,20000.0,0.0,0.00036170187073939777,0.0025505555555554596,0.0061184210526315,0.14444444444444443,0.8555555555555555
stable_shots_b250_lb2_k5_eps0p005,stable_shots,b250_lb2_k5_eps0p005,250.0,2.0,5.0,0.005,180,1.0,15500.0,14141.666666666666,20000.0,20000.0,0.0058264705882352,0.006424554245655507,0.016526249999999906,0.0192479591836734,0.5611111111111111,0.4388888888888889
stable_shots_b250_lb2_k5_eps0p0025,stable_shots,b250_lb2_k5_eps0p0025,250.0,2.0,5.0,0.0025,180,1.0,20000.0,17079.166666666668,20000.0,20000.0,0.0,0.0019177122249236357,0.006915875576036828,0.0099818181818181,0.35555555555555557,0.6444444444444445
stable_shots_b250_lb2_k5_eps0p001,stable_shots,b250_lb2_k5_eps0p001,250.0,2.0,5.0,0.001,180,1.0,20000.0,19184.722222222223,20000.0,20000.0,0.0,0.00021184499995467447,0.0019696320754716244,0.0042071428571428,0.1,0.9
stable_shots_b250_lb2_k10_eps0p005,stable_shots,b250_lb2_k10_eps0p005,250.0,2.0,10.0,0.005,180,1.0,17250.0,15019.444444444445,20000.0,20000.0,0.0041451298701298,0.005192424655486234,0.013924221267454314,0.0174555555555555,0.5444444444444444,0.45555555555555555
stable_shots_b250_lb2_k10_eps0p0025,stable_shots,b250_lb2_k10_eps0p0025,250.0,2.0,10.0,0.0025,180,1.0,20000.0,17768.055555555555,20000.0,20000.0,0.0,0.0012982431663659194,0.0053125353773583895,0.0081867346938775,0.32222222222222224,0.6777777777777778
stable_shots_b250_lb2_k10_eps0p001,stable_shots,b250_lb2_k10_eps0p001,250.0,2.0,10.0,0.001,180,1.0,20000.0,19483.333333333332,20000.0,20000.0,0.0,0.00012832259078092166,0.0012785714285714,0.0034428571428571,0.08333333333333333,0.9166666666666666
stable_shots_b250_lb3_k1_eps0p005,stable_shots,b250_lb3_k1_eps0p005,250.0,3.0,1.0,0.005,180,1.0,15625.0,13816.666666666666,20000.0,20000.0,0.00535454545454545,0.006652597045486793,0.01717198717948712,0.021624193548387,0.5444444444444444,0.45555555555555555
stable_shots_b250_lb3_k1_eps0p0025,stable_shots,b250_lb3_k1_eps0p0025,250.0,3.0,1.0,0.0025,180,1.0,20000.0,16418.055555555555,20000.0,20000.0,0.0,0.002417320828153403,0.009165651904997454,0.0138941176470588,0.35555555555555557,0.6444444444444445
stable_shots_b250_lb3_k1_eps0p001,stable_shots,b250_lb3_k1_eps0p001,250.0,3.0,1.0,0.001,180,1.0,20000.0,18756.944444444445,20000.0,20000.0,0.0,0.00039274980415160947,0.0027881060606060382,0.0063055555555555,0.15555555555555556,0.8444444444444444
stable_shots_b250_lb3_k2_eps0p005,stable_shots,b250_lb3_k2_eps0p005,250.0,3.0,2.0,0.005,180,1.0,17625.0,14361.111111111111,20000.0,20000.0,0.0048805555555555,0.0057870156887959165,0.015581293103448223,0.0191444444444444,0.5333333333333333,0.4666666666666667
stable_shots_b250_lb3_k2_eps0p0025,stable_shots,b250_lb3_k2_eps0p0025,250.0,3.0,2.0,0.0025,180,1.0,20000.0,16913.88888888889,20000.0,20000.0,0.0,0.001860273696408086,0.007157598039215622,0.0098411764705882,0.3277777777777778,0.6722222222222223
stable_shots_b250_lb3_k2_eps0p001,stable_shots,b250_lb3_k2_eps0p001,250.0,3.0,2.0,0.001,180,1.0,20000.0,19034.722222222223,20000.0,20000.0,0.0,0.0003076045642370589,0.002348412646675358,0.0056666666666666,0.13333333333333333,0.8666666666666667
stable_shots_b250_lb3_k3_eps0p005,stable_shots,b250_lb3_k3_eps0p005,250.0,3.0,3.0,0.005,180,1.0,18375.0,14726.388888888889,20000.0,20000.0,0.0043972972972973,0.005221322335855375,0.014073285024154563,0.0190864864864864,0.5333333333333333,0.4666666666666667
stable_shots_b250_lb3_k3_eps0p0025,stable_shots,b250_lb3_k3_eps0p0025,250.0,3.0,3.0,0.0025,180,1.0,20000.0,17183.333333333332,20000.0,20000.0,0.0,0.0016562291178093707,0.006979380341880272,0.0095214285714285,0.32222222222222224,0.6777777777777778
stable_shots_b250_lb3_k3_eps0p001,stable_shots,b250_lb3_k3_eps0p001,250.0,3.0,3.0,0.001,180,1.0,20000.0,19172.222222222223,20000.0,20000.0,0.0,0.00022118209983933943,0.001878771093176699,0.0047199999999999,0.10555555555555556,0.8944444444444445
stable_shots_b250_lb3_k5_eps0p005,stable_shots,b250_lb3_k5_eps0p005,250.0,3.0,5.0,0.005,180,1.0,19500.0,15254.166666666666,20000.0,20000.0,0.0024199367088607,0.004483902303862594,0.013454209292412594,0.0147189189189189,0.5166666666666667,0.48333333333333334
stable_shots_b250_lb3_k5_eps0p0025,stable_shots,b250_lb3_k5_eps0p0025,250.0,3.0,5.0,0.0025,180,1.0,20000.0,17688.88888888889,20000.0,20000.0,0.0,0.0012538043596071133,0.005871056365786241,0.0090499999999999,0.29444444444444445,0.7055555555555556
stable_shots_b250_lb3_k5_eps0p001,stable_shots,b250_lb3_k5_eps0p001,250.0,3.0,5.0,0.001,180,1.0,20000.0,19375.0,20000.0,20000.0,0.0,0.0001626587253923989,0.0011956677018633635,0.0057037037037036,0.08333333333333333,0.9166666666666666
stable_shots_b250_lb3_k10_eps0p005,stable_shots,b250_lb3_k10_eps0p005,250.0,3.0,10.0,0.005,180,1.0,20000.0,16159.722222222223,20000.0,20000.0,0.0,0.0032373429234211315,0.009905086397873193,0.0135214285714285,0.4722222222222222,0.5277777777777778
stable_shots_b250_lb3_k10_eps0p0025,stable_shots,b250_lb3_k10_eps0p0025,250.0,3.0,10.0,0.0025,180,1.0,20000.0,18340.277777777777,20000.0,20000.0,0.0,0.0008119854022463694,0.0043819769119768795,0.0068849056603773,0.2611111111111111,0.7388888888888889
stable_shots_b250_lb3_k10_eps0p001,stable_shots,b250_lb3_k10_eps0p001,250.0,3.0,10.0,0.001,180,1.0,20000.0,19613.88888888889,20000.0,20000.0,0.0,8.932095983498667e-05,0.0009539200641318814,0.0019464912280702,0.07222222222222222,0.9277777777777778
stable_shots_b250_lb5_k1_eps0p005,stable_shots,b250_lb5_k1_eps0p005,250.0,5.0,1.0,0.005,180,1.0,20000.0,15200.0,20000.0,20000.0,0.0,0.004199090034835844,0.013889722222222182,0.0157333333333333,0.4722222222222222,0.5277777777777778
stable_shots_b250_lb5_k1_eps0p0025,stable_shots,b250_lb5_k1_eps0p0025,250.0,5.0,1.0,0.0025,180,1.0,20000.0,17359.722222222223,20000.0,20000.0,0.0,0.001447275230023328,0.006598916549789532,0.0152871794871794,0.28888888888888886,0.7111111111111111
stable_shots_b250_lb5_k1_eps0p001,stable_shots,b250_lb5_k1_eps0p001,250.0,5.0,1.0,0.001,180,1.0,20000.0,19097.222222222223,20000.0,20000.0,0.0,0.00025556512306027776,0.002023137254901917,0.0053499999999999,0.1111111111111111,0.8888888888888888
stable_shots_b250_lb5_k2_eps0p005,stable_shots,b250_lb5_k2_eps0p005,250.0,5.0,2.0,0.005,180,1.0,20000.0,15606.944444444445,20000.0,20000.0,0.0,0.0036386256470211146,0.012356748366012997,0.0151071428571428,0.45555555555555555,0.5444444444444444
stable_shots_b250_lb5_k2_eps0p0025,stable_shots,b250_lb5_k2_eps0p0025,250.0,5.0,2.0,0.0025,180,1.0,20000.0,17815.277777777777,20000.0,20000.0,0.0,0.001072863436058989,0.005764829931972769,0.0085517543859649,0.26666666666666666,0.7333333333333333
stable_shots_b250_lb5_k2_eps0p001,stable_shots,b250_lb5_k2_eps0p001,250.0,5.0,2.0,0.001,180,1.0,20000.0,19290.277777777777,20000.0,20000.0,0.0,0.00020080737568409332,0.0013962781036167434,0.0056521739130434,0.09444444444444444,0.9055555555555556
stable_shots_b250_lb5_k3_eps0p005,stable_shots,b250_lb5_k3_eps0p005,250.0,5.0,3.0,0.005,180,1.0,20000.0,15898.611111111111,20000.0,20000.0,0.0,0.0032309868580251916,0.010938739837398338,0.0147473684210526,0.4222222222222222,0.5777777777777777
stable_shots_b250_lb5_k3_eps0p0025,stable_shots,b250_lb5_k3_eps0p0025,250.0,5.0,3.0,0.0025,180,1.0,20000.0,18111.11111111111,20000.0,20000.0,0.0,0.0008621723458986945,0.0045055907278164645,0.0071363636363636,0.24444444444444444,0.7555555555555555
stable_shots_b250_lb5_k3_eps0p001,stable_shots,b250_lb5_k3_eps0p001,250.0,5.0,3.0,0.001,180,1.0,20000.0,19390.277777777777,20000.0,20000.0,0.0,0.00016297245176773333,0.0011156298904537766,0.0058571428571428,0.07777777777777778,0.9222222222222223
stable_shots_b250_lb5_k5_eps0p005,stable_shots,b250_lb5_k5_eps0p005,250.0,5.0,5.0,0.005,180,1.0,20000.0,16415.277777777777,20000.0,20000.0,0.0,0.002648376361174388,0.00908072681704258,0.0150999999999999,0.4111111111111111,0.5888888888888889
stable_shots_b250_lb5_k5_eps0p0025,stable_shots,b250_lb5_k5_eps0p0025,250.0,5.0,5.0,0.0025,180,1.0,20000.0,18406.944444444445,20000.0,20000.0,0.0,0.0006547966228413273,0.003696001029336052,0.005047619047619,0.22777777777777777,0.7722222222222223
stable_shots_b250_lb5_k5_eps0p001,stable_shots,b250_lb5_k5_eps0p001,250.0,5.0,5.0,0.001,180,1.0,20000.0,19608.333333333332,20000.0,20000.0,0.0,9.856379224730721e-05,0.0008023287671231891,0.0048222222222222,0.07222222222222222,0.9277777777777778
stable_shots_b250_lb5_k10_eps0p005,stable_shots,b250_lb5_k10_eps0p005,250.0,5.0,10.0,0.005,180,1.0,20000.0,17116.666666666668,20000.0,20000.0,0.0,0.001879694226148775,0.007202795055821277,0.0097619047619047,0.36666666666666664,0.6333333333333333
stable_shots_b250_lb5_k10_eps0p0025,stable_shots,b250_lb5_k10_eps0p0025,250.0,5.0,10.0,0.0025,180,1.0,20000.0,18813.88888888889,20000.0,20000.0,0.0,0.0004848392261975994,0.00331696969696963,0.0052307692307692,0.17222222222222222,0.8277777777777777
stable_shots_b250_lb5_k10_eps0p001,stable_shots,b250_lb5_k10_eps0p001,250.0,5.0,10.0,0.001,180,1.0,20000.0,19787.5,20000.0,20000.0,0.0,4.2565020833507774e-05,0.0,0.0018584745762712,0.044444444444444446,0.9555555555555556
stable_shots_b250_lb10_k1_eps0p005,stable_shots,b250_lb10_k1_eps0p005,250.0,10.0,1.0,0.005,180,1.0,20000.0,16911.11111111111,20000.0,20000.0,0.0,0.0018751969589280877,0.00729366883116879,0.0110132653061224,0.3333333333333333,0.6666666666666666
stable_shots_b250_lb10_k1_eps0p0025,stable_shots,b250_lb10_k1_eps0p0025,250.0,10.0,1.0,0.0025,180,1.0,20000.0,18411.11111111111,20000.0,20000.0,0.0,0.0006402075853303866,0.0037930193236714147,0.0063055555555555,0.18888888888888888,0.8111111111111111
stable_shots_b250_lb10_k1_eps0p001,stable_shots,b250_lb10_k1_eps0p001,250.0,10.0,1.0,0.001,180,1.0,20000.0,19555.555555555555,20000.0,20000.0,0.0,0.00011388722367535667,0.000743636363636376,0.0048307692307692,0.07222222222222222,0.9277777777777778
stable_shots_b250_lb10_k2_eps0p005,stable_shots,b250_lb10_k2_eps0p005,250.0,10.0,2.0,0.005,180,1.0,20000.0,17136.11111111111,20000.0,20000.0,0.0,0.0016725601274303497,0.006790416666666595,0.0098611111111111,0.32222222222222224,0.6777777777777778
stable_shots_b250_lb10_k2_eps0p0025,stable_shots,b250_lb10_k2_eps0p0025,250.0,10.0,2.0,0.0025,180,1.0,20000.0,18619.444444444445,20000.0,20000.0,0.0,0.0005141334112201749,0.0035694882790165633,0.0061184210526315,0.17222222222222222,0.8277777777777777
stable_shots_b250_lb10_k2_eps0p001,stable_shots,b250_lb10_k2_eps0p001,250.0,10.0,2.0,0.001,180,1.0,20000.0,19626.38888888889,20000.0,20000.0,0.0,8.527990699557944e-05,0.00045410256410246364,0.004,0.05555555555555555,0.9444444444444444
stable_shots_b250_lb10_k3_eps0p005,stable_shots,b250_lb10_k3_eps0p005,250.0,10.0,3.0,0.005,180,1.0,20000.0,17309.722222222223,20000.0,20000.0,0.0,0.0014776130067251185,0.00636045682102622,0.0099662162162162,0.3111111111111111,0.6888888888888889
stable_shots_b250_lb10_k3_eps0p0025,stable_shots,b250_lb10_k3_eps0p0025,250.0,10.0,3.0,0.0025,180,1.0,20000.0,18829.166666666668,20000.0,20000.0,0.0,0.00042652027718738275,0.0029416039707418763,0.0056666666666666,0.17222222222222222,0.8277777777777777
stable_shots_b250_lb10_k3_eps0p001,stable_shots,b250_lb10_k3_eps0p001,250.0,10.0,3.0,0.001,180,1.0,20000.0,19720.833333333332,20000.0,20000.0,0.0,5.1817748987319996e-05,0.00046192604473723376,0.0020396551724138,0.05555555555555555,0.9444444444444444
stable_shots_b250_lb10_k5_eps0p005,stable_shots,b250_lb10_k5_eps0p005,250.0,10.0,5.0,0.005,180,1.0,20000.0,17612.5,20000.0,20000.0,0.0,0.0012500828817692744,0.005833571428571395,0.0080299999999999,0.3055555555555556,0.6944444444444444
stable_shots_b250_lb10_k5_eps0p0025,stable_shots,b250_lb10_k5_eps0p0025,250.0,10.0,5.0,0.0025,180,1.0,20000.0,19022.222222222223,20000.0,20000.0,0.0,0.0003321121669626922,0.0027207692307692597,0.0052307692307692,0.1388888888888889,0.8611111111111112
stable_shots_b250_lb10_k5_eps0p001,stable_shots,b250_lb10_k5_eps0p001,250.0,10.0,5.0,0.001,180,1.0,20000.0,19791.666666666668,20000.0,20000.0,0.0,3.089865175203389e-05,0.0,0.00175,0.03888888888888889,0.9611111111111111
stable_shots_b250_lb10_k10_eps0p005,stable_shots,b250_lb10_k10_eps0p005,250.0,10.0,10.0,0.005,180,1.0,20000.0,18183.333333333332,20000.0,20000.0,0.0,0.0008969057858906162,0.004557558670143385,0.0061889830508474,0.2722222222222222,0.7277777777777777
stable_shots_b250_lb10_k10_eps0p0025,stable_shots,b250_lb10_k10_eps0p0025,250.0,10.0,10.0,0.0025,180,1.0,20000.0,19341.666666666668,20000.0,20000.0,0.0,0.00017554468461117556,0.0013441666666666261,0.0045806451612903,0.1,0.9
stable_shots_b250_lb10_k10_eps0p001,stable_shots,b250_lb10_k10_eps0p001,250.0,10.0,10.0,0.001,180,1.0,20000.0,19937.5,20000.0,20000.0,0.0,1.165343915343889e-05,0.0,0.0012,0.022222222222222223,0.9777777777777777
stable_shots_b500_lb1_k1_eps0p005,stable_shots,b500_lb1_k1_eps0p005,500.0,1.0,1.0,0.005,180,1.0,13250.0,13072.222222222223,20000.0,20000.0,0.0074749999999999504,0.008171867574020476,0.020462826086956428,0.0243147058823529,0.5722222222222222,0.42777777777777776
stable_shots_b500_lb1_k1_eps0p0025,stable_shots,b500_lb1_k1_eps0p0025,500.0,1.0,1.0,0.0025,180,1.0,20000.0,15919.444444444445,20000.0,20000.0,0.0,0.0030072977036531808,0.010602894736842105,0.0153785714285714,0.40555555555555556,0.5944444444444444
stable_shots_b500_lb1_k1_eps0p001,stable_shots,b500_lb1_k1_eps0p001,500.0,1.0,1.0,0.001,180,1.0,20000.0,18327.777777777777,20000.0,20000.0,0.0,0.0006673527752923095,0.004031388888888909,0.0079115384615384,0.19444444444444445,0.8055555555555556
stable_shots_b500_lb1_k2_eps0p005,stable_shots,b500_lb1_k2_eps0p005,500.0,1.0,2.0,0.005,180,1.0,15000.0,13711.111111111111,20000.0,20000.0,0.00616071428571425,0.006923188944272596,0.017750590062111733,0.0228499999999999,0.5666666666666667,0.43333333333333335
stable_shots_b500_lb1_k2_eps0p0025,stable_shots,b500_lb1_k2_eps0p0025,500.0,1.0,2.0,0.0025,180,1.0,20000.0,16625.0,20000.0,20000.0,0.0,0.0022524110326577634,0.008006209677419308,0.0103799999999999,0.36666666666666664,0.6333333333333333
stable_shots_b500_lb1_k2_eps0p001,stable_shots,b500_lb1_k2_eps0p001,500.0,1.0,2.0,0.001,180,1.0,20000.0,18936.11111111111,20000.0,20000.0,0.0,0.00034449886483085726,0.002712939560439502,0.0053499999999999,0.1388888888888889,0.8611111111111112
stable_shots_b500_lb1_k3_eps0p005,stable_shots,b500_lb1_k3_eps0p005,500.0,1.0,3.0,0.005,180,1.0,15500.0,14116.666666666666,20000.0,20000.0,0.0056098901098900495,0.006397454855720255,0.016187749999999893,0.0203261904761904,0.5611111111111111,0.4388888888888889
stable_shots_b500_lb1_k3_eps0p0025,stable_shots,b500_lb1_k3_eps0p0025,500.0,1.0,3.0,0.0025,180,1.0,20000.0,17019.444444444445,20000.0,20000.0,0.0,0.0019727869231734255,0.007386111111111074,0.0110523809523809,0.35,0.65
stable_shots_b500_lb1_k3_eps0p001,stable_shots,b500_lb1_k3_eps0p001,500.0,1.0,3.0,0.001,180,1.0,20000.0,19125.0,20000.0,20000.0,0.0,0.00025553035901719777,0.002409478021977964,0.0050954545454545,0.11666666666666667,0.8833333333333333
stable_shots_b500_lb1_k5_eps0p005,stable_shots,b500_lb1_k5_eps0p005,500.0,1.0,5.0,0.005,180,1.0,17000.0,14808.333333333334,20000.0,20000.0,0.0046722222222222,0.005468476645146693,0.014237318840579672,0.0178565217391304,0.5444444444444444,0.45555555555555555
stable_shots_b500_lb1_k5_eps0p0025,stable_shots,b500_lb1_k5_eps0p0025,500.0,1.0,5.0,0.0025,180,1.0,20000.0,17544.444444444445,20000.0,20000.0,0.0,0.0014675845697113567,0.005675833333333262,0.0098217391304347,0.3333333333333333,0.6666666666666666
stable_shots_b500_lb1_k5_eps0p001,stable_shots,b500_lb1_k5_eps0p001,500.0,1.0,5.0,0.001,180,1.0,20000.0,19305.555555555555,20000.0,20000.0,0.0,0.00019221783596783224,0.0015940476190475286,0.0052307692307692,0.08888888888888889,0.9111111111111111
stable_shots_b500_lb1_k10_eps0p005,stable_shots,b500_lb1_k10_eps0p005,500.0,1.0,10.0,0.005,180,1.0,19500.0,16177.777777777777,20000.0,20000.0,0.00166309523809515,0.003631375168570854,0.010677678571428473,0.0138,0.5111111111111111,0.4888888888888889
stable_shots_b500_lb1_k10_eps0p0025,stable_shots,b500_lb1_k10_eps0p0025,500.0,1.0,10.0,0.0025,180,1.0,20000.0,18422.222222222223,20000.0,20000.0,0.0,0.0007879379550214334,0.0042856987577639775,0.0049209677419354,0.26666666666666666,0.7333333333333333
stable_shots_b500_lb1_k10_eps0p001,stable_shots,b500_lb1_k10_eps0p001,500.0,1.0,10.0,0.001,180,1.0,20000.0,19675.0,20000.0,20000.0,0.0,8.931847524553778e-05,0.0005281249999999217,0.0048222222222222,0.06111111111111111,0.9388888888888889
stable_shots_b500_lb2_k1_eps0p005,stable_shots,b500_lb2_k1_eps0p005,500.0,2.0,1.0,0.005,180,1.0,20000.0,14863.888888888889,20000.0,20000.0,0.0,0.004786489555231458,0.013886666666666634,0.018611111111111,0.5222222222222223,0.4777777777777778
stable_shots_b500_lb2_k1_eps0p0025,stable_shots,b500_lb2_k1_eps0p0025,500.0,2.0,1.0,0.0025,180,1.0,20000.0,17122.222222222223,20000.0,20000.0,0.0,0.0015856846241405795,0.006779523809523738,0.0124307692307692,0.3055555555555556,0.6944444444444444
stable_shots_b500_lb2_k1_eps0p001,stable_shots,b500_lb2_k1_eps0p001,500.0,2.0,1.0,0.001,180,1.0,20000.0,19100.0,20000.0,20000.0,0.0,0.00029154694592129556,0.0022578571428570424,0.0056666666666666,0.12222222222222222,0.8777777777777778
stable_shots_b500_lb2_k2_eps0p005,stable_shots,b500_lb2_k2_eps0p005,500.0,2.0,2.0,0.005,180,1.0,20000.0,15438.888888888889,20000.0,20000.0,0.0,0.003968008917039291,0.012069038461538454,0.0180657894736841,0.4888888888888889,0.5111111111111111
stable_shots_b500_lb2_k2_eps0p0025,stable_shots,b500_lb2_k2_eps0p0025,500.0,2.0,2.0,0.0025,180,1.0,20000.0,17702.777777777777,20000.0,20000.0,0.0,0.0011830521554997827,0.005709166666666598,0.0090499999999999,0.2833333333333333,0.7166666666666667
stable_shots_b500_lb2_k2_eps0p001,stable_shots,b500_lb2_k2_eps0p001,500.0,2.0,2.0,0.001,180,1.0,20000.0,19358.333333333332,20000.0,20000.0,0.0,0.00016904260694708555,0.0011165898617510222,0.0052307692307692,0.09444444444444444,0.9055555555555556
stable_shots_b500_lb2_k3_eps0p005,stable_shots,b500_lb2_k3_eps0p005,500.0,2.0,3.0,0.005,180,1.0,20000.0,15950.0,20000.0,20000.0,0.0,0.003276811759065902,0.01104472222222218,0.0147473684210526,0.4444444444444444,0.5555555555555556
stable_shots_b500_lb2_k3_eps0p0025,stable_shots,b500_lb2_k3_eps0p0025,500.0,2.0,3.0,0.0025,180,1.0,20000.0,18175.0,20000.0,20000.0,0.0,0.0008614178882127762,0.004649999999999905,0.00612,0.25555555555555554,0.7444444444444445
stable_shots_b500_lb2_k3_eps0p001,stable_shots,b500_lb2_k3_eps0p001,500.0,2.0,3.0,0.001,180,1.0,20000.0,19527.777777777777,20000.0,20000.0,0.0,0.00011547577844025778,0.001016833333333265,0.0058571428571428,0.08333333333333333,0.9166666666666666
stable_shots_b500_lb2_k5_eps0p005,stable_shots,b500_lb2_k5_eps0p005,500.0,2.0,5.0,0.005,180,1.0,20000.0,16563.88888888889,20000.0,20000.0,0.0,0.002648778902350618,0.008865912698412684,0.0122999999999999,0.4111111111111111,0.5888888888888889
stable_shots_b500_lb2_k5_eps0p0025,stable_shots,b500_lb2_k5_eps0p0025,500.0,2.0,5.0,0.0025,180,1.0,20000.0,18544.444444444445,20000.0,20000.0,0.0,0.0006360056025175078,0.00356711711711705,0.0056666666666666,0.21666666666666667,0.7833333333333333
stable_shots_b500_lb2_k5_eps0p001,stable_shots,b500_lb2_k5_eps0p001,500.0,2.0,5.0,0.001,180,1.0,20000.0,19647.222222222223,20000.0,20000.0,0.0,9.680366056660833e-05,0.0006479738562091569,0.0052499999999999,0.07222222222222222,0.9277777777777778
stable_shots_b500_lb2_k10_eps0p005,stable_shots,b500_lb2_k10_eps0p005,500.0,2.0,10.0,0.005,180,1.0,20000.0,17616.666666666668,20000.0,20000.0,0.0,0.00153893277478911,0.00654117892976582,0.0080299999999999,0.35555555555555557,0.6444444444444445
stable_shots_b500_lb2_k10_eps0p0025,stable_shots,b500_lb2_k10_eps0p0025,500.0,2.0,10.0,0.0025,180,1.0,20000.0,19041.666666666668,20000.0,20000.0,0.0,0.0003377605315963422,0.002641029411764648,0.0054294117647058,0.15555555555555556,0.8444444444444444
stable_shots_b500_lb2_k10_eps0p001,stable_shots,b500_lb2_k10_eps0p001,500.0,2.0,10.0,0.001,180,1.0,20000.0,19880.555555555555,20000.0,20000.0,0.0,2.8306917136242774e-05,0.0,0.0015,0.03888888888888889,0.9611111111111111
stable_shots_b500_lb3_k1_eps0p005,stable_shots,b500_lb3_k1_eps0p005,500.0,3.0,1.0,0.005,180,1.0,20000.0,15852.777777777777,20000.0,20000.0,0.0,0.003207232512937267,0.01157617647058818,0.0147473684210526,0.4222222222222222,0.5777777777777777
stable_shots_b500_lb3_k1_eps0p0025,stable_shots,b500_lb3_k1_eps0p0025,500.0,3.0,1.0,0.0025,180,1.0,20000.0,17858.333333333332,20000.0,20000.0,0.0,0.0009856919412449233,0.005422499999999892,0.0074131578947368,0.2611111111111111,0.7388888888888889
stable_shots_b500_lb3_k1_eps0p001,stable_shots,b500_lb3_k1_eps0p001,500.0,3.0,1.0,0.001,180,1.0,20000.0,19261.11111111111,20000.0,20000.0,0.0,0.00020473561966466612,0.001555882352941078,0.0063055555555555,0.09444444444444444,0.9055555555555556
stable_shots_b500_lb3_k2_eps0p005,stable_shots,b500_lb3_k2_eps0p005,500.0,3.0,2.0,0.005,180,1.0,20000.0,16461.11111111111,20000.0,20000.0,0.0,0.002444632452369843,0.009103690476190442,0.0150999999999999,0.37777777777777777,0.6222222222222222
stable_shots_b500_lb3_k2_eps0p0025,stable_shots,b500_lb3_k2_eps0p0025,500.0,3.0,2.0,0.0025,180,1.0,20000.0,18347.222222222223,20000.0,20000.0,0.0,0.0006497373778705372,0.003695785440613002,0.0058999999999999,0.22777777777777777,0.7722222222222223
stable_shots_b500_lb3_k2_eps0p001,stable_shots,b500_lb3_k2_eps0p001,500.0,3.0,2.0,0.001,180,1.0,20000.0,19530.555555555555,20000.0,20000.0,0.0,9.949323204438443e-05,0.001020029411764705,0.003835294117647,0.07777777777777778,0.9222222222222223
stable_shots_b500_lb3_k3_eps0p005,stable_shots,b500_lb3_k3_eps0p005,500.0,3.0,3.0,0.005,180,1.0,20000.0,16750.0,20000.0,20000.0,0.0,0.0020987646867507673,0.007302348484848438,0.0120238095238095,0.36666666666666664,0.6333333333333333
stable_shots_b500_lb3_k3_eps0p0025,stable_shots,b500_lb3_k3_eps0p0025,500.0,3.0,3.0,0.0025,180,1.0,20000.0,18577.777777777777,20000.0,20000.0,0.0,0.000564818175472209,0.0036064215686273746,0.0062499999999999,0.19444444444444445,0.8055555555555556
stable_shots_b500_lb3_k3_eps0p001,stable_shots,b500_lb3_k3_eps0p001,500.0,3.0,3.0,0.001,180,1.0,20000.0,19663.88888888889,20000.0,20000.0,0.0,7.851559937215055e-05,0.0008083333333333249,0.0048222222222222,0.06666666666666667,0.9333333333333333
stable_shots_b500_lb3_k5_eps0p005,stable_shots,b500_lb3_k5_eps0p005,500.0,3.0,5.0,0.005,180,1.0,20000.0,17241.666666666668,20000.0,20000.0,0.0,0.001715521027329553,0.007062857142857041,0.0110523809523809,0.3388888888888889,0.6611111111111111
stable_shots_b500_lb3_k5_eps0p0025,stable_shots,b500_lb3_k5_eps0p0025,500.0,3.0,5.0,0.0025,180,1.0,20000.0,18863.88888888889,20000.0,20000.0,0.0,0.0004249247892444466,0.0028065517241378326,0.0053499999999999,0.17222222222222222,0.8277777777777777
stable_shots_b500_lb3_k5_eps0p001,stable_shots,b500_lb3_k5_eps0p001,500.0,3.0,5.0,0.001,180,1.0,20000.0,19772.222222222223,20000.0,20000.0,0.0,4.608349823866888e-05,0.0,0.00175,0.05,0.95
stable_shots_b500_lb3_k10_eps0p005,stable_shots,b500_lb3_k10_eps0p005,500.0,3.0,10.0,0.005,180,1.0,20000.0,18091.666666666668,20000.0,20000.0,0.0,0.0010719024767126095,0.004802499999999999,0.0079115384615384,0.3,0.7
stable_shots_b500_lb3_k10_eps0p0025,stable_shots,b500_lb3_k10_eps0p0025,500.0,3.0,10.0,0.0025,180,1.0,20000.0,19327.777777777777,20000.0,20000.0,0.0,0.00021490114639295612,0.0017605555555555046,0.0048222222222222,0.1111111111111111,0.8888888888888888
stable_shots_b500_lb3_k10_eps0p001,stable_shots,b500_lb3_k10_eps0p001,500.0,3.0,10.0,0.001,180,1.0,20000.0,19938.88888888889,20000.0,20000.0,0.0,8.548690574306667e-06,0.0,0.0006712121212121,0.022222222222222223,0.9777777777777777
stable_shots_b500_lb5_k1_eps0p005,stable_shots,b500_lb5_k1_eps0p005,500.0,5.0,1.0,0.005,180,1.0,20000.0,17033.333333333332,20000.0,20000.0,0.0,0.0017627332154131867,0.007041264822134374,0.0098611111111111,0.3277777777777778,0.6722222222222223
stable_shots_b500_lb5_k1_eps0p0025,stable_shots,b500_lb5_k1_eps0p0025,500.0,5.0,1.0,0.0025,180,1.0,20000.0,18530.555555555555,20000.0,20000.0,0.0,0.0005683816716177222,0.003619780701754319,0.0063055555555555,0.17777777777777778,0.8222222222222222
stable_shots_b500_lb5_k1_eps0p001,stable_shots,b500_lb5_k1_eps0p001,500.0,5.0,1.0,0.001,180,1.0,20000.0,19608.333333333332,20000.0,20000.0,0.0,9.075166633515556e-05,0.0005382865557864729,0.004,0.06111111111111111,0.9388888888888889
stable_shots_b500_lb5_k2_eps0p005,stable_shots,b500_lb5_k2_eps0p005,500.0,5.0,2.0,0.005,180,1.0,20000.0,17380.555555555555,20000.0,20000.0,0.0,0.0014148833629999517,0.0063069082125603295,0.0100684210526315,0.3055555555555556,0.6944444444444444
stable_shots_b500_lb5_k2_eps0p0025,stable_shots,b500_lb5_k2_eps0p0025,500.0,5.0,2.0,0.0025,180,1.0,20000.0,18802.777777777777,20000.0,20000.0,0.0,0.0004468022816531839,0.003420648148148082,0.0056666666666666,0.16666666666666666,0.8333333333333334
stable_shots_b500_lb5_k2_eps0p001,stable_shots,b500_lb5_k2_eps0p001,500.0,5.0,2.0,0.001,180,1.0,20000.0,19741.666666666668,20000.0,20000.0,0.0,4.2703788401288896e-05,0.0,0.0020396551724138,0.05555555555555555,0.9444444444444444
stable_shots_b500_lb5_k3_eps0p005,stable_shots,b500_lb5_k3_eps0p005,500.0,5.0,3.0,0.005,180,1.0,20000.0,17630.555555555555,20000.0,20000.0,0.0,0.0012312244168306244,0.005673333333333268,0.0080299999999999,0.3055555555555556,0.6944444444444444
stable_shots_b500_lb5_k3_eps0p0025,stable_shots,b500_lb5_k3_eps0p0025,500.0,5.0,3.0,0.0025,180,1.0,20000.0,19027.777777777777,20000.0,20000.0,0.0,0.000343365887874825,0.0026661764705881836,0.0052307692307692,0.14444444444444443,0.8555555555555555
stable_shots_b500_lb5_k3_eps0p001,stable_shots,b500_lb5_k3_eps0p001,500.0,5.0,3.0,0.001,180,1.0,20000.0,19811.11111111111,20000.0,20000.0,0.0,3.0026391736916668e-05,0.0,0.00175,0.03888888888888889,0.9611111111111111
stable_shots_b500_lb5_k5_eps0p005,stable_shots,b500_lb5_k5_eps0p005,500.0,5.0,5.0,0.005,180,1.0,20000.0,18080.555555555555,20000.0,20000.0,0.0,0.0009656861121689017,0.004943764367816008,0.0061275862068965,0.2777777777777778,0.7222222222222222
stable_shots_b500_lb5_k5_eps0p0025,stable_shots,b500_lb5_k5_eps0p0025,500.0,5.0,5.0,0.0025,180,1.0,20000.0,19286.11111111111,20000.0,20000.0,0.0,0.00020990708453098167,0.00165860013860013,0.0048,0.11666666666666667,0.8833333333333333
stable_shots_b500_lb5_k5_eps0p001,stable_shots,b500_lb5_k5_eps0p001,500.0,5.0,5.0,0.001,180,1.0,20000.0,19913.88888888889,20000.0,20000.0,0.0,1.8373655913978332e-05,0.0,0.001225,0.027777777777777776,0.9722222222222222
stable_shots_b500_lb5_k10_eps0p005,stable_shots,b500_lb5_k10_eps0p005,500.0,5.0,10.0,0.005,180,1.0,20000.0,18744.444444444445,20000.0,20000.0,0.0,0.0005568734199420078,0.003652367724867678,0.0054294117647058,0.18888888888888888,0.8111111111111111
stable_shots_b500_lb5_k10_eps0p0025,stable_shots,b500_lb5_k10_eps0p0025,500.0,5.0,10.0,0.0025,180,1.0,20000.0,19588.88888888889,20000.0,20000.0,0.0,0.0001092275018730889,0.0010257657200811183,0.0033673913043478,0.07777777777777778,0.9222222222222223
stable_shots_b500_lb5_k10_eps0p001,stable_shots,b500_lb5_k10_eps0p001,500.0,5.0,10.0,0.001,180,1.0,20000.0,19988.88888888889,20000.0,20000.0,0.0,1.5740740740738889e-06,0.0,0.0002833333333333,0.005555555555555556,0.9944444444444445
stable_shots_b500_lb10_k1_eps0p005,stable_shots,b500_lb10_k1_eps0p005,500.0,10.0,1.0,0.005,180,1.0,20000.0,18208.333333333332,20000.0,20000.0,0.0,0.00082018500182258,0.004660773809523798,0.0110523809523809,0.22777777777777777,0.7722222222222223
stable_shots_b500_lb10_k1_eps0p0025,stable_shots,b500_lb10_k1_eps0p0025,500.0,10.0,1.0,0.0025,180,1.0,20000.0,19236.11111111111,20000.0,20000.0,0.0,0.0002402263244650589,0.0019813461538461014,0.0054294117647058,0.11666666666666667,0.8833333333333333
stable_shots_b500_lb10_k1_eps0p001,stable_shots,b500_lb10_k1_eps0p001,500.0,10.0,1.0,0.001,180,1.0,20000.0,19866.666666666668,20000.0,20000.0,0.0,2.208653846153722e-05,0.0,0.0011166666666666,0.027777777777777776,0.9722222222222222
stable_shots_b500_lb10_k2_eps0p005,stable_shots,b500_lb10_k2_eps0p005,500.0,10.0,2.0,0.005,180,1.0,20000.0,18530.555555555555,20000.0,20000.0,0.0,0.0006161464882572151,0.003888692307692302,0.0099818181818181,0.18333333333333332,0.8166666666666667
stable_shots_b500_lb10_k2_eps0p0025,stable_shots,b500_lb10_k2_eps0p0025,500.0,10.0,2.0,0.0025,180,1.0,20000.0,19416.666666666668,20000.0,20000.0,0.0,0.00014836097645362113,0.0013162962962962375,0.004,0.1,0.9
stable_shots_b500_lb10_k2_eps0p001,stable_shots,b500_lb10_k2_eps0p001,500.0,10.0,2.0,0.001,180,1.0,20000.0,19880.555555555555,20000.0,20000.0,0.0,2.0973362890924444e-05,0.0,0.0013951612903225,0.022222222222222223,0.9777777777777777
stable_shots_b500_lb10_k3_eps0p005,stable_shots,b500_lb10_k3_eps0p005,500.0,10.0,3.0,0.005,180,1.0,20000.0,18730.555555555555,20000.0,20000.0,0.0,0.00048009023034086776,0.0031910135135134747,0.00565,0.17777777777777778,0.8222222222222222
stable_shots_b500_lb10_k3_eps0p0025,stable_shots,b500_lb10_k3_eps0p0025,500.0,10.0,3.0,0.0025,180,1.0,20000.0,19530.555555555555,20000.0,20000.0,0.0,0.00011232351424594947,0.0011372245322244993,0.0030181818181818,0.07777777777777778,0.9222222222222223
stable_shots_b500_lb10_k3_eps0p001,stable_shots,b500_lb10_k3_eps0p001,500.0,10.0,3.0,0.001,180,1.0,20000.0,19913.88888888889,20000.0,20000.0,0.0,9.944409862709446e-06,0.0,0.0007462962962962,0.016666666666666666,0.9833333333333333
stable_shots_b500_lb10_k5_eps0p005,stable_shots,b500_lb10_k5_eps0p005,500.0,10.0,5.0,0.005,180,1.0,20000.0,18950.0,20000.0,20000.0,0.0,0.00041930608318662386,0.0029018749999999943,0.0054294117647058,0.16666666666666666,0.8333333333333334
stable_shots_b500_lb10_k5_eps0p0025,stable_shots,b500_lb10_k5_eps0p0025,500.0,10.0,5.0,0.0025,180,1.0,20000.0,19655.555555555555,20000.0,20000.0,0.0,7.923068684853334e-05,0.0004937142857141888,0.0029833333333333,0.07222222222222222,0.9277777777777778
stable_shots_b500_lb10_k5_eps0p001,stable_shots,b500_lb10_k5_eps0p001,500.0,10.0,5.0,0.001,180,1.0,20000.0,19963.88888888889,20000.0,20000.0,0.0,4.396896896896667e-06,0.0,0.0004833333333333,0.011111111111111112,0.9888888888888889
stable_shots_b500_lb10_k10_eps0p005,stable_shots,b500_lb10_k10_eps0p005,500.0,10.0,10.0,0.005,180,1.0,20000.0,19330.555555555555,20000.0,20000.0,0.0,0.00022901555986342223,0.0017795424836600958,0.00335,0.1388888888888889,0.8611111111111112
stable_shots_b500_lb10_k10_eps0p0025,stable_shots,b500_lb10_k10_eps0p0025,500.0,10.0,10.0,0.0025,180,1.0,20000.0,19875.0,20000.0,20000.0,0.0,2.316184789868833e-05,0.0,0.0010257575757575,0.03888888888888889,0.9611111111111111
stable_shots_b500_lb10_k10_eps0p001,stable_shots,b500_lb10_k10_eps0p001,500.0,10.0,10.0,0.001,180,1.0,20000.0,20000.0,20000.0,20000.0,0.0,0.0,0.0,0.0,0.0,1.0
reference_20000,reference,,,,,,180,1.0,20000.0,20000.0,20000.0,20000.0,0.0,0.0,0.0,0.0,0.0,0.0
