experiment,circuit_key,algorithm,size,backend,shots,final_tvd_to_aer,target_violation,stop_reason,last_stability_tvd
no_failure,dj_4,dj,4,fake_fez,700,0.024285714285714265,False,stable,0.002857142857142821
no_failure,dj_4,dj,4,fake_kyiv,750,0.03333333333333333,False,stable,0.004333333333333317
no_failure,dj_4,dj,4,fake_marrakesh,650,0.024615384615384605,False,stable,0.0021538461538461754
no_failure,dj_4,dj,4,fake_sherbrooke,650,0.03538461538461537,False,stable,0.00492307692307689
no_failure,dj_4,dj,4,fake_torino,800,0.03500000000000002,False,stable,0.003557692307692305
no_failure,dj_6,dj,6,fake_fez,1700,0.08588235294117649,True,stable,0.0034535104364326816
no_failure,dj_6,dj,6,fake_kyiv,1850,0.13567567567567565,True,stable,0.004626391096979335
no_failure,dj_6,dj,6,fake_marrakesh,1600,0.06374999999999999,True,stable,0.0024784482758620505
no_failure,dj_6,dj,6,fake_sherbrooke,2000,0.12350000000000003,True,stable,0.003567567567567608
no_failure,dj_6,dj,6,fake_torino,1750,0.11714285714285712,True,stable,0.004446428571428588
no_failure,dj_8,dj,8,fake_fez,2100,0.1257142857142857,True,stable,0.004945054945054962
no_failure,dj_8,dj,8,fake_kyiv,2650,0.19660377358490566,True,stable,0.003260377358490546
no_failure,dj_8,dj,8,fake_marrakesh,1850,0.1156756756756757,True,stable,0.0036248012718601433
no_failure,dj_8,dj,8,fake_sherbrooke,3400,0.2038235294117647,True,stable,0.004298642533936686
no_failure,dj_8,dj,8,fake_torino,2950,0.19084745762711863,True,stable,0.0036198547215496573
no_failure,dj_10,dj,10,fake_fez,2700,0.16888888888888887,True,stable,0.004858387799564279
no_failure,dj_10,dj,10,fake_kyiv,4150,0.29301204819277105,True,stable,0.004286144578313215
no_failure,dj_10,dj,10,fake_marrakesh,2650,0.15735849056603776,True,stable,0.004890566037735884
no_failure,dj_10,dj,10,fake_sherbrooke,3750,0.27493333333333336,True,stable,0.004488888888888918
no_failure,dj_10,dj,10,fake_torino,3800,0.2539473684210526,True,stable,0.004242970439798082
no_failure,dj_12,dj,12,fake_fez,3200,0.20187500000000003,True,stable,0.004933401639344261
no_failure,dj_12,dj,12,fake_kyiv,6300,0.3609523809523809,True,stable,0.003852109949670941
no_failure,dj_12,dj,12,fake_marrakesh,2750,0.18836363636363637,True,stable,0.004125874125874169
no_failure,dj_12,dj,12,fake_sherbrooke,5000,0.3254,True,stable,0.004781443298969073
no_failure,dj_12,dj,12,fake_torino,5100,0.3088235294117647,True,stable,0.003719548425430792
no_failure,dj_14,dj,14,fake_fez,4050,0.2617283950617284,True,stable,0.0034947768281101705
no_failure,dj_14,dj,14,fake_kyiv,7000,0.41228571428571426,True,stable,0.0046923879040667105
no_failure,dj_14,dj,14,fake_marrakesh,3950,0.24278481012658226,True,stable,0.00392738174550301
no_failure,dj_14,dj,14,fake_sherbrooke,6400,0.36812500000000004,True,stable,0.004133750000000041
no_failure,dj_14,dj,14,fake_torino,5750,0.35773913043478256,True,stable,0.004804347826086954
no_failure,qaoa_4,qaoa,4,fake_fez,2200,0.09136363636363637,True,stable,0.0032150776053214807
no_failure,qaoa_4,qaoa,4,fake_kyiv,2950,0.16271186440677965,True,stable,0.00225181598062955
no_failure,qaoa_4,qaoa,4,fake_marrakesh,2000,0.058499999999999996,True,stable,0.002581081081081058
no_failure,qaoa_4,qaoa,4,fake_sherbrooke,2750,0.14545454545454545,True,stable,0.003916083916083931
no_failure,qaoa_4,qaoa,4,fake_torino,3150,0.13015873015873017,True,stable,0.0031746031746031646
no_failure,qaoa_6,qaoa,6,fake_fez,6150,0.09459780487804881,True,stable,0.00456910569105692
no_failure,qaoa_6,qaoa,6,fake_kyiv,6400,0.17282,True,stable,0.003931249999999998
no_failure,qaoa_6,qaoa,6,fake_marrakesh,5750,0.07752304347826089,True,stable,0.0047717391304347824
no_failure,qaoa_6,qaoa,6,fake_sherbrooke,6300,0.1761061904761905,True,stable,0.004146341463414639
no_failure,qaoa_6,qaoa,6,fake_torino,6200,0.1538233870967742,True,stable,0.004469474806718189
no_failure,qaoa_8,qaoa,8,fake_fez,8850,0.12964531073446328,True,stable,0.004420416910188977
no_failure,qaoa_8,qaoa,8,fake_kyiv,10450,0.23789303827751196,True,stable,0.004730803177405119
no_failure,qaoa_8,qaoa,8,fake_marrakesh,8350,0.10083212574850299,True,stable,0.004610048196290351
no_failure,qaoa_8,qaoa,8,fake_sherbrooke,10600,0.2163070754716981,True,stable,0.004131533808792998
no_failure,qaoa_8,qaoa,8,fake_torino,10050,0.19767482587064678,True,stable,0.0043057440072365475
no_failure,qaoa_10,qaoa,10,fake_fez,15450,0.17183595469255664,True,stable,0.004486959832476678
no_failure,qaoa_10,qaoa,10,fake_kyiv,17900,0.3245206424581006,True,stable,0.004662050515382803
no_failure,qaoa_10,qaoa,10,fake_marrakesh,15100,0.15509612582781457,True,stable,0.004896232474694892
no_failure,qaoa_10,qaoa,10,fake_sherbrooke,18350,0.3418851089918256,True,stable,0.0047778243554810335
no_failure,qaoa_10,qaoa,10,fake_torino,16800,0.2555992857142857,True,stable,0.004692192192192189
no_failure,qaoa_12,qaoa,12,fake_fez,16950,0.19454536873156342,True,stable,0.004832490518331222
no_failure,qaoa_12,qaoa,12,fake_kyiv,20000,0.368845,True,max_budget,0.005300755667506297
no_failure,qaoa_12,qaoa,12,fake_marrakesh,16250,0.17656461538461538,True,stable,0.004567797419971337
no_failure,qaoa_12,qaoa,12,fake_sherbrooke,19500,0.31361115384615385,True,stable,0.00491711389385808
no_failure,qaoa_12,qaoa,12,fake_torino,19500,0.31319423076923075,True,stable,0.004593122639634266
no_failure,qaoa_14,qaoa,14,fake_fez,16950,0.3121801327433628,True,stable,0.004850400337126008
no_failure,qaoa_14,qaoa,14,fake_kyiv,20000,0.53375,True,max_budget,0.005766750629722923
no_failure,qaoa_14,qaoa,14,fake_marrakesh,16350,0.2857490366972477,True,stable,0.004925246347264685
no_failure,qaoa_14,qaoa,14,fake_sherbrooke,20000,0.577505,True,max_budget,0.006054408060453403
no_failure,qaoa_14,qaoa,14,fake_torino,20000,0.452435,True,max_budget,0.004994206549118391
no_failure,qft_4,qft,4,fake_fez,4150,0.03100680722891567,False,stable,0.003909638554216888
no_failure,qft_4,qft,4,fake_kyiv,4250,0.03534323529411766,False,stable,0.004255380200860848
no_failure,qft_4,qft,4,fake_marrakesh,4700,0.02606819148936171,False,stable,0.0037456160860416116
no_failure,qft_4,qft,4,fake_sherbrooke,4500,0.03267555555555557,False,stable,0.004475095785440624
no_failure,qft_4,qft,4,fake_torino,4950,0.03456414141414141,False,stable,0.004078282828282841
no_failure,qft_6,qft,6,fake_fez,8100,0.052489197530864194,True,stable,0.0042394595853715395
no_failure,qft_6,qft,6,fake_kyiv,8500,0.05262441176470588,True,stable,0.004438886932018313
no_failure,qft_6,qft,6,fake_marrakesh,8750,0.05690000000000001,True,stable,0.0042724252491694375
no_failure,qft_6,qft,6,fake_sherbrooke,8100,0.05153055555555555,True,stable,0.004525972513393901
no_failure,qft_6,qft,6,fake_torino,8100,0.05250006172839506,True,stable,0.004572559981365015
no_failure,qft_8,qft,8,fake_fez,16800,0.08333309523809523,True,stable,0.0049898112398112406
no_failure,qft_8,qft,8,fake_kyiv,17050,0.08119030791788857,True,stable,0.004900137083759911
no_failure,qft_8,qft,8,fake_marrakesh,17000,0.08543382352941177,True,stable,0.0046720195496596255
no_failure,qft_8,qft,8,fake_sherbrooke,17000,0.08142294117647059,True,stable,0.00491447023913423
no_failure,qft_8,qft,8,fake_torino,17200,0.07682360465116278,True,stable,0.004607515515242445
no_failure,qft_10,qft,10,fake_fez,20000,0.16429,True,max_budget,0.006423551637279602
no_failure,qft_10,qft,10,fake_kyiv,20000,0.153135,True,max_budget,0.006447355163727967
no_failure,qft_10,qft,10,fake_marrakesh,20000,0.15958,True,max_budget,0.006490050377833758
no_failure,qft_10,qft,10,fake_sherbrooke,20000,0.156755,True,max_budget,0.0064522670025188985
no_failure,qft_10,qft,10,fake_torino,20000,0.160385,True,max_budget,0.00648438287153653
no_failure,qft_12,qft,12,fake_fez,20000,0.31405500000000003,True,max_budget,0.007093450881612092
no_failure,qft_12,qft,12,fake_kyiv,20000,0.312215,True,max_budget,0.007196599496221664
no_failure,qft_12,qft,12,fake_marrakesh,20000,0.30767,True,max_budget,0.007184508816120908
no_failure,qft_12,qft,12,fake_sherbrooke,20000,0.30809,True,max_budget,0.007177707808564232
no_failure,qft_12,qft,12,fake_torino,20000,0.311805,True,max_budget,0.007193198992443326
no_failure,qft_14,qft,14,fake_fez,20000,0.595815,True,max_budget,0.007359068010075563
no_failure,qft_14,qft,14,fake_kyiv,20000,0.58292,True,max_budget,0.007366246851385386
no_failure,qft_14,qft,14,fake_marrakesh,20000,0.592775,True,max_budget,0.007385138539042818
no_failure,qft_14,qft,14,fake_sherbrooke,20000,0.58943,True,max_budget,0.007410075566750626
no_failure,qft_14,qft,14,fake_torino,20000,0.593065,True,max_budget,0.007357934508816117
no_failure,qnn_4,qnn,4,fake_fez,3250,0.04364807692307693,False,stable,0.003637717121588071
no_failure,qnn_4,qnn,4,fake_kyiv,3450,0.08387507246376812,True,stable,0.003741765480895925
no_failure,qnn_4,qnn,4,fake_marrakesh,4150,0.04079843373493976,False,stable,0.003695783132530121
no_failure,qnn_4,qnn,4,fake_sherbrooke,4500,0.11364388888888889,True,stable,0.003609195402298846
no_failure,qnn_4,qnn,4,fake_torino,3800,0.0636278947368421,True,stable,0.0034318673395818595
no_failure,qnn_6,qnn,6,fake_fez,6900,0.20183608695652172,True,stable,0.004470209339774567
no_failure,qnn_6,qnn,6,fake_kyiv,7700,0.3317842857142857,True,stable,0.004418164616840115
no_failure,qnn_6,qnn,6,fake_marrakesh,7300,0.13835253424657534,True,stable,0.0037369479835233105
no_failure,qnn_6,qnn,6,fake_sherbrooke,7700,0.27967292207792205,True,stable,0.0045764169605229145
no_failure,qnn_6,qnn,6,fake_torino,7150,0.24984132867132866,True,stable,0.004252747252747254
no_failure,qnn_8,qnn,8,fake_fez,14350,0.2421247038327526,True,stable,0.004766403297835795
no_failure,qnn_8,qnn,8,fake_kyiv,16100,0.40496127329192544,True,stable,0.004727506376681788
no_failure,qnn_8,qnn,8,fake_marrakesh,13950,0.2139339964157706,True,stable,0.0048784478728377744
no_failure,qnn_8,qnn,8,fake_sherbrooke,15750,0.3533834126984127,True,stable,0.0044688644688644676
no_failure,qnn_8,qnn,8,fake_torino,14350,0.2867448083623693,True,stable,0.004667517298915441
no_failure,qnn_10,qnn,10,fake_fez,20000,0.32222,True,max_budget,0.00579937027707809
no_failure,qnn_10,qnn,10,fake_kyiv,20000,0.45461,True,max_budget,0.006311335012594463
no_failure,qnn_10,qnn,10,fake_marrakesh,20000,0.26617999999999997,True,max_budget,0.005725692695214108
no_failure,qnn_10,qnn,10,fake_sherbrooke,20000,0.421845,True,max_budget,0.006248614609571793
no_failure,qnn_10,qnn,10,fake_torino,20000,0.3594,True,max_budget,0.006139042821158695
no_failure,qnn_12,qnn,12,fake_fez,20000,0.4968,True,max_budget,0.007189042821158693
no_failure,qnn_12,qnn,12,fake_kyiv,20000,0.61073,True,max_budget,0.007222670025188919
no_failure,qnn_12,qnn,12,fake_marrakesh,20000,0.42591,True,max_budget,0.006796095717884133
no_failure,qnn_12,qnn,12,fake_sherbrooke,20000,0.577805,True,max_budget,0.007136146095717885
no_failure,qnn_12,qnn,12,fake_torino,20000,0.52481,True,max_budget,0.007113853904282118
no_failure,qnn_14,qnn,14,fake_fez,20000,0.65742,True,max_budget,0.007319395465994959
no_failure,qnn_14,qnn,14,fake_kyiv,20000,0.72637,True,max_budget,0.007339420654911835
no_failure,qnn_14,qnn,14,fake_marrakesh,20000,0.583925,True,max_budget,0.007332241813602012
no_failure,qnn_14,qnn,14,fake_sherbrooke,20000,0.71303,True,max_budget,0.007349999999999996
no_failure,qnn_14,qnn,14,fake_torino,20000,0.66964,True,max_budget,0.007356801007556672
no_failure,random_4,random,4,fake_fez,3150,0.1813435714285714,True,stable,0.004206349206349176
no_failure,random_4,random,4,fake_kyiv,3100,0.3860440322580645,True,stable,0.0037616183706943654
no_failure,random_4,random,4,fake_marrakesh,3200,0.17835250000000002,True,stable,0.004871926229508225
no_failure,random_4,random,4,fake_sherbrooke,3150,0.40007373015873016,True,stable,0.0038412698412698372
no_failure,random_4,random,4,fake_torino,3550,0.2449138028169014,True,stable,0.004357912178956073
no_failure,random_6,random,6,fake_fez,7200,0.38027777777777777,True,stable,0.004630614657210408
no_failure,random_6,random,6,fake_kyiv,7700,0.5766233766233766,True,stable,0.004234110260600325
no_failure,random_6,random,6,fake_marrakesh,7250,0.27062068965517244,True,stable,0.004187469645458967
no_failure,random_6,random,6,fake_sherbrooke,8400,0.5946428571428571,True,stable,0.004580086580086576
no_failure,random_6,random,6,fake_torino,7550,0.4365562913907285,True,stable,0.004165920887775199
no_failure,random_8,random,8,fake_fez,13550,0.5160901291512915,True,stable,0.0042363826623340855
no_failure,random_8,random,8,fake_kyiv,16000,0.7755825,True,stable,0.004970228706624603
no_failure,random_8,random,8,fake_marrakesh,12600,0.42172714285714286,True,stable,0.004351692484222601
no_failure,random_8,random,8,fake_sherbrooke,16500,0.7708474242424243,True,stable,0.004956352515985544
no_failure,random_8,random,8,fake_torino,15600,0.691650641025641,True,stable,0.004752925068459052
no_failure,random_10,random,10,fake_fez,20000,0.74688,True,max_budget,0.005668136020151138
no_failure,random_10,random,10,fake_kyiv,20000,0.9028,True,max_budget,0.00631511335012595
no_failure,random_10,random,10,fake_marrakesh,20000,0.674605,True,max_budget,0.005343954659949625
no_failure,random_10,random,10,fake_sherbrooke,20000,0.9034449999999999,True,max_budget,0.006396347607052901
no_failure,random_10,random,10,fake_torino,20000,0.843695,True,max_budget,0.006000755667506303
no_failure,random_12,random,12,fake_fez,20000,0.626275,True,max_budget,0.007135390428211589
no_failure,random_12,random,12,fake_kyiv,20000,0.680205,True,max_budget,0.007099118387909322
no_failure,random_12,random,12,fake_marrakesh,20000,0.581545,True,max_budget,0.007077581863979851
no_failure,random_12,random,12,fake_sherbrooke,20000,0.677415,True,max_budget,0.007113853904282118
no_failure,random_12,random,12,fake_torino,20000,0.664225,True,max_budget,0.007203022670025191
no_failure,random_14,random,14,fake_fez,20000,0.88193,True,max_budget,0.007366624685138536
no_failure,random_14,random,14,fake_kyiv,20000,0.893265,True,max_budget,0.007392317380352641
no_failure,random_14,random,14,fake_marrakesh,20000,0.8495,True,max_budget,0.0073575566750629685
no_failure,random_14,random,14,fake_sherbrooke,20000,0.89398,True,max_budget,0.007349244332493699
no_failure,random_14,random,14,fake_torino,20000,0.889895,True,max_budget,0.007401763224181356
no_failure,vqe_4,vqe,4,fake_fez,1000,0.042000000000000016,False,stable,0.003882352941176454
no_failure,vqe_4,vqe,4,fake_kyiv,1300,0.06615384615384613,True,stable,0.003678929765886324
no_failure,vqe_4,vqe,4,fake_marrakesh,900,0.027777777777777783,False,stable,0.002666666666666673
no_failure,vqe_4,vqe,4,fake_sherbrooke,1150,0.04173913043478261,False,stable,0.004347826086956539
no_failure,vqe_4,vqe,4,fake_torino,1400,0.08285714285714285,True,stable,0.0022857142857142672
no_failure,vqe_6,vqe,6,fake_fez,1600,0.07187500000000001,True,stable,0.003620689655172387
no_failure,vqe_6,vqe,6,fake_kyiv,1800,0.13444444444444445,True,stable,0.004494949494949482
no_failure,vqe_6,vqe,6,fake_marrakesh,1200,0.06666666666666667,True,stable,0.004880952380952369
no_failure,vqe_6,vqe,6,fake_sherbrooke,2350,0.16595744680851066,True,stable,0.0035589941972920688
no_failure,vqe_6,vqe,6,fake_torino,2350,0.15617021276595744,True,stable,0.0039361702127659794
no_failure,vqe_8,vqe,8,fake_fez,3350,0.08940567164179104,True,stable,0.004412313432835837
no_failure,vqe_8,vqe,8,fake_kyiv,3400,0.16254,True,stable,0.004552036199095025
no_failure,vqe_8,vqe,8,fake_marrakesh,3450,0.07449275362318837,True,stable,0.004598155467720676
no_failure,vqe_8,vqe,8,fake_sherbrooke,3800,0.21842105263157896,True,stable,0.004924297043979816
no_failure,vqe_8,vqe,8,fake_torino,4300,0.18488372093023256,True,stable,0.004040347436256673
no_failure,vqe_10,vqe,10,fake_fez,3750,0.13061500000000004,True,stable,0.0040333333333333376
no_failure,vqe_10,vqe,10,fake_kyiv,5100,0.23300049019607844,True,stable,0.004569221628045123
no_failure,vqe_10,vqe,10,fake_marrakesh,3200,0.0924025,True,stable,0.0034682377049180856
no_failure,vqe_10,vqe,10,fake_sherbrooke,4800,0.19635833333333338,True,stable,0.004495967741935478
no_failure,vqe_10,vqe,10,fake_torino,4450,0.20445247191011237,True,stable,0.004849751763783672
no_failure,vqe_12,vqe,12,fake_fez,4250,0.19582029411764704,True,stable,0.0045624103299856875
no_failure,vqe_12,vqe,12,fake_kyiv,5950,0.289908781512605,True,stable,0.004263981454650827
no_failure,vqe_12,vqe,12,fake_marrakesh,3200,0.10826749999999996,True,stable,0.004656762295081982
no_failure,vqe_12,vqe,12,fake_sherbrooke,5950,0.289236512605042,True,stable,0.003452622428281679
no_failure,vqe_12,vqe,12,fake_torino,4900,0.26085030612244897,True,stable,0.004380236305048331
no_failure,vqe_14,vqe,14,fake_fez,7050,0.24067418439716312,True,stable,0.003805118717237094
no_failure,vqe_14,vqe,14,fake_kyiv,8800,0.3440159090909091,True,stable,0.0049093536521282125
no_failure,vqe_14,vqe,14,fake_marrakesh,5200,0.1402380769230769,True,stable,0.004937166793602467
no_failure,vqe_14,vqe,14,fake_sherbrooke,7450,0.29810003355704695,True,stable,0.004840489105451883
no_failure,vqe_14,vqe,14,fake_torino,7350,0.3254638775510204,True,stable,0.004824263038548758
