policy_id,failure_fraction,rows,tvd_gap_from_best_n,tvd_gap_from_best_min,tvd_gap_from_best_q25,tvd_gap_from_best_median,tvd_gap_from_best_mean,tvd_gap_from_best_q75,tvd_gap_from_best_max,tvd_gap_from_best_std,shot_gap_from_best_n,shot_gap_from_best_min,shot_gap_from_best_q25,shot_gap_from_best_median,shot_gap_from_best_mean,shot_gap_from_best_q75,shot_gap_from_best_max,shot_gap_from_best_std,shot_gap_fraction_of_source_no_failure_n,shot_gap_fraction_of_source_no_failure_min,shot_gap_fraction_of_source_no_failure_q25,shot_gap_fraction_of_source_no_failure_median,shot_gap_fraction_of_source_no_failure_mean,shot_gap_fraction_of_source_no_failure_q75,shot_gap_fraction_of_source_no_failure_max,shot_gap_fraction_of_source_no_failure_std
fixed_10k_discard,0.1,440,440,0.0,3.749999999998546e-06,0.037044999999999995,0.056599,0.1012325,0.2103299999999999,0.05951007438706097,440,0.0,0.0,0.0,0.0,0.0,0.0,0.0,440,0.0,0.0,0.0,0.0,0.0,0.0,0.0
fixed_10k_discard,0.25,440,440,0.0,3.749999999998546e-06,0.037044999999999995,0.056599,0.1012325,0.2103299999999999,0.05951007438706097,440,0.0,0.0,0.0,0.0,0.0,0.0,0.0,440,0.0,0.0,0.0,0.0,0.0,0.0,0.0
fixed_10k_discard,0.5,440,440,0.0,3.749999999998546e-06,0.037044999999999995,0.056599,0.1012325,0.2103299999999999,0.05951007438706097,440,0.0,0.0,0.0,0.0,0.0,0.0,0.0,440,0.0,0.0,0.0,0.0,0.0,0.0,0.0
fixed_10k_discard,0.75,440,440,0.0,3.749999999998546e-06,0.037044999999999995,0.056599,0.1012325,0.2103299999999999,0.05951007438706097,440,0.0,0.0,0.0,0.0,0.0,0.0,0.0,440,0.0,0.0,0.0,0.0,0.0,0.0,0.0
fixed_10k_discard,0.9,440,440,0.0,3.749999999998546e-06,0.037044999999999995,0.056599,0.1012325,0.2103299999999999,0.05951007438706097,440,0.0,0.0,0.0,0.0,0.0,0.0,0.0,440,0.0,0.0,0.0,0.0,0.0,0.0,0.0
fixed_10k_keep,0.1,440,440,0.0,0.0002625000000000023,0.033857499999999985,0.05070002272727273,0.09090000000000004,0.183905,0.05310820644709081,440,0.0,0.0,0.0,0.0,0.0,0.0,0.0,440,0.0,0.0,0.0,0.0,0.0,0.0,0.0
fixed_10k_keep,0.25,440,440,0.0,4.499999999992531e-05,0.026580000000000006,0.042377306818181824,0.0752275,0.1539550000000001,0.04417442673809287,440,0.0,0.0,0.0,0.0,0.0,0.0,0.0,440,0.0,0.0,0.0,0.0,0.0,0.0,0.0
fixed_10k_keep,0.5,440,440,0.0,0.00016124999999999994,0.018152500000000057,0.028253022727272738,0.0524062500000001,0.10796000000000008,0.029427225206009877,440,0.0,0.0,0.0,0.0,0.0,0.0,0.0,440,0.0,0.0,0.0,0.0,0.0,0.0,0.0
fixed_10k_keep,0.75,440,440,0.0,5.9999999999997555e-05,0.009400000000000047,0.013957625000000001,0.025799999999999955,0.05317500000000003,0.014355296895546344,440,0.0,0.0,0.0,0.0,0.0,0.0,0.0,440,0.0,0.0,0.0,0.0,0.0,0.0,0.0
fixed_10k_keep,0.9,440,440,0.0,1.8749999999997935e-05,0.003950000000000092,0.005863340909090908,0.009800000000000003,0.022785,0.005976272462719906,440,0.0,0.0,0.0,0.0,0.0,0.0,0.0,440,0.0,0.0,0.0,0.0,0.0,0.0,0.0
fixed_20k_discard,0.1,440,440,0.0,0.0008324999999999999,0.03873499999999999,0.05740372727272729,0.10043250000000009,0.2071099999999999,0.0597946612317196,440,0.0,0.0,0.0,0.0,0.0,0.0,0.0,440,0.0,0.0,0.0,0.0,0.0,0.0,0.0
fixed_20k_discard,0.25,440,440,0.0,0.0008324999999999999,0.03873499999999999,0.05740372727272729,0.10043250000000009,0.2071099999999999,0.0597946612317196,440,0.0,0.0,0.0,0.0,0.0,0.0,0.0,440,0.0,0.0,0.0,0.0,0.0,0.0,0.0
fixed_20k_discard,0.5,440,440,0.0,0.0008324999999999999,0.03873499999999999,0.05740372727272729,0.10043250000000009,0.2071099999999999,0.0597946612317196,440,0.0,0.0,0.0,0.0,0.0,0.0,0.0,440,0.0,0.0,0.0,0.0,0.0,0.0,0.0
fixed_20k_discard,0.75,440,440,0.0,0.0008324999999999999,0.03873499999999999,0.05740372727272729,0.10043250000000009,0.2071099999999999,0.0597946612317196,440,0.0,0.0,0.0,0.0,0.0,0.0,0.0,440,0.0,0.0,0.0,0.0,0.0,0.0,0.0
fixed_20k_discard,0.9,440,440,0.0,0.0008324999999999999,0.03873499999999999,0.05740372727272729,0.10043250000000009,0.2071099999999999,0.0597946612317196,440,0.0,0.0,0.0,0.0,0.0,0.0,0.0,440,0.0,0.0,0.0,0.0,0.0,0.0,0.0
fixed_20k_keep,0.1,440,440,0.0,0.0002212500000000027,0.03569000000000001,0.051656113636363646,0.09295000000000002,0.1863549999999999,0.05398394449167267,440,0.0,0.0,0.0,0.0,0.0,0.0,0.0,440,0.0,0.0,0.0,0.0,0.0,0.0,0.0
fixed_20k_keep,0.25,440,440,0.0,7.499999999997092e-06,0.027350000000000003,0.04288834090909092,0.0776575,0.15541000000000002,0.04485066671602695,440,0.0,0.0,0.0,0.0,0.0,0.0,0.0,440,0.0,0.0,0.0,0.0,0.0,0.0,0.0
fixed_20k_keep,0.5,440,440,0.0,8.999999999992608e-05,0.01859250000000005,0.028625772727272725,0.051188749999999984,0.10643,0.02994676364705015,440,0.0,0.0,0.0,0.0,0.0,0.0,0.0,440,0.0,0.0,0.0,0.0,0.0,0.0,0.0
fixed_20k_keep,0.75,440,440,0.0,3.3750000000075386e-05,0.008672500000000055,0.014150568181818179,0.026219999999999976,0.05439499999999997,0.014691348127830486,440,0.0,0.0,0.0,0.0,0.0,0.0,0.0,440,0.0,0.0,0.0,0.0,0.0,0.0,0.0
fixed_20k_keep,0.9,440,440,0.0,0.0,0.003700000000000009,0.005705113636363637,0.010149999999999996,0.021814999999999973,0.00577825994812103,440,0.0,0.0,0.0,0.0,0.0,0.0,0.0,440,0.0,0.0,0.0,0.0,0.0,0.0,0.0
stableshots_discard,0.1,440,440,0.0,9.074190040500238e-05,0.03455984091749905,0.056439746720583404,0.10127665621466028,0.2030223699421965,0.0582151884759435,440,0.0,0.0,500.0,800.0,1250.0,4000.0,906.041479034601,440,0.0,0.0,0.10856469355683604,0.17279143274978315,0.30723803755299817,0.788235294117647,0.17964021632591662
stableshots_discard,0.25,440,440,0.0,9.074190040500238e-05,0.03455984091749905,0.056439746720583404,0.10127665621466028,0.2030223699421965,0.0582151884759435,440,0.0,0.0,500.0,800.0,1250.0,4000.0,906.041479034601,440,0.0,0.0,0.10856469355683604,0.17279143274978315,0.30723803755299817,0.788235294117647,0.17964021632591662
stableshots_discard,0.5,440,440,0.0,9.074190040500238e-05,0.03455984091749905,0.056439746720583404,0.10127665621466028,0.2030223699421965,0.0582151884759435,440,0.0,0.0,500.0,800.0,1250.0,4000.0,906.041479034601,440,0.0,0.0,0.10856469355683604,0.17279143274978315,0.30723803755299817,0.788235294117647,0.17964021632591662
stableshots_discard,0.75,440,440,0.0,9.074190040500238e-05,0.03455984091749905,0.056439746720583404,0.10127665621466028,0.2030223699421965,0.0582151884759435,440,0.0,0.0,500.0,800.0,1250.0,4000.0,906.041479034601,440,0.0,0.0,0.10856469355683604,0.17279143274978315,0.30723803755299817,0.788235294117647,0.17964021632591662
stableshots_discard,0.9,440,440,0.0,9.074190040500238e-05,0.03455984091749905,0.056439746720583404,0.10127665621466028,0.2030223699421965,0.0582151884759435,440,0.0,0.0,500.0,800.0,1250.0,4000.0,906.041479034601,440,0.0,0.0,0.10856469355683604,0.17279143274978315,0.30723803755299817,0.788235294117647,0.17964021632591662
stableshots_keep,0.1,440,440,0.0,8.165608894821971e-05,0.030658263305322196,0.051016194373704186,0.0921726863354037,0.1859812756250742,0.05242528360921342,440,0.0,0.0,450.0,764.3181818181819,1150.0,4100.0,861.2114625733666,440,0.0,0.0,0.10114096223021582,0.16671753075981297,0.26321036889332006,0.7341772151898734,0.17706399668279668
stableshots_keep,0.25,440,440,0.0,6.552125800814157e-05,0.024970104696956957,0.042510311317867595,0.0741357924547779,0.1568141592920354,0.04344293533290484,440,0.0,0.0,450.0,671.5909090909091,1050.0,3600.0,751.0203937363003,440,0.0,0.0,0.1027526395173454,0.15538317473734306,0.23956242116296836,0.8823529411764706,0.17473199746401116
stableshots_keep,0.5,440,440,0.0,6.735645933014962e-05,0.0186307692307692,0.030896357556835233,0.0550954656510491,0.13026393656053983,0.031528988222407094,440,0.0,0.0,400.0,561.7045454545455,900.0,3050.0,617.7466981885049,440,0.0,0.0,0.07810457516339869,0.1391219934092092,0.19022727272727274,0.9615384615384616,0.17863423907362283
stableshots_keep,0.75,440,440,0.0,4.772796224504841e-05,0.01412060786301076,0.020635119986545797,0.03481253307928442,0.10969241131567137,0.02191820331319858,440,0.0,0.0,350.0,534.3181818181819,750.0,3150.0,644.3583721358491,440,0.0,0.0,0.06361008933263268,0.13286403504577948,0.17647058823529413,1.1153846153846154,0.18188098381661116
stableshots_keep,0.9,440,440,0.0,0.0,0.008628079935168918,0.014551820594564863,0.022998643743070077,0.09466233766233759,0.017129823775476588,440,0.0,0.0,300.0,493.97727272727275,750.0,3100.0,610.0086630191217,440,0.0,0.0,0.04836284664216505,0.1248294361928064,0.15331572769953053,1.1153846153846154,0.18990706838700172
