policy_id,failure_fraction,rows,random_expected_tvd_n,random_expected_tvd_min,random_expected_tvd_q25,random_expected_tvd_median,random_expected_tvd_mean,random_expected_tvd_q75,random_expected_tvd_max,random_expected_tvd_std,best_tvd_n,best_tvd_min,best_tvd_q25,best_tvd_median,best_tvd_mean,best_tvd_q75,best_tvd_max,best_tvd_std,r_tvd_n,r_tvd_min,r_tvd_q25,r_tvd_median,r_tvd_mean,r_tvd_q75,r_tvd_max,r_tvd_std,r_shots_n,r_shots_min,r_shots_q25,r_shots_median,r_shots_mean,r_shots_q75,r_shots_max,r_shots_std,r_shots_fraction_of_source_no_failure_n,r_shots_fraction_of_source_no_failure_min,r_shots_fraction_of_source_no_failure_q25,r_shots_fraction_of_source_no_failure_median,r_shots_fraction_of_source_no_failure_mean,r_shots_fraction_of_source_no_failure_q75,r_shots_fraction_of_source_no_failure_max,r_shots_fraction_of_source_no_failure_std,random_expected_physical_shots_n,random_expected_physical_shots_min,random_expected_physical_shots_q25,random_expected_physical_shots_median,random_expected_physical_shots_mean,random_expected_physical_shots_q75,random_expected_physical_shots_max,random_expected_physical_shots_std,best_physical_shots_n,best_physical_shots_min,best_physical_shots_q25,best_physical_shots_median,best_physical_shots_mean,best_physical_shots_q75,best_physical_shots_max,best_physical_shots_std,random_minus_best_tvd_shots_n,random_minus_best_tvd_shots_min,random_minus_best_tvd_shots_q25,random_minus_best_tvd_shots_median,random_minus_best_tvd_shots_mean,random_minus_best_tvd_shots_q75,random_minus_best_tvd_shots_max,random_minus_best_tvd_shots_std,random_minus_best_shots_tvd_n,random_minus_best_shots_tvd_min,random_minus_best_shots_tvd_q25,random_minus_best_shots_tvd_median,random_minus_best_shots_tvd_mean,random_minus_best_shots_tvd_q75,random_minus_best_shots_tvd_max,random_minus_best_shots_tvd_std,random_delta_tvd_vs_no_failure_n,random_delta_tvd_vs_no_failure_min,random_delta_tvd_vs_no_failure_q25,random_delta_tvd_vs_no_failure_median,random_delta_tvd_vs_no_failure_mean,random_delta_tvd_vs_no_failure_q75,random_delta_tvd_vs_no_failure_max,random_delta_tvd_vs_no_failure_std,best_tvd_delta_vs_no_failure_n,best_tvd_delta_vs_no_failure_min,best_tvd_delta_vs_no_failure_q25,best_tvd_delta_vs_no_failure_median,best_tvd_delta_vs_no_failure_mean,best_tvd_delta_vs_no_failure_q75,best_tvd_delta_vs_no_failure_max,best_tvd_delta_vs_no_failure_std,random_delta_shots_vs_no_failure_n,random_delta_shots_vs_no_failure_min,random_delta_shots_vs_no_failure_q25,random_delta_shots_vs_no_failure_median,random_delta_shots_vs_no_failure_mean,random_delta_shots_vs_no_failure_q75,random_delta_shots_vs_no_failure_max,random_delta_shots_vs_no_failure_std,best_shots_delta_vs_no_failure_n,best_shots_delta_vs_no_failure_min,best_shots_delta_vs_no_failure_q25,best_shots_delta_vs_no_failure_median,best_shots_delta_vs_no_failure_mean,best_shots_delta_vs_no_failure_q75,best_shots_delta_vs_no_failure_max,best_shots_delta_vs_no_failure_std,candidate_tvd_gap_mean_n,candidate_tvd_gap_mean_min,candidate_tvd_gap_mean_q25,candidate_tvd_gap_mean_median,candidate_tvd_gap_mean_mean,candidate_tvd_gap_mean_q75,candidate_tvd_gap_mean_max,candidate_tvd_gap_mean_std,candidate_tvd_gap_median_n,candidate_tvd_gap_median_min,candidate_tvd_gap_median_q25,candidate_tvd_gap_median_median,candidate_tvd_gap_median_mean,candidate_tvd_gap_median_q75,candidate_tvd_gap_median_max,candidate_tvd_gap_median_std,candidate_tvd_gap_max_n,candidate_tvd_gap_max_min,candidate_tvd_gap_max_q25,candidate_tvd_gap_max_median,candidate_tvd_gap_max_mean,candidate_tvd_gap_max_q75,candidate_tvd_gap_max_max,candidate_tvd_gap_max_std,candidate_tvd_gap_std_n,candidate_tvd_gap_std_min,candidate_tvd_gap_std_q25,candidate_tvd_gap_std_median,candidate_tvd_gap_std_mean,candidate_tvd_gap_std_q75,candidate_tvd_gap_std_max,candidate_tvd_gap_std_std,candidate_shot_gap_mean_n,candidate_shot_gap_mean_min,candidate_shot_gap_mean_q25,candidate_shot_gap_mean_median,candidate_shot_gap_mean_mean,candidate_shot_gap_mean_q75,candidate_shot_gap_mean_max,candidate_shot_gap_mean_std,candidate_shot_gap_median_n,candidate_shot_gap_median_min,candidate_shot_gap_median_q25,candidate_shot_gap_median_median,candidate_shot_gap_median_mean,candidate_shot_gap_median_q75,candidate_shot_gap_median_max,candidate_shot_gap_median_std,candidate_shot_gap_max_n,candidate_shot_gap_max_min,candidate_shot_gap_max_q25,candidate_shot_gap_max_median,candidate_shot_gap_max_mean,candidate_shot_gap_max_q75,candidate_shot_gap_max_max,candidate_shot_gap_max_std,candidate_shot_gap_std_n,candidate_shot_gap_std_min,candidate_shot_gap_std_q25,candidate_shot_gap_std_median,candidate_shot_gap_std_mean,candidate_shot_gap_std_q75,candidate_shot_gap_std_max,candidate_shot_gap_std_std,jnr_5pct_n,jnr_5pct_min,jnr_5pct_q25,jnr_5pct_median_x,jnr_5pct_mean_x,jnr_5pct_q75,jnr_5pct_max,jnr_5pct_std,jnr_excess_5pct_n,jnr_excess_5pct_min,jnr_excess_5pct_q25,jnr_excess_5pct_median,jnr_excess_5pct_mean_x,jnr_excess_5pct_q75,jnr_excess_5pct_max,jnr_excess_5pct_std,jnr_10pct_n,jnr_10pct_min,jnr_10pct_q25,jnr_10pct_median_x,jnr_10pct_mean_x,jnr_10pct_q75,jnr_10pct_max,jnr_10pct_std,jnr_excess_10pct_n,jnr_excess_10pct_min,jnr_excess_10pct_q25,jnr_excess_10pct_median,jnr_excess_10pct_mean_x,jnr_excess_10pct_q75,jnr_excess_10pct_max,jnr_excess_10pct_std,p_tvd_pass_5pct,p_shots_pass_5pct,p_joint_pass_5pct,jnr_5pct_mean_y,jnr_5pct_median_y,jnr_excess_5pct_mean_y,p_tvd_pass_10pct,p_shots_pass_10pct,p_joint_pass_10pct,jnr_10pct_mean_y,jnr_10pct_median_y,jnr_excess_10pct_mean_y
fixed_10k_discard,0.1,110,110,0.021611249999999974,0.09192656249999998,0.15594999999999998,0.16294272727272724,0.24404437499999992,0.34839999999999993,0.09063306815764986,110,0.018775,0.0536999999999999,0.08744,0.10634372727272724,0.15502625,0.2578,0.06380915728491622,110,0.0004062499999999761,0.026133749999999963,0.06178000000000002,0.056599,0.07859531249999999,0.13929999999999992,0.03486227759862417,110,0.0,0.0,0.0,0.0,0.0,0.0,0.0,110,0.0,0.0,0.0,0.0,0.0,0.0,0.0,110,11000.0,11000.0,11000.0,11000.0,11000.0,11000.0,0.0,110,11000.0,11000.0,11000.0,11000.0,11000.0,11000.0,0.0,110,0.0,0.0,0.0,0.0,0.0,0.0,0.0,110,0.0,0.0,0.0,0.0,0.0,0.0,0.0,110,-0.12490499999999999,-0.04570843750000003,-0.004779999999999965,1.261617073437678e-18,0.04689937499999997,0.1629624999999999,0.06258911409900601,110,-0.2103299999999999,-0.11129249999999999,-0.04120500000000005,-0.05659899999999999,-0.0034224999999999993,0.0946499999999999,0.06814420314586794,110,1000.0,1000.0,1000.0,1000.0,1000.0,1000.0,0.0,110,1000.0,1000.0,1000.0,1000.0,1000.0,1000.0,0.0,110,0.00040624999999997434,0.02613374999999997,0.06178000000000004,0.056599,0.07859531249999999,0.13929999999999995,0.03486227759862417,110,0.00021249999999994884,0.02927687499999994,0.06474999999999997,0.06132440909090909,0.08350062499999994,0.17343499999999995,0.04119738129777683,110,0.0011999999999999997,0.0522299999999999,0.11134250000000001,0.10374718181818181,0.1520999999999999,0.2103299999999999,0.06123383454725936,110,0.0005645850245977124,0.023958695606398826,0.050914336457242776,0.04821483269864556,0.06966053758989081,0.09833801913976778,0.028069920239438197,110,0.0,0.0,0.0,0.0,0.0,0.0,0.0,110,0.0,0.0,0.0,0.0,0.0,0.0,0.0,110,0.0,0.0,0.0,0.0,0.0,0.0,0.0,110,0.0,0.0,0.0,0.0,0.0,0.0,0.0,110,0.008124999999999521,0.5226749999999991,1.2356000000000003,1.1319799999999998,1.5719062499999996,2.7859999999999983,0.6972455519724833,110,0.0,0.0,0.23560000000000036,0.3663602272727272,0.5719062499999995,1.7859999999999983,0.43012777423786436,110,0.004062499999999761,0.26133749999999956,0.6178000000000001,0.5659899999999999,0.7859531249999998,1.3929999999999991,0.34862277598624164,110,0.0,0.0,0.0,0.013971477272727236,0.0,0.39299999999999913,0.052956438171776705,0.4,1.0,0.4,1.1319799999999998,1.2356000000000003,0.3663602272727272,0.8909090909090909,1.0,0.8909090909090909,0.5659899999999999,0.6178000000000001,0.013971477272727236
fixed_10k_discard,0.25,110,110,0.021611249999999974,0.09192656249999998,0.15594999999999998,0.16294272727272724,0.24404437499999992,0.34839999999999993,0.09063306815764986,110,0.018775,0.0536999999999999,0.08744,0.10634372727272724,0.15502625,0.2578,0.06380915728491622,110,0.0004062499999999761,0.026133749999999963,0.06178000000000002,0.056599,0.07859531249999999,0.13929999999999992,0.03486227759862417,110,0.0,0.0,0.0,0.0,0.0,0.0,0.0,110,0.0,0.0,0.0,0.0,0.0,0.0,0.0,110,12500.0,12500.0,12500.0,12500.0,12500.0,12500.0,0.0,110,12500.0,12500.0,12500.0,12500.0,12500.0,12500.0,0.0,110,0.0,0.0,0.0,0.0,0.0,0.0,0.0,110,0.0,0.0,0.0,0.0,0.0,0.0,0.0,110,-0.12490499999999999,-0.04570843750000003,-0.004779999999999965,1.261617073437678e-18,0.04689937499999997,0.1629624999999999,0.06258911409900601,110,-0.2103299999999999,-0.11129249999999999,-0.04120500000000005,-0.05659899999999999,-0.0034224999999999993,0.0946499999999999,0.06814420314586794,110,2500.0,2500.0,2500.0,2500.0,2500.0,2500.0,0.0,110,2500.0,2500.0,2500.0,2500.0,2500.0,2500.0,0.0,110,0.00040624999999997434,0.02613374999999997,0.06178000000000004,0.056599,0.07859531249999999,0.13929999999999995,0.03486227759862417,110,0.00021249999999994884,0.02927687499999994,0.06474999999999997,0.06132440909090909,0.08350062499999994,0.17343499999999995,0.04119738129777683,110,0.0011999999999999997,0.0522299999999999,0.11134250000000001,0.10374718181818181,0.1520999999999999,0.2103299999999999,0.06123383454725936,110,0.0005645850245977124,0.023958695606398826,0.050914336457242776,0.04821483269864556,0.06966053758989081,0.09833801913976778,0.028069920239438197,110,0.0,0.0,0.0,0.0,0.0,0.0,0.0,110,0.0,0.0,0.0,0.0,0.0,0.0,0.0,110,0.0,0.0,0.0,0.0,0.0,0.0,0.0,110,0.0,0.0,0.0,0.0,0.0,0.0,0.0,110,0.008124999999999521,0.5226749999999991,1.2356000000000003,1.1319799999999998,1.5719062499999996,2.7859999999999983,0.6972455519724833,110,0.0,0.0,0.23560000000000036,0.3663602272727272,0.5719062499999995,1.7859999999999983,0.43012777423786436,110,0.004062499999999761,0.26133749999999956,0.6178000000000001,0.5659899999999999,0.7859531249999998,1.3929999999999991,0.34862277598624164,110,0.0,0.0,0.0,0.013971477272727236,0.0,0.39299999999999913,0.052956438171776705,0.4,1.0,0.4,1.1319799999999998,1.2356000000000003,0.3663602272727272,0.8909090909090909,1.0,0.8909090909090909,0.5659899999999999,0.6178000000000001,0.013971477272727236
fixed_10k_discard,0.5,110,110,0.021611249999999974,0.09192656249999998,0.15594999999999998,0.16294272727272724,0.24404437499999992,0.34839999999999993,0.09063306815764986,110,0.018775,0.0536999999999999,0.08744,0.10634372727272724,0.15502625,0.2578,0.06380915728491622,110,0.0004062499999999761,0.026133749999999963,0.06178000000000002,0.056599,0.07859531249999999,0.13929999999999992,0.03486227759862417,110,0.0,0.0,0.0,0.0,0.0,0.0,0.0,110,0.0,0.0,0.0,0.0,0.0,0.0,0.0,110,15000.0,15000.0,15000.0,15000.0,15000.0,15000.0,0.0,110,15000.0,15000.0,15000.0,15000.0,15000.0,15000.0,0.0,110,0.0,0.0,0.0,0.0,0.0,0.0,0.0,110,0.0,0.0,0.0,0.0,0.0,0.0,0.0,110,-0.12490499999999999,-0.04570843750000003,-0.004779999999999965,1.261617073437678e-18,0.04689937499999997,0.1629624999999999,0.06258911409900601,110,-0.2103299999999999,-0.11129249999999999,-0.04120500000000005,-0.05659899999999999,-0.0034224999999999993,0.0946499999999999,0.06814420314586794,110,5000.0,5000.0,5000.0,5000.0,5000.0,5000.0,0.0,110,5000.0,5000.0,5000.0,5000.0,5000.0,5000.0,0.0,110,0.00040624999999997434,0.02613374999999997,0.06178000000000004,0.056599,0.07859531249999999,0.13929999999999995,0.03486227759862417,110,0.00021249999999994884,0.02927687499999994,0.06474999999999997,0.06132440909090909,0.08350062499999994,0.17343499999999995,0.04119738129777683,110,0.0011999999999999997,0.0522299999999999,0.11134250000000001,0.10374718181818181,0.1520999999999999,0.2103299999999999,0.06123383454725936,110,0.0005645850245977124,0.023958695606398826,0.050914336457242776,0.04821483269864556,0.06966053758989081,0.09833801913976778,0.028069920239438197,110,0.0,0.0,0.0,0.0,0.0,0.0,0.0,110,0.0,0.0,0.0,0.0,0.0,0.0,0.0,110,0.0,0.0,0.0,0.0,0.0,0.0,0.0,110,0.0,0.0,0.0,0.0,0.0,0.0,0.0,110,0.008124999999999521,0.5226749999999991,1.2356000000000003,1.1319799999999998,1.5719062499999996,2.7859999999999983,0.6972455519724833,110,0.0,0.0,0.23560000000000036,0.3663602272727272,0.5719062499999995,1.7859999999999983,0.43012777423786436,110,0.004062499999999761,0.26133749999999956,0.6178000000000001,0.5659899999999999,0.7859531249999998,1.3929999999999991,0.34862277598624164,110,0.0,0.0,0.0,0.013971477272727236,0.0,0.39299999999999913,0.052956438171776705,0.4,1.0,0.4,1.1319799999999998,1.2356000000000003,0.3663602272727272,0.8909090909090909,1.0,0.8909090909090909,0.5659899999999999,0.6178000000000001,0.013971477272727236
fixed_10k_discard,0.75,110,110,0.021611249999999974,0.09192656249999998,0.15594999999999998,0.16294272727272724,0.24404437499999992,0.34839999999999993,0.09063306815764986,110,0.018775,0.0536999999999999,0.08744,0.10634372727272724,0.15502625,0.2578,0.06380915728491622,110,0.0004062499999999761,0.026133749999999963,0.06178000000000002,0.056599,0.07859531249999999,0.13929999999999992,0.03486227759862417,110,0.0,0.0,0.0,0.0,0.0,0.0,0.0,110,0.0,0.0,0.0,0.0,0.0,0.0,0.0,110,17500.0,17500.0,17500.0,17500.0,17500.0,17500.0,0.0,110,17500.0,17500.0,17500.0,17500.0,17500.0,17500.0,0.0,110,0.0,0.0,0.0,0.0,0.0,0.0,0.0,110,0.0,0.0,0.0,0.0,0.0,0.0,0.0,110,-0.12490499999999999,-0.04570843750000003,-0.004779999999999965,1.261617073437678e-18,0.04689937499999997,0.1629624999999999,0.06258911409900601,110,-0.2103299999999999,-0.11129249999999999,-0.04120500000000005,-0.05659899999999999,-0.0034224999999999993,0.0946499999999999,0.06814420314586794,110,7500.0,7500.0,7500.0,7500.0,7500.0,7500.0,0.0,110,7500.0,7500.0,7500.0,7500.0,7500.0,7500.0,0.0,110,0.00040624999999997434,0.02613374999999997,0.06178000000000004,0.056599,0.07859531249999999,0.13929999999999995,0.03486227759862417,110,0.00021249999999994884,0.02927687499999994,0.06474999999999997,0.06132440909090909,0.08350062499999994,0.17343499999999995,0.04119738129777683,110,0.0011999999999999997,0.0522299999999999,0.11134250000000001,0.10374718181818181,0.1520999999999999,0.2103299999999999,0.06123383454725936,110,0.0005645850245977124,0.023958695606398826,0.050914336457242776,0.04821483269864556,0.06966053758989081,0.09833801913976778,0.028069920239438197,110,0.0,0.0,0.0,0.0,0.0,0.0,0.0,110,0.0,0.0,0.0,0.0,0.0,0.0,0.0,110,0.0,0.0,0.0,0.0,0.0,0.0,0.0,110,0.0,0.0,0.0,0.0,0.0,0.0,0.0,110,0.008124999999999521,0.5226749999999991,1.2356000000000003,1.1319799999999998,1.5719062499999996,2.7859999999999983,0.6972455519724833,110,0.0,0.0,0.23560000000000036,0.3663602272727272,0.5719062499999995,1.7859999999999983,0.43012777423786436,110,0.004062499999999761,0.26133749999999956,0.6178000000000001,0.5659899999999999,0.7859531249999998,1.3929999999999991,0.34862277598624164,110,0.0,0.0,0.0,0.013971477272727236,0.0,0.39299999999999913,0.052956438171776705,0.4,1.0,0.4,1.1319799999999998,1.2356000000000003,0.3663602272727272,0.8909090909090909,1.0,0.8909090909090909,0.5659899999999999,0.6178000000000001,0.013971477272727236
fixed_10k_discard,0.9,110,110,0.021611249999999974,0.09192656249999998,0.15594999999999998,0.16294272727272724,0.24404437499999992,0.34839999999999993,0.09063306815764986,110,0.018775,0.0536999999999999,0.08744,0.10634372727272724,0.15502625,0.2578,0.06380915728491622,110,0.0004062499999999761,0.026133749999999963,0.06178000000000002,0.056599,0.07859531249999999,0.13929999999999992,0.03486227759862417,110,0.0,0.0,0.0,0.0,0.0,0.0,0.0,110,0.0,0.0,0.0,0.0,0.0,0.0,0.0,110,19000.0,19000.0,19000.0,19000.0,19000.0,19000.0,0.0,110,19000.0,19000.0,19000.0,19000.0,19000.0,19000.0,0.0,110,0.0,0.0,0.0,0.0,0.0,0.0,0.0,110,0.0,0.0,0.0,0.0,0.0,0.0,0.0,110,-0.12490499999999999,-0.04570843750000003,-0.004779999999999965,1.261617073437678e-18,0.04689937499999997,0.1629624999999999,0.06258911409900601,110,-0.2103299999999999,-0.11129249999999999,-0.04120500000000005,-0.05659899999999999,-0.0034224999999999993,0.0946499999999999,0.06814420314586794,110,9000.0,9000.0,9000.0,9000.0,9000.0,9000.0,0.0,110,9000.0,9000.0,9000.0,9000.0,9000.0,9000.0,0.0,110,0.00040624999999997434,0.02613374999999997,0.06178000000000004,0.056599,0.07859531249999999,0.13929999999999995,0.03486227759862417,110,0.00021249999999994884,0.02927687499999994,0.06474999999999997,0.06132440909090909,0.08350062499999994,0.17343499999999995,0.04119738129777683,110,0.0011999999999999997,0.0522299999999999,0.11134250000000001,0.10374718181818181,0.1520999999999999,0.2103299999999999,0.06123383454725936,110,0.0005645850245977124,0.023958695606398826,0.050914336457242776,0.04821483269864556,0.06966053758989081,0.09833801913976778,0.028069920239438197,110,0.0,0.0,0.0,0.0,0.0,0.0,0.0,110,0.0,0.0,0.0,0.0,0.0,0.0,0.0,110,0.0,0.0,0.0,0.0,0.0,0.0,0.0,110,0.0,0.0,0.0,0.0,0.0,0.0,0.0,110,0.008124999999999521,0.5226749999999991,1.2356000000000003,1.1319799999999998,1.5719062499999996,2.7859999999999983,0.6972455519724833,110,0.0,0.0,0.23560000000000036,0.3663602272727272,0.5719062499999995,1.7859999999999983,0.43012777423786436,110,0.004062499999999761,0.26133749999999956,0.6178000000000001,0.5659899999999999,0.7859531249999998,1.3929999999999991,0.34862277598624164,110,0.0,0.0,0.0,0.013971477272727236,0.0,0.39299999999999913,0.052956438171776705,0.4,1.0,0.4,1.1319799999999998,1.2356000000000003,0.3663602272727272,0.8909090909090909,1.0,0.8909090909090909,0.5659899999999999,0.6178000000000001,0.013971477272727236
fixed_10k_keep,0.1,110,110,0.02038749999999995,0.09068499999999999,0.15542937499999998,0.16241474999999997,0.23898937499999998,0.33797499999999997,0.0899100907588451,110,0.016375,0.06304999999999991,0.089925,0.11171472727272726,0.161045,0.2591,0.06584944651859782,110,0.0017849999999999498,0.023549375000000046,0.05558562500000002,0.050700022727272726,0.07077281250000002,0.12335624999999997,0.03096141673212417,110,0.0,0.0,0.0,0.0,0.0,0.0,0.0,110,0.0,0.0,0.0,0.0,0.0,0.0,0.0,110,10000.0,10000.0,10000.0,10000.0,10000.0,10000.0,0.0,110,10000.0,10000.0,10000.0,10000.0,10000.0,10000.0,0.0,110,0.0,0.0,0.0,0.0,0.0,0.0,0.0,110,0.0,0.0,0.0,0.0,0.0,0.0,0.0,110,-0.1148325,-0.03983468750000005,-0.005128749999999977,-0.0005279772727272792,0.043041875000000014,0.14529624999999996,0.05634863163745389,110,-0.1868499999999999,-0.10027375000000005,-0.03735500000000005,-0.051228,-0.003986249999999986,0.08576500000000001,0.06124925511698342,110,0.0,0.0,0.0,0.0,0.0,0.0,0.0,110,0.0,0.0,0.0,0.0,0.0,0.0,0.0,110,0.001784999999999949,0.023549375000000046,0.05558562500000003,0.05070002272727273,0.07077281250000002,0.12335624999999997,0.030961416732124176,110,0.0012374999999999504,0.026151875000000054,0.05757500000000002,0.05487906818181818,0.07439500000000002,0.15489749999999994,0.03664640014777958,110,0.003094999999999997,0.0472850000000001,0.09755749999999999,0.09304195454545452,0.13727499999999992,0.183905,0.05432797312017574,110,0.0013010444522254542,0.021736663010094543,0.04587080985577083,0.04323261348682678,0.06292463685560365,0.08815186824452446,0.024943258298721405,110,0.0,0.0,0.0,0.0,0.0,0.0,0.0,110,0.0,0.0,0.0,0.0,0.0,0.0,0.0,110,0.0,0.0,0.0,0.0,0.0,0.0,0.0,110,0.0,0.0,0.0,0.0,0.0,0.0,0.0,110,0.035699999999998996,0.4709875000000009,1.1117125000000003,1.0140004545454546,1.41545625,2.4671249999999993,0.6192283346424834,110,0.0,0.0,0.11171250000000033,0.2653922727272727,0.4154562500000002,1.4671249999999993,0.34654149644530124,110,0.017849999999999498,0.23549375000000045,0.5558562500000002,0.5070002272727273,0.707728125,1.2335624999999997,0.3096141673212417,110,0.0,0.0,0.0,0.003906704545454536,0.0,0.23356249999999967,0.024680924114177608,0.43636363636363634,1.0,0.43636363636363634,1.0140004545454546,1.1117125000000003,0.2653922727272727,0.9545454545454546,1.0,0.9545454545454546,0.5070002272727273,0.5558562500000002,0.003906704545454536
fixed_10k_keep,0.25,110,110,0.019887499999999975,0.09045624999999999,0.15512375,0.16230885227272726,0.2408371875,0.3357,0.09010733130164406,110,0.01828,0.06862499999999991,0.10163499999999995,0.11993154545454543,0.17633124999999994,0.2893,0.07017733366901603,110,0.0015474999999999725,0.020104375000000063,0.04587374999999999,0.042377306818181824,0.05854375000000003,0.10431125000000005,0.025615647320508843,110,0.0,0.0,0.0,0.0,0.0,0.0,0.0,110,0.0,0.0,0.0,0.0,0.0,0.0,0.0,110,10000.0,10000.0,10000.0,10000.0,10000.0,10000.0,0.0,110,10000.0,10000.0,10000.0,10000.0,10000.0,10000.0,0.0,110,0.0,0.0,0.0,0.0,0.0,0.0,0.0,110,0.0,0.0,0.0,0.0,0.0,0.0,0.0,110,-0.09756999999999999,-0.032575,-0.006171250000000017,-0.0006338750000000039,0.035738750000000014,0.12267499999999992,0.04739268319489212,110,-0.15728,-0.08136,-0.03045500000000005,-0.04301118181818182,-0.0036287499999999064,0.0721449999999999,0.051261048815398925,110,0.0,0.0,0.0,0.0,0.0,0.0,0.0,110,0.0,0.0,0.0,0.0,0.0,0.0,0.0,110,0.0015474999999999742,0.020104375000000067,0.04587374999999999,0.04237730681818182,0.058543750000000026,0.10431125000000002,0.025615647320508843,110,0.0005199999999999493,0.022391875000000096,0.04774999999999996,0.04594952272727272,0.06349187499999998,0.13194750000000005,0.03046514933346019,110,0.0024049999999999974,0.03828500000000003,0.08059,0.07761018181818183,0.11490000000000007,0.1539550000000001,0.04485818523453046,110,0.0010893614337460773,0.0175121939699177,0.03883005009207627,0.036129042156895295,0.05234045261942635,0.07265500734062773,0.020677952063306356,110,0.0,0.0,0.0,0.0,0.0,0.0,0.0,110,0.0,0.0,0.0,0.0,0.0,0.0,0.0,110,0.0,0.0,0.0,0.0,0.0,0.0,0.0,110,0.0,0.0,0.0,0.0,0.0,0.0,0.0,110,0.03094999999999945,0.40208750000000126,0.9174749999999998,0.8475461363636362,1.1708750000000006,2.0862250000000007,0.5123129464101769,110,0.0,0.0,0.0,0.13726909090909095,0.17087500000000067,1.0862250000000007,0.23372497434909928,110,0.015474999999999725,0.20104375000000063,0.4587374999999999,0.4237730681818181,0.5854375000000003,1.0431125000000003,0.25615647320508844,110,0.0,0.0,0.0,0.0003919318181818212,0.0,0.04311250000000033,0.004110615587885091,0.5727272727272728,1.0,0.5727272727272728,0.8475461363636362,0.9174749999999998,0.13726909090909095,0.990909090909091,1.0,0.990909090909091,0.4237730681818181,0.4587374999999999,0.0003919318181818212
fixed_10k_keep,0.5,110,110,0.019173749999999976,0.0878728125,0.1479999999999999,0.16233047727272723,0.24374718749999996,0.358475,0.09213075308271897,110,0.01706,0.0734,0.11801999999999996,0.1340774545454545,0.1969999999999999,0.3292,0.07913176476219047,110,0.0006925000000000264,0.013587812499999985,0.02965249999999999,0.028253022727272734,0.0392975,0.07084875000000004,0.017085750209381172,110,0.0,0.0,0.0,0.0,0.0,0.0,0.0,110,0.0,0.0,0.0,0.0,0.0,0.0,0.0,110,10000.0,10000.0,10000.0,10000.0,10000.0,10000.0,0.0,110,10000.0,10000.0,10000.0,10000.0,10000.0,10000.0,0.0,110,0.0,0.0,0.0,0.0,0.0,0.0,0.0,110,0.0,0.0,0.0,0.0,0.0,0.0,0.0,110,-0.06473125000000002,-0.02151812500000006,-0.0049506250000000245,-0.0006122500000000047,0.02445499999999996,0.08209374999999991,0.03155580677046037,110,-0.10488,-0.052120000000000055,-0.020700000000000045,-0.028865272727272743,-0.003962499999999998,0.050184999999999896,0.03402407164495578,110,0.0,0.0,0.0,0.0,0.0,0.0,0.0,110,0.0,0.0,0.0,0.0,0.0,0.0,0.0,110,0.0006925000000000247,0.013587812499999989,0.02965249999999999,0.02825302272727273,0.039297499999999985,0.07084875000000007,0.01708575020938117,110,0.0005649999999999995,0.014791250000000013,0.030461250000000002,0.030686545454545463,0.04307437499999994,0.08819250000000012,0.020213373953412224,110,0.0016400000000000997,0.025690000000000025,0.05344999999999995,0.051639,0.07474875000000004,0.10796000000000008,0.03008292427500658,110,0.0007427033952617938,0.01178278823590864,0.025370772468183297,0.024029960280486734,0.033670423070637945,0.050307639641012786,0.013805541254190284,110,0.0,0.0,0.0,0.0,0.0,0.0,0.0,110,0.0,0.0,0.0,0.0,0.0,0.0,0.0,110,0.0,0.0,0.0,0.0,0.0,0.0,0.0,110,0.0,0.0,0.0,0.0,0.0,0.0,0.0,110,0.013850000000000529,0.2717562499999997,0.5930499999999999,0.5650604545454547,0.7859499999999999,1.4169750000000008,0.34171500418762346,110,0.0,0.0,0.0,0.015515454545454624,0.0,0.41697500000000076,0.05880484907744327,110,0.006925000000000264,0.13587812499999985,0.2965249999999999,0.28253022727272736,0.39297499999999996,0.7084875000000004,0.17085750209381173,110,0.0,0.0,0.0,0.0,0.0,0.0,0.0,0.9,1.0,0.9,0.5650604545454547,0.5930499999999999,0.015515454545454624,1.0,1.0,1.0,0.28253022727272736,0.2965249999999999,0.0
fixed_10k_keep,0.75,110,110,0.01913,0.08379718749999993,0.15030312499999998,0.1623088522727273,0.24013781249999994,0.387225,0.09637728064361624,110,0.01828,0.07265999999999992,0.1387,0.1483512272727272,0.21321999999999997,0.3732,0.09035622950144896,110,0.0008500000000000001,0.0065412500000000175,0.014462499999999982,0.013957625000000001,0.019885312499999974,0.035160000000000025,0.008252032877754367,110,0.0,0.0,0.0,0.0,0.0,0.0,0.0,110,0.0,0.0,0.0,0.0,0.0,0.0,0.0,110,10000.0,10000.0,10000.0,10000.0,10000.0,10000.0,0.0,110,10000.0,10000.0,10000.0,10000.0,10000.0,10000.0,0.0,110,0.0,0.0,0.0,0.0,0.0,0.0,0.0,110,0.0,0.0,0.0,0.0,0.0,0.0,0.0,110,-0.031593749999999976,-0.010600000000000033,-0.002695625000000014,-0.0006338750000000046,0.012020937499999964,0.04235499999999992,0.01595713933496374,110,-0.056494999999999906,-0.0258875,-0.010649999999999944,-0.014591500000000006,-0.0027312499999999993,0.026799999999999907,0.01713229886712454,110,0.0,0.0,0.0,0.0,0.0,0.0,0.0,110,0.0,0.0,0.0,0.0,0.0,0.0,0.0,110,0.0008499999999999992,0.0065412500000000175,0.014462499999999996,0.013957625000000003,0.019885312499999974,0.035160000000000025,0.008252032877754369,110,0.0007524999999999511,0.007311249999999998,0.014149999999999961,0.015224613636363639,0.021609374999999997,0.04417000000000004,0.009785131473677391,110,0.0016100000000000003,0.013447500000000025,0.026175000000000004,0.025381272727272735,0.03791500000000008,0.05317500000000003,0.014448213715126348,110,0.0007155577661284235,0.0063625246972411524,0.012342915621776654,0.011857103416918625,0.017347130408287177,0.02396315452940202,0.006631832508987213,110,0.0,0.0,0.0,0.0,0.0,0.0,0.0,110,0.0,0.0,0.0,0.0,0.0,0.0,0.0,110,0.0,0.0,0.0,0.0,0.0,0.0,0.0,110,0.0,0.0,0.0,0.0,0.0,0.0,0.0,110,0.017,0.13082500000000036,0.2892499999999997,0.2791525000000001,0.3977062499999995,0.7032000000000005,0.16504065755508734,110,0.0,0.0,0.0,0.0,0.0,0.0,0.0,110,0.0085,0.06541250000000018,0.14462499999999984,0.13957625000000004,0.19885312499999974,0.35160000000000025,0.08252032877754367,110,0.0,0.0,0.0,0.0,0.0,0.0,0.0,1.0,1.0,1.0,0.2791525000000001,0.2892499999999997,0.0,1.0,1.0,1.0,0.13957625000000004,0.14462499999999984,0.0
fixed_10k_keep,0.9,110,110,0.017712500000000003,0.07909749999999995,0.15301499999999996,0.16241474999999994,0.23232531249999994,0.39974999999999994,0.09970240568277923,110,0.016375,0.07644999999999998,0.14627,0.15655140909090906,0.21990374999999998,0.3929,0.0972321717346885,110,0.0003462500000000063,0.003381249999999971,0.005524999999999974,0.005863340909090909,0.008056249999999994,0.014203749999999932,0.0033804752568009073,110,0.0,0.0,0.0,0.0,0.0,0.0,0.0,110,0.0,0.0,0.0,0.0,0.0,0.0,0.0,110,10000.0,10000.0,10000.0,10000.0,10000.0,10000.0,0.0,110,10000.0,10000.0,10000.0,10000.0,10000.0,10000.0,0.0,110,0.0,0.0,0.0,0.0,0.0,0.0,0.0,110,0.0,0.0,0.0,0.0,0.0,0.0,0.0,110,-0.014926249999999919,-0.004675624999999968,-0.0011799999999999866,-0.0005279772727272759,0.004468125000000014,0.017557499999999948,0.006650125035430833,110,-0.02613499999999991,-0.011327500000000018,-0.004799999999999995,-0.006391318181818186,-0.0015125,0.010105000000000003,0.007297947797415014,110,0.0,0.0,0.0,0.0,0.0,0.0,0.0,110,0.0,0.0,0.0,0.0,0.0,0.0,0.0,110,0.0003462500000000028,0.0033812499999999693,0.005524999999999971,0.005863340909090908,0.008056250000000015,0.014203749999999925,0.0033804752568009073,110,0.0001275000000000026,0.003606874999999952,0.006000000000000026,0.00632047727272727,0.008800000000000016,0.017299999999999954,0.0039866337673970294,110,0.0007349999999999024,0.006374999999999928,0.010500000000000044,0.010812409090909091,0.013924999999999979,0.022785,0.006012684631883272,110,0.00033148655075780886,0.002988792177950465,0.004989464774337626,0.004989518451523869,0.007076380624235708,0.010543067528791923,0.002754681360288609,110,0.0,0.0,0.0,0.0,0.0,0.0,0.0,110,0.0,0.0,0.0,0.0,0.0,0.0,0.0,110,0.0,0.0,0.0,0.0,0.0,0.0,0.0,110,0.0,0.0,0.0,0.0,0.0,0.0,0.0,110,0.0069250000000001255,0.06762499999999942,0.11049999999999949,0.11726681818181815,0.16112499999999988,0.28407499999999863,0.06760950513601814,110,0.0,0.0,0.0,0.0,0.0,0.0,0.0,110,0.0034625000000000627,0.03381249999999971,0.055249999999999744,0.058633409090909076,0.08056249999999994,0.14203749999999932,0.03380475256800907,110,0.0,0.0,0.0,0.0,0.0,0.0,0.0,1.0,1.0,1.0,0.11726681818181815,0.11049999999999949,0.0,1.0,1.0,1.0,0.058633409090909076,0.055249999999999744,0.0
fixed_20k_discard,0.1,110,110,0.01959999999999995,0.080144375,0.15721062499999994,0.1620062272727273,0.24383624999999995,0.3488125,0.09144880965427661,110,0.0170149999999999,0.0540499999999999,0.0860049999999999,0.10460249999999995,0.14718124999999999,0.25605,0.06394997946270052,110,0.0020099999999999493,0.02874437499999999,0.062215625000000066,0.057403727272727294,0.07902218750000001,0.13860874999999995,0.034869801472477334,110,0.0,0.0,0.0,0.0,0.0,0.0,0.0,110,0.0,0.0,0.0,0.0,0.0,0.0,0.0,110,22000.0,22000.0,22000.0,22000.0,22000.0,22000.0,0.0,110,22000.0,22000.0,22000.0,22000.0,22000.0,22000.0,0.0,110,0.0,0.0,0.0,0.0,0.0,0.0,0.0,110,0.0,0.0,0.0,0.0,0.0,0.0,0.0,110,-0.12870625000000002,-0.04502812499999999,-0.004392499999999997,2.5232341468753557e-19,0.04709406250000002,0.16235874999999994,0.06303570210120771,110,-0.2071099999999999,-0.11079,-0.0405500000000001,-0.05740372727272729,-0.0042300000000000245,0.09499999999999989,0.06893294743736118,110,2000.0,2000.0,2000.0,2000.0,2000.0,2000.0,0.0,110,2000.0,2000.0,2000.0,2000.0,2000.0,2000.0,0.0,110,0.00200999999999995,0.028744375000000003,0.062215625000000066,0.057403727272727294,0.07902218750000001,0.13860874999999995,0.03486980147247734,110,0.0018024999999999534,0.031200000000000103,0.06476499999999999,0.06224729545454546,0.08372250000000007,0.17366249999999994,0.04093135660834515,110,0.003249999999999899,0.06310749999999993,0.1106575,0.10512031818181822,0.1545,0.2071099999999999,0.06177729343804938,110,0.0013995177740921667,0.027666710839171025,0.05007730101724017,0.048582153099745416,0.07055388351002068,0.09897815258724187,0.028229784728843903,110,0.0,0.0,0.0,0.0,0.0,0.0,0.0,110,0.0,0.0,0.0,0.0,0.0,0.0,0.0,110,0.0,0.0,0.0,0.0,0.0,0.0,0.0,110,0.0,0.0,0.0,0.0,0.0,0.0,0.0,110,0.04019999999999899,0.5748874999999997,1.2443125000000013,1.1480745454545453,1.5804437500000001,2.772174999999999,0.6973960294495468,110,0.0,0.0,0.24431250000000126,0.37477227272727287,0.5804437500000001,1.772174999999999,0.4370547069569525,110,0.020099999999999493,0.28744374999999983,0.6221562500000006,0.5740372727272727,0.7902218750000001,1.3860874999999995,0.3486980147247734,110,0.0,0.0,0.0,0.014993636363636327,0.0,0.3860874999999995,0.053702885147107526,0.39090909090909093,1.0,0.39090909090909093,1.1480745454545453,1.2443125000000013,0.37477227272727287,0.8818181818181818,1.0,0.8818181818181818,0.5740372727272727,0.6221562500000006,0.014993636363636327
fixed_20k_discard,0.25,110,110,0.01959999999999995,0.080144375,0.15721062499999994,0.1620062272727273,0.24383624999999995,0.3488125,0.09144880965427661,110,0.0170149999999999,0.0540499999999999,0.0860049999999999,0.10460249999999995,0.14718124999999999,0.25605,0.06394997946270052,110,0.0020099999999999493,0.02874437499999999,0.062215625000000066,0.057403727272727294,0.07902218750000001,0.13860874999999995,0.034869801472477334,110,0.0,0.0,0.0,0.0,0.0,0.0,0.0,110,0.0,0.0,0.0,0.0,0.0,0.0,0.0,110,25000.0,25000.0,25000.0,25000.0,25000.0,25000.0,0.0,110,25000.0,25000.0,25000.0,25000.0,25000.0,25000.0,0.0,110,0.0,0.0,0.0,0.0,0.0,0.0,0.0,110,0.0,0.0,0.0,0.0,0.0,0.0,0.0,110,-0.12870625000000002,-0.04502812499999999,-0.004392499999999997,2.5232341468753557e-19,0.04709406250000002,0.16235874999999994,0.06303570210120771,110,-0.2071099999999999,-0.11079,-0.0405500000000001,-0.05740372727272729,-0.0042300000000000245,0.09499999999999989,0.06893294743736118,110,5000.0,5000.0,5000.0,5000.0,5000.0,5000.0,0.0,110,5000.0,5000.0,5000.0,5000.0,5000.0,5000.0,0.0,110,0.00200999999999995,0.028744375000000003,0.062215625000000066,0.057403727272727294,0.07902218750000001,0.13860874999999995,0.03486980147247734,110,0.0018024999999999534,0.031200000000000103,0.06476499999999999,0.06224729545454546,0.08372250000000007,0.17366249999999994,0.04093135660834515,110,0.003249999999999899,0.06310749999999993,0.1106575,0.10512031818181822,0.1545,0.2071099999999999,0.06177729343804938,110,0.0013995177740921667,0.027666710839171025,0.05007730101724017,0.048582153099745416,0.07055388351002068,0.09897815258724187,0.028229784728843903,110,0.0,0.0,0.0,0.0,0.0,0.0,0.0,110,0.0,0.0,0.0,0.0,0.0,0.0,0.0,110,0.0,0.0,0.0,0.0,0.0,0.0,0.0,110,0.0,0.0,0.0,0.0,0.0,0.0,0.0,110,0.04019999999999899,0.5748874999999997,1.2443125000000013,1.1480745454545453,1.5804437500000001,2.772174999999999,0.6973960294495468,110,0.0,0.0,0.24431250000000126,0.37477227272727287,0.5804437500000001,1.772174999999999,0.4370547069569525,110,0.020099999999999493,0.28744374999999983,0.6221562500000006,0.5740372727272727,0.7902218750000001,1.3860874999999995,0.3486980147247734,110,0.0,0.0,0.0,0.014993636363636327,0.0,0.3860874999999995,0.053702885147107526,0.39090909090909093,1.0,0.39090909090909093,1.1480745454545453,1.2443125000000013,0.37477227272727287,0.8818181818181818,1.0,0.8818181818181818,0.5740372727272727,0.6221562500000006,0.014993636363636327
fixed_20k_discard,0.5,110,110,0.01959999999999995,0.080144375,0.15721062499999994,0.1620062272727273,0.24383624999999995,0.3488125,0.09144880965427661,110,0.0170149999999999,0.0540499999999999,0.0860049999999999,0.10460249999999995,0.14718124999999999,0.25605,0.06394997946270052,110,0.0020099999999999493,0.02874437499999999,0.062215625000000066,0.057403727272727294,0.07902218750000001,0.13860874999999995,0.034869801472477334,110,0.0,0.0,0.0,0.0,0.0,0.0,0.0,110,0.0,0.0,0.0,0.0,0.0,0.0,0.0,110,30000.0,30000.0,30000.0,30000.0,30000.0,30000.0,0.0,110,30000.0,30000.0,30000.0,30000.0,30000.0,30000.0,0.0,110,0.0,0.0,0.0,0.0,0.0,0.0,0.0,110,0.0,0.0,0.0,0.0,0.0,0.0,0.0,110,-0.12870625000000002,-0.04502812499999999,-0.004392499999999997,2.5232341468753557e-19,0.04709406250000002,0.16235874999999994,0.06303570210120771,110,-0.2071099999999999,-0.11079,-0.0405500000000001,-0.05740372727272729,-0.0042300000000000245,0.09499999999999989,0.06893294743736118,110,10000.0,10000.0,10000.0,10000.0,10000.0,10000.0,0.0,110,10000.0,10000.0,10000.0,10000.0,10000.0,10000.0,0.0,110,0.00200999999999995,0.028744375000000003,0.062215625000000066,0.057403727272727294,0.07902218750000001,0.13860874999999995,0.03486980147247734,110,0.0018024999999999534,0.031200000000000103,0.06476499999999999,0.06224729545454546,0.08372250000000007,0.17366249999999994,0.04093135660834515,110,0.003249999999999899,0.06310749999999993,0.1106575,0.10512031818181822,0.1545,0.2071099999999999,0.06177729343804938,110,0.0013995177740921667,0.027666710839171025,0.05007730101724017,0.048582153099745416,0.07055388351002068,0.09897815258724187,0.028229784728843903,110,0.0,0.0,0.0,0.0,0.0,0.0,0.0,110,0.0,0.0,0.0,0.0,0.0,0.0,0.0,110,0.0,0.0,0.0,0.0,0.0,0.0,0.0,110,0.0,0.0,0.0,0.0,0.0,0.0,0.0,110,0.04019999999999899,0.5748874999999997,1.2443125000000013,1.1480745454545453,1.5804437500000001,2.772174999999999,0.6973960294495468,110,0.0,0.0,0.24431250000000126,0.37477227272727287,0.5804437500000001,1.772174999999999,0.4370547069569525,110,0.020099999999999493,0.28744374999999983,0.6221562500000006,0.5740372727272727,0.7902218750000001,1.3860874999999995,0.3486980147247734,110,0.0,0.0,0.0,0.014993636363636327,0.0,0.3860874999999995,0.053702885147107526,0.39090909090909093,1.0,0.39090909090909093,1.1480745454545453,1.2443125000000013,0.37477227272727287,0.8818181818181818,1.0,0.8818181818181818,0.5740372727272727,0.6221562500000006,0.014993636363636327
fixed_20k_discard,0.75,110,110,0.01959999999999995,0.080144375,0.15721062499999994,0.1620062272727273,0.24383624999999995,0.3488125,0.09144880965427661,110,0.0170149999999999,0.0540499999999999,0.0860049999999999,0.10460249999999995,0.14718124999999999,0.25605,0.06394997946270052,110,0.0020099999999999493,0.02874437499999999,0.062215625000000066,0.057403727272727294,0.07902218750000001,0.13860874999999995,0.034869801472477334,110,0.0,0.0,0.0,0.0,0.0,0.0,0.0,110,0.0,0.0,0.0,0.0,0.0,0.0,0.0,110,35000.0,35000.0,35000.0,35000.0,35000.0,35000.0,0.0,110,35000.0,35000.0,35000.0,35000.0,35000.0,35000.0,0.0,110,0.0,0.0,0.0,0.0,0.0,0.0,0.0,110,0.0,0.0,0.0,0.0,0.0,0.0,0.0,110,-0.12870625000000002,-0.04502812499999999,-0.004392499999999997,2.5232341468753557e-19,0.04709406250000002,0.16235874999999994,0.06303570210120771,110,-0.2071099999999999,-0.11079,-0.0405500000000001,-0.05740372727272729,-0.0042300000000000245,0.09499999999999989,0.06893294743736118,110,15000.0,15000.0,15000.0,15000.0,15000.0,15000.0,0.0,110,15000.0,15000.0,15000.0,15000.0,15000.0,15000.0,0.0,110,0.00200999999999995,0.028744375000000003,0.062215625000000066,0.057403727272727294,0.07902218750000001,0.13860874999999995,0.03486980147247734,110,0.0018024999999999534,0.031200000000000103,0.06476499999999999,0.06224729545454546,0.08372250000000007,0.17366249999999994,0.04093135660834515,110,0.003249999999999899,0.06310749999999993,0.1106575,0.10512031818181822,0.1545,0.2071099999999999,0.06177729343804938,110,0.0013995177740921667,0.027666710839171025,0.05007730101724017,0.048582153099745416,0.07055388351002068,0.09897815258724187,0.028229784728843903,110,0.0,0.0,0.0,0.0,0.0,0.0,0.0,110,0.0,0.0,0.0,0.0,0.0,0.0,0.0,110,0.0,0.0,0.0,0.0,0.0,0.0,0.0,110,0.0,0.0,0.0,0.0,0.0,0.0,0.0,110,0.04019999999999899,0.5748874999999997,1.2443125000000013,1.1480745454545453,1.5804437500000001,2.772174999999999,0.6973960294495468,110,0.0,0.0,0.24431250000000126,0.37477227272727287,0.5804437500000001,1.772174999999999,0.4370547069569525,110,0.020099999999999493,0.28744374999999983,0.6221562500000006,0.5740372727272727,0.7902218750000001,1.3860874999999995,0.3486980147247734,110,0.0,0.0,0.0,0.014993636363636327,0.0,0.3860874999999995,0.053702885147107526,0.39090909090909093,1.0,0.39090909090909093,1.1480745454545453,1.2443125000000013,0.37477227272727287,0.8818181818181818,1.0,0.8818181818181818,0.5740372727272727,0.6221562500000006,0.014993636363636327
fixed_20k_discard,0.9,110,110,0.01959999999999995,0.080144375,0.15721062499999994,0.1620062272727273,0.24383624999999995,0.3488125,0.09144880965427661,110,0.0170149999999999,0.0540499999999999,0.0860049999999999,0.10460249999999995,0.14718124999999999,0.25605,0.06394997946270052,110,0.0020099999999999493,0.02874437499999999,0.062215625000000066,0.057403727272727294,0.07902218750000001,0.13860874999999995,0.034869801472477334,110,0.0,0.0,0.0,0.0,0.0,0.0,0.0,110,0.0,0.0,0.0,0.0,0.0,0.0,0.0,110,38000.0,38000.0,38000.0,38000.0,38000.0,38000.0,0.0,110,38000.0,38000.0,38000.0,38000.0,38000.0,38000.0,0.0,110,0.0,0.0,0.0,0.0,0.0,0.0,0.0,110,0.0,0.0,0.0,0.0,0.0,0.0,0.0,110,-0.12870625000000002,-0.04502812499999999,-0.004392499999999997,2.5232341468753557e-19,0.04709406250000002,0.16235874999999994,0.06303570210120771,110,-0.2071099999999999,-0.11079,-0.0405500000000001,-0.05740372727272729,-0.0042300000000000245,0.09499999999999989,0.06893294743736118,110,18000.0,18000.0,18000.0,18000.0,18000.0,18000.0,0.0,110,18000.0,18000.0,18000.0,18000.0,18000.0,18000.0,0.0,110,0.00200999999999995,0.028744375000000003,0.062215625000000066,0.057403727272727294,0.07902218750000001,0.13860874999999995,0.03486980147247734,110,0.0018024999999999534,0.031200000000000103,0.06476499999999999,0.06224729545454546,0.08372250000000007,0.17366249999999994,0.04093135660834515,110,0.003249999999999899,0.06310749999999993,0.1106575,0.10512031818181822,0.1545,0.2071099999999999,0.06177729343804938,110,0.0013995177740921667,0.027666710839171025,0.05007730101724017,0.048582153099745416,0.07055388351002068,0.09897815258724187,0.028229784728843903,110,0.0,0.0,0.0,0.0,0.0,0.0,0.0,110,0.0,0.0,0.0,0.0,0.0,0.0,0.0,110,0.0,0.0,0.0,0.0,0.0,0.0,0.0,110,0.0,0.0,0.0,0.0,0.0,0.0,0.0,110,0.04019999999999899,0.5748874999999997,1.2443125000000013,1.1480745454545453,1.5804437500000001,2.772174999999999,0.6973960294495468,110,0.0,0.0,0.24431250000000126,0.37477227272727287,0.5804437500000001,1.772174999999999,0.4370547069569525,110,0.020099999999999493,0.28744374999999983,0.6221562500000006,0.5740372727272727,0.7902218750000001,1.3860874999999995,0.3486980147247734,110,0.0,0.0,0.0,0.014993636363636327,0.0,0.3860874999999995,0.053702885147107526,0.39090909090909093,1.0,0.39090909090909093,1.1480745454545453,1.2443125000000013,0.37477227272727287,0.8818181818181818,1.0,0.8818181818181818,0.5740372727272727,0.6221562500000006,0.014993636363636327
fixed_20k_keep,0.1,110,110,0.018124999999999922,0.07823781249999998,0.15445499999999998,0.1613498863636363,0.23867187499999998,0.33991249999999995,0.09072748797872467,110,0.014265,0.06331249999999992,0.09017749999999994,0.1096937727272727,0.15696624999999997,0.25725,0.06552400651244769,110,0.002084999999999927,0.024830937500000053,0.05714250000000001,0.05165611363636365,0.07212500000000004,0.124335,0.031507794682511775,110,0.0,0.0,0.0,0.0,0.0,0.0,0.0,110,0.0,0.0,0.0,0.0,0.0,0.0,0.0,110,20000.0,20000.0,20000.0,20000.0,20000.0,20000.0,0.0,110,20000.0,20000.0,20000.0,20000.0,20000.0,20000.0,0.0,110,0.0,0.0,0.0,0.0,0.0,0.0,0.0,110,0.0,0.0,0.0,0.0,0.0,0.0,0.0,110,-0.11757125000000002,-0.04102343750000004,-0.004643750000000054,-0.0006563409090909165,0.041744375,0.14484499999999995,0.05696450220068781,110,-0.18753,-0.09868750000000001,-0.03653750000000005,-0.05231245454545456,-0.004637499999999977,0.08413999999999999,0.06233680378272966,110,0.0,0.0,0.0,0.0,0.0,0.0,0.0,110,0.0,0.0,0.0,0.0,0.0,0.0,0.0,110,0.0020849999999999237,0.024830937500000046,0.05714250000000002,0.05165611363636365,0.07212500000000002,0.124335,0.031507794682511775,110,0.0005824999999999997,0.02732312500000009,0.05887250000000001,0.055891113636363655,0.07606937500000002,0.15568250000000003,0.037049090872394067,110,0.0038149999999998983,0.05357250000000001,0.097745,0.09484222727272726,0.13815,0.1863549999999999,0.05563471314880403,110,0.0019320239819077098,0.02389961082824734,0.0462195064693668,0.04387386411642027,0.06332389336974663,0.0895673140250765,0.02542034956510596,110,0.0,0.0,0.0,0.0,0.0,0.0,0.0,110,0.0,0.0,0.0,0.0,0.0,0.0,0.0,110,0.0,0.0,0.0,0.0,0.0,0.0,0.0,110,0.0,0.0,0.0,0.0,0.0,0.0,0.0,110,0.041699999999998544,0.496618750000001,1.1428500000000001,1.0331222727272726,1.4425000000000008,2.4867,0.6301558936502355,110,0.0,0.0,0.14285000000000025,0.2793825000000001,0.4425000000000008,1.4867,0.3597034853759808,110,0.020849999999999272,0.2483093750000005,0.5714250000000001,0.5165611363636363,0.7212500000000004,1.24335,0.31507794682511775,110,0.0,0.0,0.0,0.00476636363636363,0.0,0.24334999999999996,0.026192234647065174,0.42727272727272725,1.0,0.42727272727272725,1.0331222727272726,1.1428500000000001,0.2793825000000001,0.9363636363636364,1.0,0.9363636363636364,0.5165611363636363,0.5714250000000001,0.00476636363636363
fixed_20k_keep,0.25,110,110,0.017926249999999977,0.076099375,0.15330875,0.16068552272727266,0.24038406250000002,0.330975,0.09068322355280072,110,0.01488,0.07003374999999992,0.099755,0.1177971818181818,0.1727375,0.2818,0.06971388876972674,110,0.0009900000000000013,0.02001812499999999,0.046506250000000034,0.04288834090909091,0.059752500000000014,0.10465499999999997,0.026127340964489428,110,0.0,0.0,0.0,0.0,0.0,0.0,0.0,110,0.0,0.0,0.0,0.0,0.0,0.0,0.0,110,20000.0,20000.0,20000.0,20000.0,20000.0,20000.0,0.0,110,20000.0,20000.0,20000.0,20000.0,20000.0,20000.0,0.0,110,0.0,0.0,0.0,0.0,0.0,0.0,0.0,110,0.0,0.0,0.0,0.0,0.0,0.0,0.0,110,-0.10029750000000001,-0.03553562500000002,-0.004646250000000008,-0.001320704545454548,0.034699687499999986,0.12088249999999995,0.047541735198156,110,-0.15708,-0.08261125000000008,-0.031405000000000044,-0.04420904545454546,-0.004307499999999999,0.06857499999999991,0.05174517355721019,110,0.0,0.0,0.0,0.0,0.0,0.0,0.0,110,0.0,0.0,0.0,0.0,0.0,0.0,0.0,110,0.0009900000000000004,0.020018124999999994,0.04650625000000003,0.04288834090909092,0.0597525,0.10465500000000003,0.026127340964489428,110,0.0010700000000000015,0.022475625000000013,0.04818624999999999,0.04639277272727272,0.062368749999999966,0.13160500000000003,0.030672608993543557,110,0.0017350000000000004,0.042637499999999925,0.08179250000000005,0.07876781818181819,0.11459999999999997,0.15541000000000002,0.04633224174387109,110,0.000744793036129277,0.019663686850035056,0.037992415853191804,0.03644738034930159,0.05257249705855791,0.07612339571380146,0.021208062132548902,110,0.0,0.0,0.0,0.0,0.0,0.0,0.0,110,0.0,0.0,0.0,0.0,0.0,0.0,0.0,110,0.0,0.0,0.0,0.0,0.0,0.0,0.0,110,0.0,0.0,0.0,0.0,0.0,0.0,0.0,110,0.019800000000000026,0.4003624999999998,0.9301250000000006,0.8577668181818184,1.1950500000000002,2.0930999999999993,0.5225468192897886,110,0.0,0.0,0.0,0.14706272727272732,0.19505000000000028,1.0930999999999993,0.24038387361536678,110,0.009900000000000013,0.2001812499999999,0.4650625000000003,0.4288834090909092,0.5975250000000001,1.0465499999999996,0.2612734096448943,110,0.0,0.0,0.0,0.00042318181818181495,0.0,0.04654999999999965,0.0044383683529381985,0.5818181818181818,1.0,0.5818181818181818,0.8577668181818184,0.9301250000000006,0.14706272727272732,0.990909090909091,1.0,0.990909090909091,0.4288834090909092,0.4650625000000003,0.00042318181818181495
fixed_20k_keep,0.5,110,110,0.0172025,0.07472749999999997,0.14793812499999998,0.16011509090909082,0.2451590625,0.3591125,0.09268343385788481,110,0.015795,0.071695,0.1143075,0.13148931818181814,0.19693375,0.3279499999999999,0.07920998889688485,110,0.0011024999999999507,0.013526562499999993,0.031012500000000026,0.02862577272727273,0.039692499999999964,0.07031500000000007,0.01751815105454602,110,0.0,0.0,0.0,0.0,0.0,0.0,0.0,110,0.0,0.0,0.0,0.0,0.0,0.0,0.0,110,20000.0,20000.0,20000.0,20000.0,20000.0,20000.0,0.0,110,20000.0,20000.0,20000.0,20000.0,20000.0,20000.0,0.0,110,0.0,0.0,0.0,0.0,0.0,0.0,0.0,110,0.0,0.0,0.0,0.0,0.0,0.0,0.0,110,-0.06706499999999999,-0.023929062500000015,-0.005042499999999976,-0.0018911363636363674,0.021980625000000024,0.0795924999999999,0.03163979219933365,110,-0.10435,-0.056185000000000006,-0.023582500000000055,-0.030516909090909088,-0.0044887500000000795,0.04553499999999991,0.03445233313214855,110,0.0,0.0,0.0,0.0,0.0,0.0,0.0,110,0.0,0.0,0.0,0.0,0.0,0.0,0.0,110,0.0011024999999999499,0.013526562499999993,0.03101250000000002,0.02862577272727273,0.0396925,0.07031500000000007,0.01751815105454602,110,0.0004224999999999004,0.015231874999999987,0.03257499999999999,0.031053181818181817,0.042256874999999944,0.08746750000000009,0.020620137711293163,110,0.0020050000000000068,0.02831000000000003,0.05615749999999999,0.052396727272727275,0.0760500000000001,0.10643,0.030904407938297105,110,0.0009363081312616452,0.01276121499587094,0.02543958303877792,0.024273725066820493,0.035020006646493525,0.04986266480711461,0.014148225751413243,110,0.0,0.0,0.0,0.0,0.0,0.0,0.0,110,0.0,0.0,0.0,0.0,0.0,0.0,0.0,110,0.0,0.0,0.0,0.0,0.0,0.0,0.0,110,0.0,0.0,0.0,0.0,0.0,0.0,0.0,110,0.022049999999999015,0.27053124999999983,0.6202500000000005,0.5725154545454546,0.7938499999999993,1.4063000000000014,0.35036302109092043,110,0.0,0.0,0.0,0.015173863636363671,0.0,0.40630000000000144,0.0567493336850473,110,0.011024999999999507,0.13526562499999992,0.31012500000000026,0.2862577272727273,0.39692499999999964,0.7031500000000007,0.17518151054546022,110,0.0,0.0,0.0,0.0,0.0,0.0,0.0,0.8909090909090909,1.0,0.8909090909090909,0.5725154545454546,0.6202500000000005,0.015173863636363671,1.0,1.0,1.0,0.2862577272727273,0.31012500000000026,0.0
fixed_20k_keep,0.75,110,110,0.016381249999999976,0.078639375,0.15061937499999997,0.1606855227272727,0.23646624999999996,0.3867375,0.09706250316912242,110,0.01488,0.070725,0.13664749999999998,0.14653495454545448,0.20891499999999996,0.3721,0.09088779984562137,110,0.0009249999999999502,0.0068643749999999885,0.014750000000000055,0.014150568181818183,0.019790312499999962,0.03577500000000003,0.00849810471759322,110,0.0,0.0,0.0,0.0,0.0,0.0,0.0,110,0.0,0.0,0.0,0.0,0.0,0.0,0.0,110,20000.0,20000.0,20000.0,20000.0,20000.0,20000.0,0.0,110,20000.0,20000.0,20000.0,20000.0,20000.0,20000.0,0.0,110,0.0,0.0,0.0,0.0,0.0,0.0,0.0,110,0.0,0.0,0.0,0.0,0.0,0.0,0.0,110,-0.03344874999999997,-0.01222187499999991,-0.003418749999999953,-0.0013207045454545468,0.010074375000000007,0.04108249999999991,0.015829438411641795,110,-0.053099999999999925,-0.026883750000000012,-0.010930000000000058,-0.015471272727272731,-0.0025262500000000267,0.025094999999999895,0.017173824565313536,110,0.0,0.0,0.0,0.0,0.0,0.0,0.0,110,0.0,0.0,0.0,0.0,0.0,0.0,0.0,110,0.000924999999999951,0.006864374999999987,0.014750000000000044,0.014150568181818179,0.019790312499999994,0.03577500000000002,0.008498104717593219,110,0.0005399999999999988,0.00752499999999996,0.015224999999999982,0.01535831818181818,0.021290624999999928,0.044560000000000044,0.010080537111328808,110,0.0018349999999999998,0.013180000000000028,0.02672499999999995,0.025885636363636364,0.03738750000000008,0.05439499999999997,0.01493109238384159,110,0.0008642434070715571,0.006357894861206075,0.012676619379557054,0.012055806396971803,0.01699657367508517,0.02552500832517005,0.006840674465151198,110,0.0,0.0,0.0,0.0,0.0,0.0,0.0,110,0.0,0.0,0.0,0.0,0.0,0.0,0.0,110,0.0,0.0,0.0,0.0,0.0,0.0,0.0,110,0.0,0.0,0.0,0.0,0.0,0.0,0.0,110,0.018499999999999003,0.13728749999999978,0.2950000000000011,0.28301136363636364,0.39580624999999925,0.7155000000000006,0.16996209435186443,110,0.0,0.0,0.0,0.0,0.0,0.0,0.0,110,0.009249999999999502,0.06864374999999989,0.14750000000000055,0.14150568181818182,0.19790312499999962,0.3577500000000003,0.08498104717593222,110,0.0,0.0,0.0,0.0,0.0,0.0,0.0,1.0,1.0,1.0,0.28301136363636364,0.2950000000000011,0.0,1.0,1.0,1.0,0.14150568181818182,0.14750000000000055,0.0
fixed_20k_keep,0.9,110,110,0.015716249999999973,0.0753840625,0.15063312499999998,0.16134988636363629,0.23055718749999993,0.4024249999999999,0.10074858623779652,110,0.014265,0.07200000000000001,0.14415499999999998,0.15564477272727267,0.2178725,0.3966499999999999,0.09835910062554104,110,0.00034500000000000156,0.0030856250000000293,0.005968750000000016,0.0057051136363636375,0.008079999999999934,0.01445874999999991,0.0032925901681864446,110,0.0,0.0,0.0,0.0,0.0,0.0,0.0,110,0.0,0.0,0.0,0.0,0.0,0.0,0.0,110,20000.0,20000.0,20000.0,20000.0,20000.0,20000.0,0.0,110,20000.0,20000.0,20000.0,20000.0,20000.0,20000.0,0.0,110,0.0,0.0,0.0,0.0,0.0,0.0,0.0,110,0.0,0.0,0.0,0.0,0.0,0.0,0.0,110,-0.014155000000000029,-0.004800000000000068,-0.00150125000000002,-0.0006563409090909173,0.00404437500000001,0.016526249999999965,0.0062821791457774705,110,-0.02224499999999996,-0.010857499999999923,-0.004745000000000041,-0.006361454545454553,-0.001342499999999999,0.010074999999999917,0.006928507370180735,110,0.0,0.0,0.0,0.0,0.0,0.0,0.0,110,0.0,0.0,0.0,0.0,0.0,0.0,0.0,110,0.00034499999999999895,0.00308562500000003,0.0059687500000000105,0.0057051136363636375,0.008079999999999967,0.014458749999999937,0.003292590168186443,110,0.0002375000000000016,0.003228125000000034,0.006049999999999972,0.006225500000000004,0.008778750000000021,0.018342499999999914,0.00393540372770063,110,0.0005799999999999972,0.00596250000000002,0.010664999999999952,0.010369454545454543,0.014762499999999915,0.021814999999999973,0.005691054679887949,110,0.0002485290056847815,0.0027685900662453404,0.00488205021553976,0.004823138741090254,0.006904957998726746,0.009862216937213798,0.002625467381303345,110,0.0,0.0,0.0,0.0,0.0,0.0,0.0,110,0.0,0.0,0.0,0.0,0.0,0.0,0.0,110,0.0,0.0,0.0,0.0,0.0,0.0,0.0,110,0.0,0.0,0.0,0.0,0.0,0.0,0.0,110,0.006900000000000031,0.061712500000000586,0.11937500000000031,0.11410227272727273,0.1615999999999987,0.2891749999999982,0.0658518033637289,110,0.0,0.0,0.0,0.0,0.0,0.0,0.0,110,0.0034500000000000156,0.030856250000000293,0.05968750000000016,0.057051136363636366,0.08079999999999934,0.1445874999999991,0.03292590168186445,110,0.0,0.0,0.0,0.0,0.0,0.0,0.0,1.0,1.0,1.0,0.11410227272727273,0.11937500000000031,0.0,1.0,1.0,1.0,0.057051136363636366,0.05968750000000016,0.0
stableshots_discard,0.1,110,110,0.027699750134096153,0.08213634528313522,0.15698779257354345,0.16344259395361832,0.24203615249921803,0.3508036527350319,0.0899068592398637,110,0.0192435294117647,0.0594594594594594,0.0929692857142856,0.10700284723303495,0.15199116750858507,0.2590588235294118,0.06404253748610576,110,0.002070278280463897,0.025319510283941228,0.05807122673915148,0.05643974672058341,0.07840780942164177,0.13834837158126387,0.03346261474267261,110,50.0,403.125,625.0,800.0,1140.625,2550.0,559.5398666630655,110,0.015536723163841809,0.08092713554787939,0.1574074074074074,0.17279143274978315,0.23769626721967116,0.45294117647058824,0.10773798622541873,110,987.5,2909.375,4831.25,6608.636363636364,7834.375,18725.0,5042.180380135314,110,900.0,2400.0,3800.0,5808.636363636364,7500.0,18450.0,4849.665925744382,110,-487.5,190.625,593.75,687.7272727272727,1140.625,2550.0,654.0956486615687,110,-0.10386872450183324,0.011145184468331924,0.051937526709524146,0.04338573236158446,0.07224261030615707,0.13834837158126387,0.04655704608083264,110,-0.12107723531507453,-0.04581894804553379,-0.007246369097284332,-1.0092936587501423e-18,0.0480670306029571,0.16207462158126382,0.06181397424832097,110,-0.2030223699421965,-0.1059279497415091,-0.038086868805797695,-0.056439746720583404,-0.0060592931242338995,0.0949049999999999,0.06677806993909713,110,-1487.5,-109.375,368.75,579.5454545454545,1050.0,4175.0,966.3974872791817,110,-2800.0,-800.0,-100.0,-220.45454545454547,350.0,2300.0,985.9865700219009,110,0.0020702782804639004,0.025319510283941225,0.0580712267391515,0.05643974672058341,0.07840780942164179,0.13834837158126384,0.03346261474267261,110,0.0009239605456671032,0.027532981032503075,0.060230288036529266,0.061488070003106,0.08775483215540861,0.17518555819142942,0.03955285246245286,110,0.005934660155471401,0.046388888888888896,0.1062548262548263,0.1027828468761216,0.15183803384367445,0.2030223699421965,0.05920643935797698,110,0.002585024797452361,0.020983818607020907,0.04974565600665204,0.04788515421331036,0.06802711427321109,0.09734444118957018,0.0272534282020435,110,50.0,403.125,625.0,800.0,1140.625,2550.0,559.5398666630655,110,25.0,337.5,687.5,844.5454545454545,1125.0,3100.0,651.8444351528207,110,150.0,900.0,1225.0,1510.909090909091,1937.5,4000.0,991.0698004973624,110,70.71067811865476,398.48639796545433,554.0212033194871,694.3083610897547,945.2713975851707,1951.0680835549194,445.136294655036,110,0.3107344632768362,1.947314049586777,3.148148148148148,3.5213272223288383,4.753925344393423,9.058823529411764,2.086838324676366,110,0.0,0.9473140495867769,2.148148148148148,2.5507249754528307,3.753925344393423,8.058823529411764,2.046794909994278,110,0.1553672316384181,0.9736570247933884,1.574074074074074,1.7606636111644192,2.3769626721967114,4.529411764705882,1.043419162338183,110,0.0,0.0,0.574074074074074,0.8667206563801901,1.3769626721967114,3.5294117647058822,0.9257126949878277,0.38181818181818183,0.14545454545454545,0.09090909090909091,3.5213272223288383,3.148148148148148,2.5507249754528307,0.9181818181818182,0.2909090909090909,0.2727272727272727,1.7606636111644192,1.574074074074074,0.8667206563801901
stableshots_discard,0.25,110,110,0.027699750134096153,0.08213634528313522,0.15698779257354345,0.16344259395361832,0.24203615249921803,0.3508036527350319,0.0899068592398637,110,0.0192435294117647,0.0594594594594594,0.0929692857142856,0.10700284723303495,0.15199116750858507,0.2590588235294118,0.06404253748610576,110,0.002070278280463897,0.025319510283941228,0.05807122673915148,0.05643974672058341,0.07840780942164177,0.13834837158126387,0.03346261474267261,110,50.0,403.125,625.0,800.0,1140.625,2550.0,559.5398666630655,110,0.015536723163841809,0.08092713554787939,0.1574074074074074,0.17279143274978315,0.23769626721967116,0.45294117647058824,0.10773798622541873,110,1137.5,3312.5,5593.75,7517.727272727273,8887.5,21200.0,5727.181834008751,110,1050.0,2850.0,4500.0,6717.727272727273,8550.0,20900.0,5532.301254689939,110,-487.5,190.625,593.75,687.7272727272727,1140.625,2550.0,654.0956486615687,110,-0.10386872450183324,0.011145184468331924,0.051937526709524146,0.04338573236158446,0.07224261030615707,0.13834837158126387,0.04655704608083264,110,-0.12107723531507453,-0.04581894804553379,-0.007246369097284332,-1.0092936587501423e-18,0.0480670306029571,0.16207462158126382,0.06181397424832097,110,-0.2030223699421965,-0.1059279497415091,-0.038086868805797695,-0.056439746720583404,-0.0060592931242338995,0.0949049999999999,0.06677806993909713,110,-387.5,381.25,1112.5,1488.6363636363637,2137.5,6275.0,1362.7651512205434,110,-1550.0,-150.0,375.0,688.6363636363636,1250.0,4400.0,1267.0608026312852,110,0.0020702782804639004,0.025319510283941225,0.0580712267391515,0.05643974672058341,0.07840780942164179,0.13834837158126384,0.03346261474267261,110,0.0009239605456671032,0.027532981032503075,0.060230288036529266,0.061488070003106,0.08775483215540861,0.17518555819142942,0.03955285246245286,110,0.005934660155471401,0.046388888888888896,0.1062548262548263,0.1027828468761216,0.15183803384367445,0.2030223699421965,0.05920643935797698,110,0.002585024797452361,0.020983818607020907,0.04974565600665204,0.04788515421331036,0.06802711427321109,0.09734444118957018,0.0272534282020435,110,50.0,403.125,625.0,800.0,1140.625,2550.0,559.5398666630655,110,25.0,337.5,687.5,844.5454545454545,1125.0,3100.0,651.8444351528207,110,150.0,900.0,1225.0,1510.909090909091,1937.5,4000.0,991.0698004973624,110,70.71067811865476,398.48639796545433,554.0212033194871,694.3083610897547,945.2713975851707,1951.0680835549194,445.136294655036,110,0.3107344632768362,1.947314049586777,3.148148148148148,3.5213272223288383,4.753925344393423,9.058823529411764,2.086838324676366,110,0.0,0.9473140495867769,2.148148148148148,2.5507249754528307,3.753925344393423,8.058823529411764,2.046794909994278,110,0.1553672316384181,0.9736570247933884,1.574074074074074,1.7606636111644192,2.3769626721967114,4.529411764705882,1.043419162338183,110,0.0,0.0,0.574074074074074,0.8667206563801901,1.3769626721967114,3.5294117647058822,0.9257126949878277,0.38181818181818183,0.14545454545454545,0.09090909090909091,3.5213272223288383,3.148148148148148,2.5507249754528307,0.9181818181818182,0.2909090909090909,0.2727272727272727,1.7606636111644192,1.574074074074074,0.8667206563801901
stableshots_discard,0.5,110,110,0.027699750134096153,0.08213634528313522,0.15698779257354345,0.16344259395361832,0.24203615249921803,0.3508036527350319,0.0899068592398637,110,0.0192435294117647,0.0594594594594594,0.0929692857142856,0.10700284723303495,0.15199116750858507,0.2590588235294118,0.06404253748610576,110,0.002070278280463897,0.025319510283941228,0.05807122673915148,0.05643974672058341,0.07840780942164177,0.13834837158126387,0.03346261474267261,110,50.0,403.125,625.0,800.0,1140.625,2550.0,559.5398666630655,110,0.015536723163841809,0.08092713554787939,0.1574074074074074,0.17279143274978315,0.23769626721967116,0.45294117647058824,0.10773798622541873,110,1350.0,4062.5,6612.5,9031.363636363636,10746.875,25625.0,6875.135058192699,110,1250.0,3600.0,5750.0,8231.363636363636,10325.0,25350.0,6677.529274065746,110,-487.5,190.625,593.75,687.7272727272727,1140.625,2550.0,654.0956486615687,110,-0.10386872450183324,0.011145184468331924,0.051937526709524146,0.04338573236158446,0.07224261030615707,0.13834837158126387,0.04655704608083264,110,-0.12107723531507453,-0.04581894804553379,-0.007246369097284332,-1.0092936587501423e-18,0.0480670306029571,0.16207462158126382,0.06181397424832097,110,-0.2030223699421965,-0.1059279497415091,-0.038086868805797695,-0.056439746720583404,-0.0060592931242338995,0.0949049999999999,0.06677806993909713,110,350.0,1375.0,2193.75,3002.2727272727275,3796.875,9825.0,2355.567641941775,110,150.0,600.0,1300.0,2202.2727272727275,3100.0,8550.0,2193.896729729379,110,0.0020702782804639004,0.025319510283941225,0.0580712267391515,0.05643974672058341,0.07840780942164179,0.13834837158126384,0.03346261474267261,110,0.0009239605456671032,0.027532981032503075,0.060230288036529266,0.061488070003106,0.08775483215540861,0.17518555819142942,0.03955285246245286,110,0.005934660155471401,0.046388888888888896,0.1062548262548263,0.1027828468761216,0.15183803384367445,0.2030223699421965,0.05920643935797698,110,0.002585024797452361,0.020983818607020907,0.04974565600665204,0.04788515421331036,0.06802711427321109,0.09734444118957018,0.0272534282020435,110,50.0,403.125,625.0,800.0,1140.625,2550.0,559.5398666630655,110,25.0,337.5,687.5,844.5454545454545,1125.0,3100.0,651.8444351528207,110,150.0,900.0,1225.0,1510.909090909091,1937.5,4000.0,991.0698004973624,110,70.71067811865476,398.48639796545433,554.0212033194871,694.3083610897547,945.2713975851707,1951.0680835549194,445.136294655036,110,0.3107344632768362,1.947314049586777,3.148148148148148,3.5213272223288383,4.753925344393423,9.058823529411764,2.086838324676366,110,0.0,0.9473140495867769,2.148148148148148,2.5507249754528307,3.753925344393423,8.058823529411764,2.046794909994278,110,0.1553672316384181,0.9736570247933884,1.574074074074074,1.7606636111644192,2.3769626721967114,4.529411764705882,1.043419162338183,110,0.0,0.0,0.574074074074074,0.8667206563801901,1.3769626721967114,3.5294117647058822,0.9257126949878277,0.38181818181818183,0.14545454545454545,0.09090909090909091,3.5213272223288383,3.148148148148148,2.5507249754528307,0.9181818181818182,0.2909090909090909,0.2727272727272727,1.7606636111644192,1.574074074074074,0.8667206563801901
stableshots_discard,0.75,110,110,0.027699750134096153,0.08213634528313522,0.15698779257354345,0.16344259395361832,0.24203615249921803,0.3508036527350319,0.0899068592398637,110,0.0192435294117647,0.0594594594594594,0.0929692857142856,0.10700284723303495,0.15199116750858507,0.2590588235294118,0.06404253748610576,110,0.002070278280463897,0.025319510283941228,0.05807122673915148,0.05643974672058341,0.07840780942164177,0.13834837158126387,0.03346261474267261,110,50.0,403.125,625.0,800.0,1140.625,2550.0,559.5398666630655,110,0.015536723163841809,0.08092713554787939,0.1574074074074074,0.17279143274978315,0.23769626721967116,0.45294117647058824,0.10773798622541873,110,1550.0,4812.5,7637.5,10530.90909090909,12596.875,30025.0,8027.184980256532,110,1450.0,4350.0,6850.0,9730.90909090909,12062.5,29750.0,7827.50672636522,110,-487.5,190.625,593.75,687.7272727272727,1140.625,2550.0,654.0956486615687,110,-0.10386872450183324,0.011145184468331924,0.051937526709524146,0.04338573236158446,0.07224261030615707,0.13834837158126387,0.04655704608083264,110,-0.12107723531507453,-0.04581894804553379,-0.007246369097284332,-1.0092936587501423e-18,0.0480670306029571,0.16207462158126382,0.06181397424832097,110,-0.2030223699421965,-0.1059279497415091,-0.038086868805797695,-0.056439746720583404,-0.0060592931242338995,0.0949049999999999,0.06677806993909713,110,600.0,2228.125,3193.75,4501.818181818182,5484.375,13375.0,3455.478148200898,110,550.0,1562.5,2350.0,3701.818181818182,5037.5,12650.0,3273.6922402800874,110,0.0020702782804639004,0.025319510283941225,0.0580712267391515,0.05643974672058341,0.07840780942164179,0.13834837158126384,0.03346261474267261,110,0.0009239605456671032,0.027532981032503075,0.060230288036529266,0.061488070003106,0.08775483215540861,0.17518555819142942,0.03955285246245286,110,0.005934660155471401,0.046388888888888896,0.1062548262548263,0.1027828468761216,0.15183803384367445,0.2030223699421965,0.05920643935797698,110,0.002585024797452361,0.020983818607020907,0.04974565600665204,0.04788515421331036,0.06802711427321109,0.09734444118957018,0.0272534282020435,110,50.0,403.125,625.0,800.0,1140.625,2550.0,559.5398666630655,110,25.0,337.5,687.5,844.5454545454545,1125.0,3100.0,651.8444351528207,110,150.0,900.0,1225.0,1510.909090909091,1937.5,4000.0,991.0698004973624,110,70.71067811865476,398.48639796545433,554.0212033194871,694.3083610897547,945.2713975851707,1951.0680835549194,445.136294655036,110,0.3107344632768362,1.947314049586777,3.148148148148148,3.5213272223288383,4.753925344393423,9.058823529411764,2.086838324676366,110,0.0,0.9473140495867769,2.148148148148148,2.5507249754528307,3.753925344393423,8.058823529411764,2.046794909994278,110,0.1553672316384181,0.9736570247933884,1.574074074074074,1.7606636111644192,2.3769626721967114,4.529411764705882,1.043419162338183,110,0.0,0.0,0.574074074074074,0.8667206563801901,1.3769626721967114,3.5294117647058822,0.9257126949878277,0.38181818181818183,0.14545454545454545,0.09090909090909091,3.5213272223288383,3.148148148148148,2.5507249754528307,0.9181818181818182,0.2909090909090909,0.2727272727272727,1.7606636111644192,1.574074074074074,0.8667206563801901
stableshots_discard,0.9,110,110,0.027699750134096153,0.08213634528313522,0.15698779257354345,0.16344259395361832,0.24203615249921803,0.3508036527350319,0.0899068592398637,110,0.0192435294117647,0.0594594594594594,0.0929692857142856,0.10700284723303495,0.15199116750858507,0.2590588235294118,0.06404253748610576,110,0.002070278280463897,0.025319510283941228,0.05807122673915148,0.05643974672058341,0.07840780942164177,0.13834837158126387,0.03346261474267261,110,50.0,403.125,625.0,800.0,1140.625,2550.0,559.5398666630655,110,0.015536723163841809,0.08092713554787939,0.1574074074074074,0.17279143274978315,0.23769626721967116,0.45294117647058824,0.10773798622541873,110,1700.0,5262.5,8337.5,11435.0,13728.125,32675.0,8720.192479569127,110,1600.0,4800.0,7525.0,10635.0,13100.0,32400.0,8519.663036580774,110,-487.5,190.625,593.75,687.7272727272727,1140.625,2550.0,654.0956486615687,110,-0.10386872450183324,0.011145184468331924,0.051937526709524146,0.04338573236158446,0.07224261030615707,0.13834837158126387,0.04655704608083264,110,-0.12107723531507453,-0.04581894804553379,-0.007246369097284332,-1.0092936587501423e-18,0.0480670306029571,0.16207462158126382,0.06181397424832097,110,-0.2030223699421965,-0.1059279497415091,-0.038086868805797695,-0.056439746720583404,-0.0060592931242338995,0.0949049999999999,0.06677806993909713,110,750.0,2528.125,3806.25,5405.909090909091,6496.875,15475.0,4132.0712635964455,110,700.0,1862.5,2950.0,4605.909090909091,6050.0,15150.0,3944.551065828121,110,0.0020702782804639004,0.025319510283941225,0.0580712267391515,0.05643974672058341,0.07840780942164179,0.13834837158126384,0.03346261474267261,110,0.0009239605456671032,0.027532981032503075,0.060230288036529266,0.061488070003106,0.08775483215540861,0.17518555819142942,0.03955285246245286,110,0.005934660155471401,0.046388888888888896,0.1062548262548263,0.1027828468761216,0.15183803384367445,0.2030223699421965,0.05920643935797698,110,0.002585024797452361,0.020983818607020907,0.04974565600665204,0.04788515421331036,0.06802711427321109,0.09734444118957018,0.0272534282020435,110,50.0,403.125,625.0,800.0,1140.625,2550.0,559.5398666630655,110,25.0,337.5,687.5,844.5454545454545,1125.0,3100.0,651.8444351528207,110,150.0,900.0,1225.0,1510.909090909091,1937.5,4000.0,991.0698004973624,110,70.71067811865476,398.48639796545433,554.0212033194871,694.3083610897547,945.2713975851707,1951.0680835549194,445.136294655036,110,0.3107344632768362,1.947314049586777,3.148148148148148,3.5213272223288383,4.753925344393423,9.058823529411764,2.086838324676366,110,0.0,0.9473140495867769,2.148148148148148,2.5507249754528307,3.753925344393423,8.058823529411764,2.046794909994278,110,0.1553672316384181,0.9736570247933884,1.574074074074074,1.7606636111644192,2.3769626721967114,4.529411764705882,1.043419162338183,110,0.0,0.0,0.574074074074074,0.8667206563801901,1.3769626721967114,3.5294117647058822,0.9257126949878277,0.38181818181818183,0.14545454545454545,0.09090909090909091,3.5213272223288383,3.148148148148148,2.5507249754528307,0.9181818181818182,0.2909090909090909,0.2727272727272727,1.7606636111644192,1.574074074074074,0.8667206563801901
stableshots_keep,0.1,110,110,0.028325522062876522,0.0808691924076149,0.15691031330923835,0.16440092576141152,0.23980106582401847,0.3439622121034077,0.08968267153443374,110,0.0205761764705882,0.06628078817733984,0.09481319029850745,0.11338473138770733,0.16313747652582156,0.2750537634408602,0.06624010321691398,110,0.0027440527118202246,0.024986619730750656,0.053835619253302554,0.051016194373704186,0.07163399309908441,0.1258161411866456,0.030172098884719573,110,100.0,328.125,593.75,764.3181818181819,1096.875,2500.0,536.0507889092618,110,0.022321428571428572,0.08163056028196403,0.14356884057971014,0.16671753075981297,0.23509280147662018,0.5192307692307693,0.10958638615814752,110,937.5,2806.25,4506.25,6017.045454545455,7462.5,16850.0,4556.708724681077,110,750.0,2300.0,3550.0,5252.727272727273,6850.0,16450.0,4358.224516257941,110,-300.0,203.125,550.0,662.0454545454545,1087.5,2500.0,615.4102068422096,110,-0.06589832357974423,0.013697649376733003,0.04986594915151739,0.04523695669886714,0.07163399309908441,0.1258161411866456,0.03655507749257282,110,-0.11239744274132177,-0.038296211717765524,-0.006465852742814492,0.0009583318077931671,0.04307918608728263,0.15098003761155235,0.05625376645259437,110,-0.17863413469735717,-0.09331482779243089,-0.03295429536231064,-0.05005786256591103,-0.004232559523809502,0.0885175438596491,0.05897635154720772,110,-2175.0,-634.375,-106.25,-12.045454545454545,484.375,2650.0,880.9804263866462,110,-3650.0,-1337.5,-600.0,-776.3636363636364,-50.0,1150.0,929.9479390308666,110,0.002744052711820228,0.024986619730750656,0.05383561925330255,0.051016194373704186,0.07163399309908443,0.1258161411866456,0.030172098884719573,110,0.0006128770866164548,0.028555915775576264,0.05264299779506046,0.05535427781912576,0.07965254235014678,0.1586416445607541,0.035892087641884285,110,0.007980335885833606,0.048174822582817106,0.09523616568006009,0.0933562218565653,0.13408983031674204,0.1859812756250742,0.05280290008805022,110,0.0037937414424520197,0.02140957124607174,0.04530847942747031,0.043307213909056674,0.06130389094852222,0.08970211545534024,0.024150221262072093,110,100.0,328.125,593.75,764.3181818181819,1096.875,2500.0,536.0507889092618,110,50.0,325.0,637.5,812.2727272727273,1168.75,3050.0,619.2140017662065,110,200.0,650.0,1125.0,1432.7272727272727,2187.5,4100.0,965.0649159045857,110,91.28709291752769,282.6540715279418,519.4141133726237,647.2712999606035,968.2917107953771,1891.372958109179,435.637798103458,110,0.4464285714285714,1.6640980870347177,2.8713768115942027,3.350064552801722,4.7018560295324034,10.384615384615385,2.1777576147318722,110,0.0,0.6640980870347177,1.8713768115942027,2.3983678834753825,3.7018560295324034,9.384615384615385,2.118889689760653,110,0.2232142857142857,0.8320490435173589,1.4356884057971013,1.675032276400861,2.3509280147662017,5.1923076923076925,1.0888788073659361,110,0.0,0.0,0.43568840579710133,0.8114957572103435,1.3509280147662017,4.1923076923076925,0.9493652235700951,0.4636363636363636,0.13636363636363635,0.12727272727272726,3.350064552801722,2.8713768115942027,2.3983678834753825,0.9454545454545454,0.32727272727272727,0.32727272727272727,1.675032276400861,1.4356884057971013,0.8114957572103435
stableshots_keep,0.25,110,110,0.0248618989183417,0.07876378214081758,0.15769448840028413,0.1653531395487349,0.24230798021873118,0.34219038593393525,0.09052655820408148,110,0.0159410240963855,0.07175427660086658,0.1073766916167664,0.12284282823086733,0.17802807481751826,0.3067889908256881,0.07142298358788583,110,0.0016301488822562243,0.021805784930016312,0.043325396575778725,0.0425103113178676,0.060477310536795295,0.10192534420729246,0.025074080264309906,110,87.5,321.875,512.5,671.5909090909091,937.5,2137.5,462.32766777866686,110,0.00741839762611276,0.07358523119392685,0.1305158987670344,0.15538317473734306,0.2030764751552795,0.46311475409836067,0.10879155942306346,110,750.0,2875.0,4618.75,6114.772727272727,7484.375,17112.5,4547.658619087754,110,450.0,2350.0,3800.0,5443.181818181818,6850.0,16750.0,4422.51058505186,110,-400.0,128.125,387.5,521.1363636363636,931.25,2137.5,567.945722423968,110,-0.051307199445370766,0.0049977303088932605,0.03444405356716962,0.033702852809403515,0.057014410730412066,0.10192534420729246,0.03160297671640855,110,-0.09311672909752838,-0.030616139149024973,-0.004438382557536284,0.0019105455951165808,0.03754384355694425,0.1335122348241247,0.04750861290773603,110,-0.14484547659939878,-0.07574954832215657,-0.029103824835990045,-0.040599765722751015,-0.004231376334317534,0.07764749999999992,0.047450163231719855,110,-1650.0,-434.375,-18.75,85.68181818181819,550.0,2537.5,791.1763183000776,110,-3050.0,-1050.0,-450.0,-585.9090909090909,-12.5,1400.0,801.8365335416576,110,0.0016301488822562174,0.021805784930016316,0.043325396575778725,0.042510311317867595,0.06047731053679531,0.10192534420729246,0.025074080264309906,110,0.0006762109709352003,0.023802943711444636,0.04440245608296193,0.046221319393521317,0.0653969683633604,0.1274013233352198,0.02985486472531949,110,0.0038621828908554923,0.037897683932131124,0.07705640462954676,0.07759860648442776,0.11153529432733451,0.1568141592920354,0.04369433977492597,110,0.0016817913145037956,0.01666695156701287,0.03885117808592303,0.035889482845575506,0.05149912515246322,0.07476664155714666,0.01988839066296415,110,87.5,321.875,512.5,671.5909090909091,937.5,2137.5,462.32766777866686,110,0.0,300.0,500.0,698.4090909090909,975.0,2475.0,562.6187670001929,110,200.0,700.0,1050.0,1289.5454545454545,1800.0,3600.0,784.865308801963,110,103.07764064044152,307.76092960329976,481.1698586202241,584.6036356868441,825.9824407608457,1656.992757980553,356.8250430761066,110,0.14836795252225518,1.5478057366161402,2.6103179753406875,3.1326235022531717,4.061529503105589,9.262295081967213,2.1519301460364146,110,0.0,0.5478057366161402,1.6103179753406875,2.183293896045877,3.0615295031055894,8.262295081967213,2.092189591630759,110,0.07418397626112759,0.7739028683080701,1.3051589876703438,1.5663117511265858,2.0307647515527947,4.631147540983607,1.0759650730182073,110,0.0,0.0,0.3051589876703438,0.7131758930783786,1.0307647515527947,3.6311475409836067,0.9406544179992472,0.6181818181818182,0.12727272727272726,0.1,3.1326235022531717,2.6103179753406875,2.183293896045877,0.9818181818181818,0.37272727272727274,0.37272727272727274,1.5663117511265858,1.3051589876703438,0.7131758930783786
stableshots_keep,0.5,110,110,0.023628941049535397,0.07968447610210902,0.15772562721307443,0.16610305520151508,0.2430475444032289,0.37038825747481385,0.09286002903884025,110,0.0194631372549019,0.07290689380738549,0.1238460505430242,0.1352066976446798,0.19329694565872774,0.343875968992248,0.08002002722363175,110,0.0012081441550931965,0.017305704880604827,0.03199356710730338,0.030896357556835233,0.043102708304796525,0.08357099704699009,0.018581782957207364,110,62.5,300.0,475.0,561.7045454545455,687.5,1625.0,370.9849170717667,110,0.012005649717514125,0.057252827491921454,0.0922360248447205,0.13912199340920917,0.1893729189789123,0.5961538461538461,0.12017280131884614,110,850.0,3090.625,4987.5,6310.340909090909,7675.0,17125.0,4560.218846315684,110,600.0,2575.0,4250.0,5748.636363636364,7125.0,16900.0,4461.859051654444,110,-637.5,15.625,212.5,337.6136363636364,596.875,1625.0,525.8770945950042,110,-0.03107785724383763,-0.0006898209956786253,0.01655155332054947,0.01961158454541824,0.03920815994386622,0.08357099704699009,0.025477090460993786,110,-0.06885583074241935,-0.021628893256583577,-0.003906533033363545,0.0026604612478966796,0.028829591511755563,0.10840371042938596,0.03546688870495287,110,-0.10726632060771318,-0.05480287642018417,-0.02174806674806675,-0.028235896308938545,-0.004461085509472548,0.0598051459854014,0.03282551177521105,110,-1412.5,-121.875,125.0,281.25,575.0,2812.5,728.0538143924363,110,-1950.0,-600.0,-250.0,-280.45454545454544,37.5,1850.0,591.4178056591709,110,0.0012081441550931982,0.017305704880604823,0.03199356710730339,0.030896357556835233,0.04310270830479654,0.08357099704699006,0.018581782957207367,110,0.00041423862074539686,0.01906597643968034,0.029509536751136503,0.033470295106924286,0.04545170738311546,0.10201002581371021,0.02238749760931316,110,0.003972805541811002,0.032790443903205554,0.05785064836284046,0.05664484001349237,0.07908910879374866,0.13026393656053983,0.03139232273489383,110,0.0018748739947735626,0.01430987594507557,0.02763722436646597,0.025864930135904872,0.03634603097479653,0.05749773427858682,0.014108403564987385,110,62.5,300.0,475.0,561.7045454545455,687.5,1625.0,370.9849170717667,110,0.0,231.25,437.5,575.6818181818181,725.0,1975.0,454.9228572938571,110,150.0,550.0,1050.0,1095.4545454545455,1500.0,3050.0,635.4058680725133,110,62.91528696058958,261.7725543905076,454.3759373343421,494.629240830599,664.8156603934856,1248.5825296444498,286.19328308784475,110,0.2401129943502825,1.1450565498384289,1.84472049689441,2.7838219155946935,3.787458379578246,11.923076923076922,2.402276198754742,110,0.0,0.14505654983842897,0.84472049689441,1.8466378122263847,2.787458379578246,10.923076923076922,2.3476711607041434,110,0.12005649717514125,0.5725282749192144,0.922360248447205,1.3919109577973467,1.893729189789123,5.961538461538461,1.201138099377371,110,0.0,0.0,0.0,0.6162398359902166,0.8937291897891231,4.961538461538461,1.0454171340350833,0.8545454545454545,0.20909090909090908,0.20909090909090908,2.7838219155946935,1.84472049689441,1.8466378122263847,1.0,0.5272727272727272,0.5272727272727272,1.3919109577973467,0.922360248447205,0.6162398359902166
stableshots_keep,0.75,110,110,0.019441723651030026,0.08253836662274201,0.15342240352930137,0.16698380680627023,0.2449801735946197,0.38698739121788156,0.0953548771286725,110,0.017802469879518,0.07403966679506929,0.1366188588588588,0.1463486868197244,0.20848030797101447,0.3725352112676056,0.08840685346705439,110,0.000556271712158829,0.010933730169863584,0.019277467046886487,0.020635119986545797,0.027477159064190758,0.06478236871039444,0.013793473427766538,110,25.0,250.0,381.25,534.3181818181819,700.0,1750.0,432.1790994232776,110,0.0028735632183908046,0.0455188679245283,0.08361018826135105,0.1328640350457795,0.15330882352941178,0.6442307692307693,0.12916899474643212,110,1000.0,3225.0,5168.75,6442.045454545455,7912.5,17425.0,4568.905653880556,110,850.0,2812.5,4125.0,5907.727272727273,7475.0,17050.0,4490.78151779106,110,-687.5,-184.375,56.25,245.6818181818182,421.875,1750.0,581.7967768685604,110,-0.025484194770283575,-0.006214315862963032,0.001914140420241607,0.00796463329888996,0.02176250220373903,0.06478236871039444,0.02061389632968233,110,-0.045267822221263854,-0.012417716922155493,-0.003237929322111399,0.0035412128526518386,0.019099334822489808,0.0871412095809343,0.024382133859697678,110,-0.07533696078431368,-0.02963441956617088,-0.012863562458691396,-0.017093907133893957,-0.002155726353120349,0.03967973282442741,0.02035627814748485,110,-1125.0,50.0,287.5,412.95454545454544,671.875,3162.5,669.0999518916072,110,-1700.0,-300.0,-50.0,-121.36363636363636,150.0,1550.0,484.1742753810698,110,0.0005562717121588272,0.010933730169863605,0.01927746704688649,0.020635119986545797,0.027477159064190734,0.06478236871039443,0.013793473427766536,110,0.000534968749048001,0.011541820586819691,0.020495623486036278,0.02249202952977765,0.02936667204768301,0.07472098742078881,0.01644138799621628,110,0.0011085483870968,0.020600723370429234,0.036078161369086606,0.03755642088662789,0.05006232281818951,0.10969241131567137,0.023038946379918105,110,0.0005047205757048299,0.009677493287695857,0.01657569643385192,0.016991754907637473,0.02315968618249627,0.04629717510883285,0.009995124117750283,110,25.0,250.0,381.25,534.3181818181819,700.0,1750.0,432.1790994232776,110,0.0,225.0,375.0,564.3181818181819,787.5,2025.0,510.63752079928474,110,50.0,500.0,775.0,1008.6363636363636,1325.0,3150.0,746.7009733619498,110,28.867513459481287,216.50475425445492,335.40099406792893,447.86343801483963,573.2612859781073,1320.9844813622906,325.4932859294497,110,0.05747126436781609,0.910377358490566,1.672203765227021,2.6602377426152364,3.0661764705882355,12.884615384615385,2.5807267815549646,110,0.0,0.0,0.6722037652270209,1.7716600393547457,2.0661764705882355,11.884615384615385,2.4921980876962087,110,0.028735632183908046,0.455188679245283,0.8361018826135105,1.3301188713076182,1.5330882352941178,6.4423076923076925,1.2903633907774823,110,0.0,0.0,0.0,0.5981753356313914,0.5330882352941176,5.4423076923076925,1.1167885879503714,0.9636363636363636,0.2636363636363636,0.2636363636363636,2.6602377426152364,1.672203765227021,1.7716600393547457,1.0,0.5454545454545454,0.5454545454545454,1.3301188713076182,0.8361018826135105,0.5981753356313914
stableshots_keep,0.9,110,110,0.01955177818828675,0.08381820888045376,0.154763195868459,0.16746449765684537,0.2483341898346344,0.39819049037112236,0.09810837479937144,110,0.0190877777777777,0.07540223522167484,0.14246903110047845,0.15291267706228048,0.21873152777777774,0.3868,0.09411370219041615,110,0.0002499999999999933,0.006447520215053298,0.012230839097164006,0.014551820594564864,0.020218213680988917,0.0546874924141279,0.011618299831620143,110,0.0,215.625,387.5,493.97727272727275,637.5,1737.5,399.36780538013466,110,0.0,0.03623450413223141,0.06861471861471861,0.12482943619280637,0.1542438271604938,0.6442307692307693,0.13968921586929184,110,850.0,3262.5,5237.5,6522.613636363636,8121.875,17500.0,4543.976156447435,110,850.0,3000.0,4375.0,6028.636363636364,7537.5,16850.0,4457.240574198372,110,-687.5,-209.375,0.0,184.88636363636363,471.875,1737.5,567.5274703737762,110,-0.01707027150146423,-0.003206687227260998,4.5512250545262645e-05,0.00568785069874801,0.011453943857518033,0.0546874924141279,0.015473048160726963,110,-0.024582808140142576,-0.006877206248967272,-0.001592832460489066,0.004021903703226987,0.010706787459837379,0.07065584509307202,0.018303254925342474,110,-0.05021397756686802,-0.018236285603968123,-0.0077697881903854085,-0.010529916891337879,-0.0016106192834808974,0.03298534482758611,0.013697769851721402,110,-737.5,87.5,362.5,493.52272727272725,831.25,3150.0,658.9837268332398,110,-1300.0,-200.0,0.0,-0.45454545454545453,200.0,2250.0,475.524599472961,110,0.0002499999999999985,0.006447520215053298,0.012230839097164006,0.014551820594564863,0.020218213680988934,0.05468749241412789,0.011618299831620141,110,0.0,0.005490200117829247,0.01237864682838712,0.015895572079185467,0.022243536062423512,0.062043815997086985,0.013351670377188745,110,0.000999999999999994,0.012894255368814249,0.022903691024903153,0.026416138219888516,0.03647646608696135,0.09466233766233759,0.02026359814671411,110,0.000499999999999997,0.0058022899344188665,0.010472854316174774,0.011732386279434426,0.01620839249935398,0.03956848429779001,0.008662655487079219,110,0.0,215.625,387.5,493.97727272727275,637.5,1737.5,399.36780538013466,110,0.0,150.0,387.5,500.90909090909093,693.75,1925.0,456.225128425107,110,0.0,500.0,750.0,974.0909090909091,1200.0,3100.0,736.4597878924906,110,0.0,228.67371223353737,337.1011951572216,430.71752413439526,529.688310518763,1305.9957886608977,315.7248432024154,110,0.004999999999999866,0.7246900826446281,1.3722943722943723,2.4973086265919258,3.0848765432098766,12.884615384615385,2.793137458721867,110,0.0,0.0,0.37229437229437223,1.665190634205087,2.0848765432098766,11.884615384615385,2.6749289542052983,110,0.002499999999999933,0.36234504132231404,0.6861471861471862,1.2486543132959629,1.5424382716049383,6.4423076923076925,1.3965687293609335,110,0.0,0.0,0.0,0.6008522602203792,0.5424382716049382,5.4423076923076925,1.1896666654752652,0.9818181818181818,0.32727272727272727,0.32727272727272727,2.4973086265919258,1.3722943722943723,1.665190634205087,1.0,0.6545454545454545,0.6545454545454545,1.2486543132959629,0.6861471861471862,0.6008522602203792
