policy,source_backend,events,median_random_tvd_regret,mean_random_tvd_regret,std_random_tvd_regret,min_random_tvd_regret,max_random_tvd_regret,median_random_shot_regret,mean_random_shot_regret,std_random_shot_regret,min_random_shot_regret,max_random_shot_regret,median_random_shot_regret_pct,mean_random_shot_regret_pct,std_random_shot_regret_pct,min_random_shot_regret_pct,max_random_shot_regret_pct,median_best_tvd_shot_overhead_pct_vs_shot_oracle,mean_best_tvd_shot_overhead_pct_vs_shot_oracle,std_best_tvd_shot_overhead_pct_vs_shot_oracle,min_best_tvd_shot_overhead_pct_vs_shot_oracle,max_best_tvd_shot_overhead_pct_vs_shot_oracle,median_shot_oracle_tvd_penalty_vs_tvd_oracle,mean_shot_oracle_tvd_penalty_vs_tvd_oracle,std_shot_oracle_tvd_penalty_vs_tvd_oracle,min_shot_oracle_tvd_penalty_vs_tvd_oracle,max_shot_oracle_tvd_penalty_vs_tvd_oracle,median_fraction_targets_joint_near_oracle,mean_fraction_targets_joint_near_oracle,std_fraction_targets_joint_near_oracle,min_fraction_targets_joint_near_oracle,max_fraction_targets_joint_near_oracle,p_random_tvd_regret_gt_0p05,p_random_shot_regret_gt_5pct,p_random_practically_adequate,p_oracle_target_overlap,p_has_joint_near_oracle_target
fixed_20k_continuation,fake_fez,180,0.059668750000000007,0.06286224305555557,0.04771236552966175,0.0005300000000000304,0.21714250000000002,0.0,0.0,0.0,0.0,0.0,0.0,0.0,0.0,0.0,0.0,0.0,0.0,0.0,0.0,0.0,0.059668750000000007,0.06286224305555557,0.04771236552966175,0.0005300000000000304,0.21714250000000002,0.25,0.5097222222222222,0.3449191153755598,0.25,1.0,0.6111111111111112,0.0,0.3888888888888889,1.0,1.0
fixed_20k_continuation,fake_kyiv,180,0.04326125,0.0434504375,0.03335249677153368,0.0008187499999999792,0.154615,0.0,0.0,0.0,0.0,0.0,0.0,0.0,0.0,0.0,0.0,0.0,0.0,0.0,0.0,0.0,0.04326125,0.0434504375,0.03335249677153368,0.0008187499999999792,0.154615,0.5,0.6458333333333334,0.2757354310438919,0.25,1.0,0.4111111111111111,0.0,0.5888888888888889,1.0,1.0
fixed_20k_continuation,fake_marrakesh,180,0.046258125000000073,0.04644166666666666,0.0352748066206309,0.000443749999999965,0.16236375000000003,0.0,0.0,0.0,0.0,0.0,0.0,0.0,0.0,0.0,0.0,0.0,0.0,0.0,0.0,0.0,0.046258125000000073,0.04644166666666666,0.0352748066206309,0.000443749999999965,0.16236375000000003,0.5,0.5680555555555555,0.33512958758032196,0.25,1.0,0.4777777777777778,0.0,0.5222222222222223,1.0,1.0
fixed_20k_continuation,fake_sherbrooke,180,0.041426875,0.04458313194444445,0.03359533439267435,0.0009337499999999554,0.15304875,0.0,0.0,0.0,0.0,0.0,0.0,0.0,0.0,0.0,0.0,0.0,0.0,0.0,0.0,0.0,0.041426875,0.04458313194444445,0.03359533439267435,0.0009337499999999554,0.15304875,0.5,0.65,0.27791120321337964,0.25,1.0,0.4166666666666667,0.0,0.5833333333333334,1.0,1.0
fixed_20k_continuation,fake_torino,180,0.043707500000000024,0.050300645833333345,0.03992727281700147,0.0006300000000000194,0.18446250000000003,0.0,0.0,0.0,0.0,0.0,0.0,0.0,0.0,0.0,0.0,0.0,0.0,0.0,0.0,0.0,0.043707500000000024,0.050300645833333345,0.03992727281700147,0.0006300000000000194,0.18446250000000003,0.5,0.6361111111111111,0.27376209728407086,0.25,1.0,0.4777777777777778,0.0,0.5222222222222223,1.0,1.0
restart_fixed_20k,fake_fez,180,0.08868562500000002,0.08400902777777779,0.05749736843710294,0.0020099999999999493,0.23119999999999996,0.0,0.0,0.0,0.0,0.0,0.0,0.0,0.0,0.0,0.0,0.0,0.0,0.0,0.0,0.0,0.08868562500000002,0.08400902777777779,0.05749736843710294,0.0020099999999999493,0.23119999999999996,0.25,0.4513888888888889,0.3280393148002606,0.25,1.0,0.7222222222222222,0.0,0.2777777777777778,1.0,1.0
restart_fixed_20k,fake_kyiv,180,0.06352812500000005,0.06056649305555557,0.04108551656830735,0.0028062500000000483,0.16767374999999995,0.0,0.0,0.0,0.0,0.0,0.0,0.0,0.0,0.0,0.0,0.0,0.0,0.0,0.0,0.0,0.06352812500000005,0.06056649305555557,0.04108551656830735,0.0028062500000000483,0.16767374999999995,0.5,0.5694444444444444,0.27469581393320697,0.25,1.0,0.6111111111111112,0.0,0.3888888888888889,1.0,1.0
restart_fixed_20k,fake_marrakesh,180,0.06003687500000003,0.06080416666666666,0.04271305589765991,0.0027912500000000263,0.17318375000000008,0.0,0.0,0.0,0.0,0.0,0.0,0.0,0.0,0.0,0.0,0.0,0.0,0.0,0.0,0.0,0.06003687500000003,0.06080416666666666,0.04271305589765991,0.0027912500000000263,0.17318375000000008,0.25,0.5069444444444444,0.3153770417461986,0.25,1.0,0.6111111111111112,0.0,0.3888888888888889,1.0,1.0
restart_fixed_20k,fake_sherbrooke,180,0.06390562500000006,0.06190263888888888,0.04170195705924823,0.002585000000000049,0.1658075,0.0,0.0,0.0,0.0,0.0,0.0,0.0,0.0,0.0,0.0,0.0,0.0,0.0,0.0,0.0,0.06390562500000006,0.06190263888888888,0.04170195705924823,0.002585000000000049,0.1658075,0.5,0.5763888888888888,0.28227084716769757,0.25,1.0,0.6111111111111112,0.0,0.3888888888888889,1.0,1.0
restart_fixed_20k,fake_torino,180,0.06966687500000006,0.06967878472222222,0.04939026886239954,0.003297499999999981,0.1913375,0.0,0.0,0.0,0.0,0.0,0.0,0.0,0.0,0.0,0.0,0.0,0.0,0.0,0.0,0.0,0.06966687500000006,0.06967878472222222,0.04939026886239954,0.003297499999999981,0.1913375,0.5,0.5694444444444444,0.27469581393320697,0.25,1.0,0.6388888888888888,0.0,0.3611111111111111,1.0,1.0
restart_stableshots,fake_fez,180,0.08641708773880438,0.08243228275725795,0.05691278964194481,0.004217500000000013,0.2322876946793339,537.5,845.4861111111111,888.5137257620017,0.0,3050.0,0.09726380572188956,0.1199780163742685,0.11432815001021897,0.0,0.49264705882352944,0.0,0.00797928128366738,0.030082000382802468,0.0,0.22077922077922077,0.0,0.0228586633637552,0.04709992558862312,0.0,0.19296691383595688,0.25,0.37083333333333335,0.25685435953312763,0.25,1.0,0.7222222222222222,0.6333333333333333,0.15,0.8888888888888888,1.0
restart_stableshots,fake_kyiv,180,0.05852150255546592,0.05987709487024524,0.04046637715236989,0.003064571562667647,0.17051489847191809,456.25,655.9027777777778,657.5430272414158,0.0,2325.0,0.07430443843229015,0.09167831696949828,0.08879338124138492,0.0,0.39285714285714285,0.0,0.01973095685310826,0.05145617865696692,0.0,0.3469387755102041,0.0060785504201681054,0.021954211699190204,0.032693706981198487,0.0,0.11110249999999999,0.5,0.4666666666666667,0.26080022963282895,0.25,1.0,0.6388888888888888,0.5777777777777777,0.21666666666666667,0.7222222222222222,1.0
restart_stableshots,fake_marrakesh,180,0.05807122673915148,0.06072384381223242,0.04173915855124692,0.002070278280463897,0.16858424327195465,431.25,663.5416666666666,655.3215699075024,0.0,2112.5,0.06866244612068965,0.1002689241933947,0.10453207711660432,0.0,0.4734042553191489,0.0,0.005367379100806809,0.014668213836215692,0.0,0.08,0.0,0.01877174709684513,0.032973861678380074,0.0,0.1308177265500794,0.25,0.42916666666666664,0.26593752154054623,0.25,1.0,0.6111111111111112,0.5944444444444444,0.25,0.8055555555555556,1.0
restart_stableshots,fake_sherbrooke,180,0.05932796833817784,0.061203892152187786,0.0405604906638749,0.0025784130871193273,0.16823313735914408,493.75,671.1805555555555,665.6790978779826,0.0,2200.0,0.07524038461538461,0.09713953613770365,0.09707904392004411,0.0,0.41379310344827586,0.0,0.01965986654873893,0.05119419395958209,0.0,0.3469387755102041,0.005425625000000003,0.024791181679411637,0.04230796533465925,0.0,0.19296691383595688,0.5,0.45555555555555555,0.2536817656772355,0.25,1.0,0.6111111111111112,0.5666666666666667,0.2111111111111111,0.7222222222222222,1.0
restart_stableshots,fake_torino,180,0.06448743655631972,0.06861709139506367,0.04824269803402266,0.003297499999999981,0.18953080493498492,493.75,719.4444444444445,705.7626701781613,0.0,2512.5,0.08017627580833658,0.1015432015831126,0.09614666787687712,0.0,0.4322916666666667,0.0,0.020327749461395813,0.0528783213328074,0.0,0.3541666666666667,0.0048721527777777565,0.02675513272088354,0.044519377724159835,0.0,0.19296691383595688,0.5,0.45,0.24986029616120561,0.25,1.0,0.6388888888888888,0.6055555555555555,0.17222222222222222,0.7222222222222222,1.0
stableshots_continuation,fake_fez,180,0.0366153248049195,0.04714518212502132,0.04211047353654251,0.0005300000000000304,0.21335008591593135,512.5,717.9861111111111,733.0250371667285,0.0,2912.5,0.11188936781609196,0.1570611399262575,0.1595217362071289,0.0,0.72,0.0,0.012102881879508535,0.04562620603568485,0.0,0.36065573770491804,0.0,0.012608249691415812,0.03166920342180268,0.0,0.2783519761372111,0.25,0.44583333333333336,0.3062147254796194,0.0,1.0,0.4111111111111111,0.6722222222222223,0.2611111111111111,0.85,0.9888888888888889
stableshots_continuation,fake_kyiv,180,0.020716891136900395,0.03131173551602106,0.028541171382582425,0.0004640004105090495,0.1468571089431145,300.0,372.0138888888889,401.77322542244684,0.0,2325.0,0.05525105525105525,0.07753584165759621,0.08626380075904079,0.0,0.44841269841269843,0.0,0.05838521333042409,0.08958243005386998,0.0,0.4411764705882353,0.009149717485134608,0.020316049681960394,0.02821000877471203,0.0,0.1574184397163121,0.5,0.5222222222222223,0.3174277827613348,0.0,1.0,0.2222222222222222,0.5055555555555555,0.4111111111111111,0.5222222222222223,0.95
stableshots_continuation,fake_marrakesh,180,0.033852031262057984,0.03851617510795209,0.03216060800447303,0.000443749999999965,0.1565518489757013,487.5,683.5416666666666,649.18900174451,0.0,2737.5,0.10267857142857142,0.1525221256400603,0.1577555374913226,0.0,0.6666666666666666,0.0,0.016964898556945437,0.052711443864147195,0.0,0.417910447761194,0.0,0.009000761430973513,0.02269085101721324,0.0,0.19380589175610874,0.25,0.4722222222222222,0.3169874881755408,0.0,1.0,0.32222222222222224,0.6611111111111111,0.3055555555555556,0.8333333333333334,0.9944444444444445
stableshots_continuation,fake_sherbrooke,180,0.023999883153244465,0.03255044242520258,0.028935303302662,0.0005646060840595324,0.14544358664667928,318.75,393.5416666666667,426.43422762347166,0.0,2212.5,0.05357142857142857,0.08122283401282797,0.0935393812706614,0.0,0.4326923076923077,0.0,0.06113606793027871,0.09609176984934843,0.0,0.5,0.009787509038778355,0.021732363194341665,0.03166535849115947,0.0,0.2736689939133549,0.5,0.5166666666666667,0.3166691169169146,0.0,1.0,0.23333333333333334,0.5222222222222223,0.4,0.5055555555555555,0.9444444444444444
stableshots_continuation,fake_torino,180,0.02403611591280322,0.035792246336900535,0.033865350191258387,0.0002499999999999933,0.16756713008356428,337.5,448.3333333333333,467.83668006888587,0.0,2275.0,0.06565584415584416,0.08941648141542687,0.09280459608261409,0.0,0.4166666666666667,0.0,0.05228565888032518,0.0910858935141067,0.0,0.47619047619047616,0.007487040222040199,0.016303375151240567,0.028555785237185025,0.0,0.2768505747126437,0.5,0.5138888888888888,0.28914512582173685,0.0,1.0,0.2722222222222222,0.5888888888888889,0.3388888888888889,0.5222222222222223,0.9944444444444445
