failure_fraction,source_backend,target_backend,runs,tvd_min,tvd_max,tvd_median,tvd_mean,tvd_std,shots_min,shots_max,shots_median,shots_mean,shots_std,tvd_rank_within_failure
0.1,fake_fez,fake_marrakesh,36,0.0347705263157894,0.850395,0.1530056199833753,0.22572725189462928,0.20569049324118147,750.0,20000.0,7150.0,9705.555555555555,7472.041008010918,1
0.1,fake_torino,fake_marrakesh,36,0.0322471052631579,0.85238,0.1628322065727699,0.2327674115028176,0.20586857541834977,750.0,20000.0,7150.0,9826.388888888889,7415.78900639046,2
0.1,fake_sherbrooke,fake_marrakesh,36,0.0286283333333333,0.85144,0.16591185046090812,0.2356587387892405,0.20667308160641137,900.0,20000.0,7225.0,9844.444444444445,7449.628732626094,3
0.1,fake_kyiv,fake_marrakesh,36,0.0295383333333333,0.85225,0.16839035334043115,0.23644635876466888,0.20708108382685436,800.0,20000.0,7225.0,9862.5,7425.0,4
0.1,fake_marrakesh,fake_fez,36,0.0231578947368421,0.87135,0.18442097780404515,0.24820348212723461,0.21651042804349857,950.0,20000.0,7700.0,9956.944444444445,7539.952186072135,5
0.1,fake_torino,fake_fez,36,0.026,0.875735,0.20037703488372088,0.2582609724471103,0.21761114982014118,950.0,20000.0,7775.0,10069.444444444445,7504.534607991337,6
0.1,fake_kyiv,fake_fez,36,0.024,0.87519,0.20221258305647838,0.2617329837678135,0.21893124103546496,950.0,20000.0,7800.0,10116.666666666666,7496.799317041908,7
0.1,fake_sherbrooke,fake_fez,36,0.0231578947368421,0.874395,0.20358576044703594,0.26161765425731315,0.2184712653803339,950.0,20000.0,7750.0,10102.777777777777,7503.98888634233,8
0.1,fake_marrakesh,fake_torino,36,0.032725,0.88568,0.2492419446799491,0.30274824430017405,0.221632202661569,1050.0,20000.0,7675.0,10645.833333333334,7390.876373707558,9
0.1,fake_fez,fake_torino,36,0.0276433333333333,0.887555,0.2494070965023177,0.3052731907777599,0.22293384121876691,1050.0,20000.0,7700.0,10622.222222222223,7418.350263698839,10
0.1,fake_kyiv,fake_torino,36,0.0290831081081081,0.888915,0.25744726190476186,0.3129890037177331,0.2261221006359686,1100.0,20000.0,7675.0,10663.888888888889,7402.042296469951,11
0.1,fake_sherbrooke,fake_torino,36,0.0293586486486486,0.888175,0.2611105782361762,0.3128926556573868,0.22543975761031468,1050.0,20000.0,7775.0,10665.277777777777,7417.217609285309,12
0.1,fake_marrakesh,fake_sherbrooke,36,0.0308433333333333,0.8849,0.28517520350388326,0.33066834188892746,0.2354123131776702,900.0,20000.0,8175.0,10830.555555555555,7422.72839496346,13
0.1,fake_fez,fake_sherbrooke,36,0.0283715384615384,0.88679,0.29041677376045955,0.33341933994719297,0.2367624116633665,900.0,20000.0,7950.0,10827.777777777777,7431.5490064266305,14
0.1,fake_kyiv,fake_sherbrooke,36,0.0327333116883116,0.90098,0.2934853696572969,0.34075678714052293,0.24017577505386728,850.0,20000.0,7800.0,10869.444444444445,7416.5575165858045,15
0.1,fake_torino,fake_sherbrooke,36,0.033096282051282,0.89638,0.2940685953878406,0.33772996767811486,0.23822630822353472,950.0,20000.0,7975.0,10827.777777777777,7418.542833857454,16
0.1,fake_fez,fake_kyiv,36,0.022516690140845,0.89307,0.30659195014662755,0.3375347544702336,0.23874294830524934,1100.0,20000.0,7575.0,10838.888888888889,7385.614503025567,17
0.1,fake_marrakesh,fake_kyiv,36,0.0205761764705882,0.89228,0.3080559808259587,0.3351494369478838,0.2373298212108093,1100.0,20000.0,7625.0,10797.222222222223,7415.21548135458,18
0.1,fake_torino,fake_kyiv,36,0.0223533098591549,0.900795,0.31263232558139536,0.3421129827604964,0.24029385864633615,1150.0,20000.0,7600.0,10811.111111111111,7396.23563627482,19
0.1,fake_sherbrooke,fake_kyiv,36,0.0248221428571428,0.904745,0.3166021902017291,0.3454050896985985,0.2413126548058638,1100.0,20000.0,7625.0,10812.5,7419.408669159558,20
0.25,fake_fez,fake_marrakesh,36,0.0333333333333333,0.85315,0.16256428571428572,0.2286714880379837,0.20537271256336992,900.0,20000.0,6775.0,9748.611111111111,7520.348454228426,1
0.25,fake_marrakesh,fake_fez,36,0.02,0.866935,0.1784160714285714,0.2426599319652951,0.21279736973127789,450.0,20000.0,7475.0,9998.611111111111,7509.921876244892,2
0.25,fake_torino,fake_marrakesh,36,0.0316066666666666,0.85663,0.18315242532005688,0.24574578807730413,0.20592712728383286,900.0,20000.0,6825.0,10033.333333333334,7401.592492739074,3
0.25,fake_sherbrooke,fake_marrakesh,36,0.024195,0.856585,0.19473253968253962,0.25320208485156775,0.20845394328170447,850.0,20000.0,7225.0,10120.833333333334,7381.408837652296,4
0.25,fake_kyiv,fake_marrakesh,36,0.0232204545454545,0.8573500000000001,0.1987672757475083,0.25508168935539827,0.20898178335904938,900.0,20000.0,7100.0,10138.888888888889,7364.064397087008,5
0.25,fake_torino,fake_fez,36,0.0300118421052631,0.87685,0.21388849170493254,0.2666093298841386,0.2169996163619691,1050.0,20000.0,7450.0,10169.444444444445,7388.971296831301,6
0.25,fake_sherbrooke,fake_fez,36,0.0281818181818181,0.876405,0.2200441365526063,0.2743856365214006,0.2198976322243046,1100.0,20000.0,7625.0,10294.444444444445,7364.730407031473,7
0.25,fake_kyiv,fake_fez,36,0.0215384615384615,0.877505,0.224912337539305,0.27530239790658856,0.2209544385338552,650.0,20000.0,7550.0,10297.222222222223,7391.258779748301,8
0.25,fake_marrakesh,fake_torino,36,0.0288818292682927,0.876575,0.23343688600100582,0.2895793091311609,0.21624964755935716,1200.0,20000.0,7675.0,10591.666666666666,7392.491364312073,9
0.25,fake_fez,fake_torino,36,0.0261659090909091,0.882755,0.23903231981981976,0.2952562234872918,0.22026280520432703,1200.0,20000.0,7575.0,10520.833333333334,7416.914789857034,10
0.25,fake_sherbrooke,fake_torino,36,0.0243841860465116,0.886525,0.268875724893918,0.31574203354059627,0.2263212886516391,1200.0,20000.0,7900.0,10663.888888888889,7419.8249027387155,11
0.25,fake_kyiv,fake_torino,36,0.0242927906976744,0.887085,0.26893940119760473,0.3166198850801045,0.22745993303861842,1250.0,20000.0,8025.0,10666.666666666666,7432.774909624457,12
0.25,fake_marrakesh,fake_sherbrooke,36,0.0304985211267605,0.875355,0.2689899435531788,0.3137359429133923,0.227524268708959,900.0,20000.0,8275.0,10830.555555555555,7442.669238709013,13
0.25,fake_fez,fake_sherbrooke,36,0.0341186842105263,0.881535,0.28038982608939167,0.319849711867003,0.2318142056498053,900.0,20000.0,7925.0,10859.722222222223,7370.654355952437,14
0.25,fake_marrakesh,fake_kyiv,36,0.0199447435897436,0.882255,0.2898656148564295,0.3178203716947958,0.2298380502621394,450.0,20000.0,8150.0,10831.944444444445,7419.204354509198,15
0.25,fake_torino,fake_sherbrooke,36,0.028367922077922,0.88702,0.2906928571428571,0.3316080768835332,0.23420721365235236,1000.0,20000.0,8000.0,10819.444444444445,7428.2114534270895,16
0.25,fake_fez,fake_kyiv,36,0.0159410240963855,0.88668,0.29139152974504245,0.32354828094497123,0.2335128604405996,1250.0,20000.0,8250.0,10865.277777777777,7366.786655993279,17
0.25,fake_kyiv,fake_sherbrooke,36,0.0338416666666666,0.90253,0.295170390070922,0.34002358849800046,0.23926688905410493,900.0,20000.0,7800.0,10823.611111111111,7396.258572617366,18
0.25,fake_torino,fake_kyiv,36,0.0184161445783132,0.891095,0.3037578072625698,0.33581191315659514,0.23644451109459133,1300.0,20000.0,8275.0,10950.0,7343.811777855654,19
0.25,fake_sherbrooke,fake_kyiv,36,0.0183104320987654,0.9042,0.3113855172413793,0.3429150951969441,0.2406520099002618,1050.0,20000.0,8050.0,10954.166666666666,7387.850789351007,20
0.5,fake_fez,fake_marrakesh,36,0.02,0.85879,0.16725101316468766,0.23422354789931546,0.20812047270121464,600.0,20000.0,7375.0,9945.833333333334,7423.739671774981,1
0.5,fake_marrakesh,fake_fez,36,0.0270588235294117,0.85879,0.17079815182829883,0.23464137960846707,0.20814223637511486,850.0,20000.0,7125.0,10080.555555555555,7452.816129086257,2
0.5,fake_torino,fake_marrakesh,36,0.0327914705882353,0.86446,0.2050763912231559,0.264764040706192,0.21015899860210263,950.0,20000.0,7525.0,10363.888888888889,7277.211113283824,3
0.5,fake_marrakesh,fake_torino,36,0.0289487234042553,0.86446,0.214304406111651,0.2705021493564591,0.20903329840861806,1000.0,20000.0,7625.0,10644.444444444445,7379.893318797054,4
0.5,fake_torino,fake_fez,36,0.0233454545454545,0.87621,0.22055258620689655,0.2786738581129098,0.21851735132869773,1000.0,20000.0,7125.0,10408.333333333334,7308.033739854868,5
0.5,fake_sherbrooke,fake_marrakesh,36,0.0275749999999999,0.863,0.22493845848977884,0.2784317023411311,0.21602205540040728,800.0,20000.0,7675.0,10618.055555555555,7255.659394842639,6
0.5,fake_fez,fake_torino,36,0.022865934065934,0.87621,0.22530132093933458,0.28187200433720777,0.21742714921223663,1150.0,20000.0,7425.0,10629.166666666666,7383.692214216794,7
0.5,fake_kyiv,fake_marrakesh,36,0.02227,0.86809,0.2374269335634775,0.2821521882019332,0.217074793638962,750.0,20000.0,8025.0,10622.222222222223,7260.228690263181,8
0.5,fake_marrakesh,fake_sherbrooke,36,0.0264874137931034,0.863,0.24717310526907088,0.28962911474254716,0.2159094688594383,900.0,20000.0,8050.0,10879.166666666666,7315.18357351924,9
0.5,fake_sherbrooke,fake_fez,36,0.0316666666666666,0.875765,0.24793247901060322,0.29421873044621033,0.2244335828612115,1200.0,20000.0,7650.0,10593.055555555555,7304.853110655544,10
0.5,fake_fez,fake_sherbrooke,36,0.0323809523809523,0.875765,0.25193204223828547,0.30078430817240653,0.22497415813698862,1050.0,20000.0,8250.0,10847.222222222223,7379.517448842965,11
0.5,fake_marrakesh,fake_kyiv,36,0.0211099999999999,0.86809,0.25603833952784083,0.29367105016305367,0.21753426013631066,700.0,20000.0,8250.0,10987.5,7334.248184277065,12
0.5,fake_kyiv,fake_fez,36,0.0256423404255319,0.879225,0.25868535431959344,0.2962375440893921,0.22595472117022197,900.0,20000.0,7900.0,10659.722222222223,7317.872636267655,13
0.5,fake_fez,fake_kyiv,36,0.0216666666666666,0.879225,0.26382307456463083,0.3033409501782417,0.22622400690186448,600.0,20000.0,8100.0,10881.944444444445,7352.241181899938,14
0.5,fake_sherbrooke,fake_torino,36,0.0194631372549019,0.882165,0.27998280487804883,0.3213451163559393,0.22956741627002203,1250.0,20000.0,8125.0,10819.444444444445,7340.7986892997815,15
0.5,fake_torino,fake_sherbrooke,36,0.0234352631578947,0.882165,0.2801576506024096,0.32260819024071563,0.2296355641297471,1050.0,20000.0,7925.0,10869.444444444445,7305.665881235876,16
0.5,fake_kyiv,fake_torino,36,0.0216695348837209,0.886015,0.28816505390862734,0.32414050850320564,0.23129508740946517,1100.0,20000.0,8075.0,10819.444444444445,7385.558086831912,17
0.5,fake_torino,fake_kyiv,36,0.0245417647058823,0.886015,0.29095954545454544,0.3253218007289142,0.23158280050875496,900.0,20000.0,7900.0,10906.944444444445,7363.870806441966,18
0.5,fake_kyiv,fake_sherbrooke,36,0.0249338888888888,0.90345,0.2958785483870968,0.34011639445328656,0.23911089412149406,1000.0,20000.0,7725.0,10934.722222222223,7321.5808152966965,19
0.5,fake_sherbrooke,fake_kyiv,36,0.020115909090909,0.90345,0.2990841225165563,0.34042092669835067,0.2389179001275241,1300.0,20000.0,7875.0,11033.333333333334,7308.380707887936,20
0.75,fake_marrakesh,fake_fez,36,0.03,0.85315,0.15994152874902873,0.2295147067789146,0.20564161572885983,1000.0,20000.0,7425.0,9983.333333333334,7448.451421028975,1
0.75,fake_fez,fake_marrakesh,36,0.0266666666666666,0.866935,0.1731535463192721,0.2421496345573529,0.21239080583881934,900.0,20000.0,7450.0,10087.5,7415.335220242671,2
0.75,fake_marrakesh,fake_torino,36,0.0316728082191781,0.85663,0.19247978734715576,0.2551784039294099,0.20432124921865277,1100.0,20000.0,7900.0,10680.555555555555,7277.266733541593,3
0.75,fake_fez,fake_torino,36,0.0373913043478261,0.87685,0.21437126811594198,0.27258501633137083,0.21547245709328902,1150.0,20000.0,7950.0,10683.333333333334,7351.87051028512,4
0.75,fake_marrakesh,fake_sherbrooke,36,0.0255966666666666,0.856585,0.21979337612822905,0.26873631770691864,0.20782871208119016,1050.0,20000.0,8425.0,10888.888888888889,7310.258067665807,5
0.75,fake_marrakesh,fake_kyiv,36,0.021901404494382,0.8573500000000001,0.22015381578947368,0.27205612714638683,0.20925858554819127,850.0,20000.0,8650.0,11054.166666666666,7254.2142923958345,6
0.75,fake_torino,fake_marrakesh,36,0.0282116666666666,0.876575,0.22400710120068607,0.2837116069016681,0.21724351504201153,1000.0,20000.0,7775.0,10719.444444444445,7259.400583064475,7
0.75,fake_fez,fake_sherbrooke,36,0.0339130434782608,0.876405,0.2291388282596639,0.2854823348167222,0.21907354774208468,1150.0,20000.0,8025.0,10969.444444444445,7300.658265602569,8
0.75,fake_fez,fake_kyiv,36,0.0277777777777777,0.877505,0.23876960847975548,0.2865432801922417,0.2204370494964022,900.0,20000.0,8325.0,10970.833333333334,7263.975446387073,9
0.75,fake_torino,fake_fez,36,0.0268075609756097,0.882755,0.24019920043618959,0.29318677692696143,0.22132871092407158,1150.0,20000.0,7625.0,10586.111111111111,7286.666993421332,10
0.75,fake_sherbrooke,fake_marrakesh,36,0.0269599999999999,0.875355,0.24894050542396295,0.3037874436562202,0.22685907721477394,950.0,20000.0,8375.0,11008.333333333334,7180.703308172535,11
0.75,fake_kyiv,fake_marrakesh,36,0.019855,0.882255,0.2662192133956386,0.3079409696445628,0.22859003352128146,950.0,20000.0,8650.0,11011.111111111111,7180.619860938301,12
0.75,fake_torino,fake_sherbrooke,36,0.0240338235294117,0.886525,0.2707771692929476,0.3173156120888666,0.22653536488966175,1000.0,20000.0,8275.0,10934.722222222223,7316.340024165522,13
0.75,fake_sherbrooke,fake_fez,36,0.029578947368421,0.881535,0.2717615589569161,0.3131881049713712,0.2324105080364157,1050.0,20000.0,7575.0,10886.111111111111,7247.981109159306,14
0.75,fake_torino,fake_kyiv,36,0.029370061728395,0.887085,0.272642972541507,0.3179123233535199,0.2277403775354026,1050.0,20000.0,8225.0,10920.833333333334,7327.115735403666,15
0.75,fake_kyiv,fake_fez,36,0.0206560526315789,0.88668,0.2888823255480042,0.3168632915584821,0.23390198950037672,1200.0,20000.0,8000.0,10951.388888888889,7213.315921772843,16
0.75,fake_sherbrooke,fake_torino,36,0.0311229518072289,0.88702,0.2893558252427184,0.3308271476427296,0.23408583492674728,1100.0,20000.0,8050.0,10908.333333333334,7357.013175001309,17
0.75,fake_sherbrooke,fake_kyiv,36,0.0332071621621621,0.90253,0.2961719736842105,0.34017933495651387,0.23959883386592937,950.0,20000.0,8300.0,10970.833333333334,7365.162930988017,18
0.75,fake_kyiv,fake_torino,36,0.017802469879518,0.891095,0.2992896212121212,0.33375119651927543,0.23666261304172043,950.0,20000.0,8150.0,10933.333333333334,7319.689688972965,19
0.75,fake_kyiv,fake_sherbrooke,36,0.0194533720930232,0.9042,0.3077533333333333,0.34280139506070817,0.2403471343853411,950.0,20000.0,7800.0,11026.388888888889,7301.84405388814,20
0.9,fake_marrakesh,fake_fez,36,0.0338952702702702,0.850395,0.1597278401360544,0.2278964488459687,0.20496015151784083,850.0,20000.0,7500.0,10079.166666666666,7414.776511418649,1
0.9,fake_fez,fake_marrakesh,36,0.0233333333333333,0.87135,0.17819633180858546,0.24737465825054164,0.2161384179853553,900.0,20000.0,7325.0,10054.166666666666,7463.65838102009,2
0.9,fake_marrakesh,fake_torino,36,0.027876049382716,0.85238,0.1848737944408532,0.24752234242653673,0.20342237828225762,850.0,20000.0,8200.0,10743.055555555555,7216.015449557599,3
0.9,fake_fez,fake_torino,36,0.0255555555555555,0.875735,0.20688106614246066,0.26689766278861726,0.21583280362565038,900.0,20000.0,7825.0,10661.111111111111,7269.497045985184,4
0.9,fake_marrakesh,fake_sherbrooke,36,0.0225409523809523,0.85144,0.20693831950483627,0.2574070063506724,0.20503035861930458,850.0,20000.0,8550.0,10984.722222222223,7248.249241264545,5
0.9,fake_marrakesh,fake_kyiv,36,0.0279377777777777,0.85225,0.2132532294174289,0.26080801673731124,0.2056976976070207,850.0,20000.0,9150.0,11148.611111111111,7259.510866158478,6
0.9,fake_fez,fake_sherbrooke,36,0.0244444444444444,0.874395,0.21880500852514917,0.27597855066654214,0.2177254462912646,900.0,20000.0,8425.0,10937.5,7289.203121251125,7
0.9,fake_fez,fake_kyiv,36,0.0233333333333333,0.87519,0.22331226817042604,0.276697826467256,0.21914454115738205,900.0,20000.0,8675.0,11052.777777777777,7291.1290958303225,8
0.9,fake_torino,fake_marrakesh,36,0.0299718181818181,0.88568,0.2390794203747072,0.29657606170479217,0.22265105207740038,1000.0,20000.0,7950.0,10819.444444444445,7195.149931702781,9
0.9,fake_torino,fake_fez,36,0.0290954395604395,0.887555,0.25062679247719055,0.3025384644913769,0.22355339835371377,1000.0,20000.0,7900.0,10693.055555555555,7245.798317229665,10
0.9,fake_torino,fake_sherbrooke,36,0.0286604545454545,0.888175,0.2644863357891419,0.31472902502785827,0.22579559444319064,1000.0,20000.0,8325.0,10912.5,7286.566651820909,11
0.9,fake_torino,fake_kyiv,36,0.0278212765957446,0.888915,0.2653647132912616,0.3156008596523787,0.22654243041780894,1000.0,20000.0,8475.0,11036.111111111111,7211.217562253876,12
0.9,fake_sherbrooke,fake_marrakesh,36,0.0268147619047619,0.8849,0.26538749316005467,0.3194418851644586,0.23550632777360878,850.0,20000.0,8350.0,11148.611111111111,7157.468488140913,13
0.9,fake_sherbrooke,fake_fez,36,0.0268979518072289,0.88679,0.28276473684210524,0.3268362999926684,0.23719303376214954,850.0,20000.0,7900.0,10973.611111111111,7216.879876978011,14
0.9,fake_sherbrooke,fake_torino,36,0.03066,0.89638,0.29333451114922804,0.3367035627698446,0.23811817595674148,850.0,20000.0,8000.0,10931.944444444445,7302.114691529706,15
0.9,fake_kyiv,fake_marrakesh,36,0.019265,0.89228,0.2941460865457294,0.324396878522684,0.23735899389752865,1200.0,20000.0,8925.0,11218.055555555555,7143.320084204321,16
0.9,fake_sherbrooke,fake_kyiv,36,0.0299770588235294,0.90098,0.29502177234139315,0.34059571236668895,0.24032393266630392,850.0,20000.0,8350.0,11048.611111111111,7314.676890736391,17
0.9,fake_kyiv,fake_fez,36,0.0192507142857142,0.89307,0.3073772222222222,0.33114699731344677,0.2394001720005773,1300.0,20000.0,8525.0,11058.333333333334,7191.646940324984,18
0.9,fake_kyiv,fake_torino,36,0.0190877777777777,0.900795,0.3127341189111748,0.34001898777095163,0.24033158685131942,1050.0,20000.0,8625.0,10987.5,7303.427522158933,19
0.9,fake_kyiv,fake_sherbrooke,36,0.0206036206896551,0.904745,0.3162863483146068,0.3445045985238259,0.24167409502715073,1200.0,20000.0,8050.0,11045.833333333334,7249.752458828213,20
