trace_id,algorithm,size,backend,reference_shots,floor_mean_tvd_20k_vs_20k,floor_ci2p5_tvd_20k_vs_20k,floor_ci50_tvd_20k_vs_20k,floor_ci97p5_tvd_20k_vs_20k
dj_10_fake_fez,dj,10,fake_fez,20000,0.012334499999999998,0.009350000000000018,0.012100000000000036,0.016381250000000007
dj_10_fake_kyiv,dj,10,fake_kyiv,20000,0.019495400000000003,0.015400000000000014,0.019399999999999987,0.024426249999999997
dj_10_fake_marrakesh,dj,10,fake_marrakesh,20000,0.0115983,0.008799999999999985,0.011400000000000006,0.0154
dj_10_fake_sherbrooke,dj,10,fake_sherbrooke,20000,0.019273799999999997,0.015473749999999974,0.018999999999999975,0.02395249999999998
dj_10_fake_torino,dj,10,fake_torino,20000,0.0172839,0.013673749999999997,0.01715000000000002,0.021852499999999987
dj_11_fake_fez,dj,11,fake_fez,20000,0.0149333,0.011849999999999966,0.014800000000000025,0.018976250000000004
dj_11_fake_kyiv,dj,11,fake_kyiv,20000,0.0237832,0.01979750000000004,0.023600000000000017,0.029026249999999996
dj_11_fake_marrakesh,dj,11,fake_marrakesh,20000,0.012949399999999998,0.00995000000000003,0.012874999999999994,0.0165
dj_11_fake_sherbrooke,dj,11,fake_sherbrooke,20000,0.0233232,0.019250000000000028,0.02309999999999999,0.028276250000000003
dj_11_fake_torino,dj,11,fake_torino,20000,0.0211683,0.017000000000000015,0.02100000000000002,0.026349999999999985
dj_12_fake_fez,dj,12,fake_fez,20000,0.0171164,0.013673749999999995,0.01689999999999999,0.021507499999999964
dj_12_fake_kyiv,dj,12,fake_kyiv,20000,0.0289264,0.02434500000000001,0.02875000000000001,0.034126250000000025
dj_12_fake_marrakesh,dj,12,fake_marrakesh,20000,0.015221900000000002,0.012173750000000014,0.015050000000000036,0.019076249999999982
dj_12_fake_sherbrooke,dj,12,fake_sherbrooke,20000,0.0266124,0.022597500000000006,0.026525,0.031926249999999996
dj_12_fake_torino,dj,12,fake_torino,20000,0.024897599999999995,0.021095,0.024600000000000018,0.029478749999999974
dj_13_fake_fez,dj,13,fake_fez,20000,0.019847,0.016323750000000012,0.019749999999999997,0.023926249999999996
dj_13_fake_kyiv,dj,13,fake_kyiv,20000,0.0300802,0.02567375,0.030049999999999993,0.034952500000000025
dj_13_fake_marrakesh,dj,13,fake_marrakesh,20000,0.018441500000000003,0.015297500000000016,0.01815,0.02287875000000001
dj_13_fake_sherbrooke,dj,13,fake_sherbrooke,20000,0.0286548,0.024673750000000026,0.02854999999999997,0.03337625
dj_13_fake_torino,dj,13,fake_torino,20000,0.0289435,0.024997500000000027,0.028850000000000025,0.03377875000000002
dj_14_fake_fez,dj,14,fake_fez,20000,0.022993499999999997,0.01922374999999999,0.022849999999999985,0.02797625000000001
dj_14_fake_kyiv,dj,14,fake_kyiv,20000,0.0378143,0.03302125,0.037699999999999984,0.043326250000000004
dj_14_fake_marrakesh,dj,14,fake_marrakesh,20000,0.0200001,0.0165,0.019850000000000007,0.024602500000000006
dj_14_fake_sherbrooke,dj,14,fake_sherbrooke,20000,0.0333966,0.028923749999999984,0.033300000000000024,0.03844999999999997
dj_14_fake_torino,dj,14,fake_torino,20000,0.031502499999999996,0.02725,0.03127499999999998,0.03724999999999999
dj_15_fake_fez,dj,15,fake_fez,20000,0.025417300000000004,0.02164999999999998,0.025199999999999993,0.030507499999999983
dj_15_fake_kyiv,dj,15,fake_kyiv,20000,0.0492902,0.04462375000000003,0.04907500000000001,0.0546075
dj_15_fake_marrakesh,dj,15,fake_marrakesh,20000,0.0226575,0.019199999999999988,0.022399999999999996,0.027050000000000036
dj_15_fake_sherbrooke,dj,15,fake_sherbrooke,20000,0.0434058,0.03919999999999998,0.04317499999999999,0.04837875
dj_15_fake_torino,dj,15,fake_torino,20000,0.038953600000000005,0.03432375000000002,0.03872500000000001,0.0448025
dj_4_fake_fez,dj,4,fake_fez,20000,0.0022897999999999985,0.0007499999999999903,0.0021999999999999715,0.004452500000000001
dj_4_fake_kyiv,dj,4,fake_kyiv,20000,0.002726099999999999,0.001050000000000012,0.0025500000000000123,0.005550000000000047
dj_4_fake_marrakesh,dj,4,fake_marrakesh,20000,0.0020913999999999985,0.0006499999999999947,0.0019500000000000034,0.0042049999999999995
dj_4_fake_sherbrooke,dj,4,fake_sherbrooke,20000,0.002587700000000001,0.000923750000000007,0.002549999999999973,0.004826250000000031
dj_4_fake_torino,dj,4,fake_torino,20000,0.0026727000000000005,0.0009499999999999777,0.002524999999999982,0.005099999999999998
dj_5_fake_fez,dj,5,fake_fez,20000,0.0037677000000000006,0.002049999999999981,0.003600000000000008,0.006126250000000007
dj_5_fake_kyiv,dj,5,fake_kyiv,20000,0.004467099999999999,0.0023999999999999968,0.004349999999999974,0.007700000000000006
dj_5_fake_marrakesh,dj,5,fake_marrakesh,20000,0.0030758999999999995,0.0014999999999999957,0.003049999999999972,0.005276249999999988
dj_5_fake_sherbrooke,dj,5,fake_sherbrooke,20000,0.0044752,0.002349999999999996,0.004300000000000031,0.007376249999999966
dj_5_fake_torino,dj,5,fake_torino,20000,0.004649400000000001,0.0024999999999999576,0.004499999999999968,0.007726250000000008
dj_6_fake_fez,dj,6,fake_fez,20000,0.0054323999999999996,0.0030737500000000144,0.005249999999999976,0.008552499999999968
dj_6_fake_kyiv,dj,6,fake_kyiv,20000,0.007277999999999997,0.004599999999999982,0.007050000000000007,0.010702499999999998
dj_6_fake_marrakesh,dj,6,fake_marrakesh,20000,0.0044803,0.002599999999999985,0.004299999999999994,0.00728124999999998
dj_6_fake_sherbrooke,dj,6,fake_sherbrooke,20000,0.0072618,0.0045000000000000205,0.007100000000000021,0.010976250000000017
dj_6_fake_torino,dj,6,fake_torino,20000,0.0070309000000000005,0.004199999999999988,0.0068000000000000265,0.010650000000000034
dj_7_fake_fez,dj,7,fake_fez,20000,0.0068959,0.004400000000000006,0.006799999999999994,0.010026250000000009
dj_7_fake_kyiv,dj,7,fake_kyiv,20000,0.009902399999999997,0.006823749999999982,0.00995,0.013049999999999989
dj_7_fake_marrakesh,dj,7,fake_marrakesh,20000,0.0059747,0.0038475,0.005849999999999992,0.008828749999999993
dj_7_fake_sherbrooke,dj,7,fake_sherbrooke,20000,0.009637600000000001,0.006349999999999997,0.009500000000000043,0.01392874999999999
dj_7_fake_torino,dj,7,fake_torino,20000,0.0092057,0.006250000000000021,0.008949999999999994,0.013226249999999986
dj_8_fake_fez,dj,8,fake_fez,20000,0.008653,0.0058999999999999895,0.008599999999999997,0.012099999999999996
dj_8_fake_kyiv,dj,8,fake_kyiv,20000,0.012034699999999999,0.008700000000000036,0.011800000000000001,0.016276250000000016
dj_8_fake_marrakesh,dj,8,fake_marrakesh,20000,0.008020399999999999,0.005450000000000005,0.007800000000000035,0.011478749999999979
dj_8_fake_sherbrooke,dj,8,fake_sherbrooke,20000,0.012293999999999998,0.009023749999999997,0.012000000000000004,0.016550000000000006
dj_8_fake_torino,dj,8,fake_torino,20000,0.0116114,0.008047500000000016,0.011449999999999988,0.01585000000000002
dj_9_fake_fez,dj,9,fake_fez,20000,0.0105956,0.007623749999999995,0.01050000000000003,0.013976249999999987
dj_9_fake_kyiv,dj,9,fake_kyiv,20000,0.0157978,0.012297499999999982,0.015650000000000004,0.020459999999999975
dj_9_fake_marrakesh,dj,9,fake_marrakesh,20000,0.010076100000000001,0.007149999999999991,0.00994999999999999,0.013578749999999999
dj_9_fake_sherbrooke,dj,9,fake_sherbrooke,20000,0.015325,0.012047499999999996,0.01519999999999999,0.01962625000000001
dj_9_fake_torino,dj,9,fake_torino,20000,0.014747600000000003,0.011099999999999988,0.0146,0.018850000000000037
qaoa_10_fake_fez,qaoa,10,fake_fez,20000,0.07881350000000001,0.07342375,0.0789,0.08478374999999999
qaoa_10_fake_kyiv,qaoa,10,fake_kyiv,20000,0.09287169999999999,0.08710000000000001,0.0927,0.09893125
qaoa_10_fake_marrakesh,qaoa,10,fake_marrakesh,20000,0.0761927,0.0701475,0.076225,0.0819075
qaoa_10_fake_sherbrooke,qaoa,10,fake_sherbrooke,20000,0.0950031,0.0887,0.095,0.10107624999999999
qaoa_10_fake_torino,qaoa,10,fake_torino,20000,0.0872979,0.08164500000000001,0.087475,0.09282625
qaoa_11_fake_fez,qaoa,11,fake_fez,20000,0.0862457,0.08077374999999999,0.08604999999999999,0.092665
qaoa_11_fake_kyiv,qaoa,11,fake_kyiv,20000,0.10589099999999999,0.10045,0.1059,0.11215
qaoa_11_fake_marrakesh,qaoa,11,fake_marrakesh,20000,0.082016,0.0763475,0.0819,0.08807625
qaoa_11_fake_sherbrooke,qaoa,11,fake_sherbrooke,20000,0.09989250000000001,0.094095,0.09985000000000001,0.10555
qaoa_11_fake_torino,qaoa,11,fake_torino,20000,0.0969803,0.0910475,0.0969,0.10325249999999998
qaoa_12_fake_fez,qaoa,12,fake_fez,20000,0.10696719999999998,0.10107375,0.107075,0.1125525
qaoa_12_fake_kyiv,qaoa,12,fake_kyiv,20000,0.1363642,0.13049750000000002,0.13640000000000002,0.14255
qaoa_12_fake_marrakesh,qaoa,12,fake_marrakesh,20000,0.10196,0.09602125,0.102025,0.10772625
qaoa_12_fake_sherbrooke,qaoa,12,fake_sherbrooke,20000,0.12869490000000003,0.12282375000000001,0.12865,0.13545000000000001
qaoa_12_fake_torino,qaoa,12,fake_torino,20000,0.126355,0.1205,0.12625,0.1329525
qaoa_13_fake_fez,qaoa,13,fake_fez,20000,0.1401352,0.1341,0.14025,0.1456
qaoa_13_fake_kyiv,qaoa,13,fake_kyiv,20000,0.17509550000000002,0.16947374999999998,0.1749,0.18142625
qaoa_13_fake_marrakesh,qaoa,13,fake_marrakesh,20000,0.1317309,0.1263,0.1318,0.1367525
qaoa_13_fake_sherbrooke,qaoa,13,fake_sherbrooke,20000,0.16483710000000001,0.15887375,0.164875,0.17025249999999997
qaoa_13_fake_torino,qaoa,13,fake_torino,20000,0.1628015,0.15702375000000002,0.16294999999999998,0.16843125
qaoa_14_fake_fez,qaoa,14,fake_fez,20000,0.117959,0.11232375,0.11795,0.12382625
qaoa_14_fake_kyiv,qaoa,14,fake_kyiv,20000,0.18439339999999999,0.17832375,0.18425,0.19048624999999997
qaoa_14_fake_marrakesh,qaoa,14,fake_marrakesh,20000,0.1115043,0.10562124999999999,0.11125,0.11797624999999999
qaoa_14_fake_sherbrooke,qaoa,14,fake_sherbrooke,20000,0.20453820000000003,0.19899250000000002,0.2044,0.21017625
qaoa_14_fake_torino,qaoa,14,fake_torino,20000,0.15333280000000002,0.14747125,0.1532,0.15935000000000002
qaoa_15_fake_fez,qaoa,15,fake_fez,20000,0.19567270000000003,0.19022375,0.1956,0.20155
qaoa_15_fake_kyiv,qaoa,15,fake_kyiv,20000,0.2589571,0.253,0.2589,0.26532874999999995
qaoa_15_fake_marrakesh,qaoa,15,fake_marrakesh,20000,0.1861775,0.17962375,0.1864,0.19215
qaoa_15_fake_sherbrooke,qaoa,15,fake_sherbrooke,20000,0.24218650000000003,0.2358,0.24220000000000003,0.248155
qaoa_15_fake_torino,qaoa,15,fake_torino,20000,0.231501,0.22612375,0.2314,0.23727875
qaoa_4_fake_fez,qaoa,4,fake_fez,20000,0.0083795,0.004423749999999997,0.007799999999999963,0.015026249999999993
qaoa_4_fake_kyiv,qaoa,4,fake_kyiv,20000,0.0099888,0.005750000000000006,0.00945000000000001,0.016549999999999978
qaoa_4_fake_marrakesh,qaoa,4,fake_marrakesh,20000,0.0073259,0.0031737500000000025,0.006675000000000006,0.013726250000000002
qaoa_4_fake_sherbrooke,qaoa,4,fake_sherbrooke,20000,0.00933,0.005050000000000032,0.008999999999999984,0.01515249999999999
qaoa_4_fake_torino,qaoa,4,fake_torino,20000,0.009223700000000001,0.004700000000000018,0.008800000000000006,0.016100000000000003
qaoa_5_fake_fez,qaoa,5,fake_fez,20000,0.0164743,0.01117375,0.016225,0.023228749999999996
qaoa_5_fake_kyiv,qaoa,5,fake_kyiv,20000,0.0177454,0.012368749999999998,0.017775,0.023876249999999998
qaoa_5_fake_marrakesh,qaoa,5,fake_marrakesh,20000,0.015697500000000003,0.010000000000000014,0.015449999999999992,0.022202500000000003
qaoa_5_fake_sherbrooke,qaoa,5,fake_sherbrooke,20000,0.0180881,0.013050000000000008,0.017900000000000006,0.02385499999999999
qaoa_5_fake_torino,qaoa,5,fake_torino,20000,0.0176084,0.011923749999999988,0.017574999999999993,0.02367874999999998
qaoa_6_fake_fez,qaoa,6,fake_fez,20000,0.0231097,0.018071249999999997,0.023000000000000003,0.029378750000000002
qaoa_6_fake_kyiv,qaoa,6,fake_kyiv,20000,0.025021,0.01949750000000001,0.02495,0.030902500000000003
qaoa_6_fake_marrakesh,qaoa,6,fake_marrakesh,20000,0.0228333,0.01742375,0.02269999999999999,0.029152500000000005
qaoa_6_fake_sherbrooke,qaoa,6,fake_sherbrooke,20000,0.025504000000000002,0.02032125,0.025275000000000002,0.03155
qaoa_6_fake_torino,qaoa,6,fake_torino,20000,0.024703899999999997,0.0192475,0.024550000000000013,0.030126249999999997
qaoa_7_fake_fez,qaoa,7,fake_fez,20000,0.034442,0.029197499999999998,0.034574999999999995,0.04055249999999999
qaoa_7_fake_kyiv,qaoa,7,fake_kyiv,20000,0.0370492,0.031673749999999994,0.0369,0.043050000000000005
qaoa_7_fake_marrakesh,qaoa,7,fake_marrakesh,20000,0.0338166,0.028321250000000003,0.033800000000000004,0.04010500000000001
qaoa_7_fake_sherbrooke,qaoa,7,fake_sherbrooke,20000,0.0375034,0.03227375,0.037475,0.04332874999999999
qaoa_7_fake_torino,qaoa,7,fake_torino,20000,0.035904000000000005,0.03017375,0.035899999999999994,0.042483749999999994
qaoa_8_fake_fez,qaoa,8,fake_fez,20000,0.040184199999999996,0.0346475,0.040150000000000005,0.04651249999999999
qaoa_8_fake_kyiv,qaoa,8,fake_kyiv,20000,0.0459077,0.04009000000000001,0.045825000000000005,0.052157499999999996
qaoa_8_fake_marrakesh,qaoa,8,fake_marrakesh,20000,0.037551499999999995,0.03192125,0.037599999999999995,0.043776249999999996
qaoa_8_fake_sherbrooke,qaoa,8,fake_sherbrooke,20000,0.044723399999999996,0.03922375,0.0446,0.0511525
qaoa_8_fake_torino,qaoa,8,fake_torino,20000,0.043999399999999994,0.03771875000000001,0.043925000000000006,0.050105
qaoa_9_fake_fez,qaoa,9,fake_fez,20000,0.0539067,0.048523750000000004,0.0539,0.059852499999999996
qaoa_9_fake_kyiv,qaoa,9,fake_kyiv,20000,0.0650117,0.05962375,0.06492500000000001,0.0706025
qaoa_9_fake_marrakesh,qaoa,9,fake_marrakesh,20000,0.0513494,0.045395,0.051375000000000004,0.057278749999999996
qaoa_9_fake_sherbrooke,qaoa,9,fake_sherbrooke,20000,0.0618958,0.05597125000000001,0.0619,0.06805499999999999
qaoa_9_fake_torino,qaoa,9,fake_torino,20000,0.060543,0.055,0.06044999999999999,0.067105
qft_10_fake_fez,qft,10,fake_fez,20000,0.1263421,0.1203,0.1264,0.13227875
qft_10_fake_kyiv,qft,10,fake_kyiv,20000,0.1263103,0.12061875,0.12617499999999998,0.13180000000000003
qft_10_fake_marrakesh,qft,10,fake_marrakesh,20000,0.1260213,0.1197,0.126,0.132
qft_10_fake_sherbrooke,qft,10,fake_sherbrooke,20000,0.1260468,0.1207,0.126,0.13215
qft_10_fake_torino,qft,10,fake_torino,20000,0.1264416,0.12002375000000001,0.1265,0.1327025
qft_11_fake_fez,qft,11,fake_fez,20000,0.17672449999999998,0.17092374999999999,0.17675000000000002,0.1821
qft_11_fake_kyiv,qft,11,fake_kyiv,20000,0.176923,0.17121875,0.17675000000000002,0.1828525
qft_11_fake_marrakesh,qft,11,fake_marrakesh,20000,0.1768403,0.17086874999999999,0.176825,0.18245
qft_11_fake_sherbrooke,qft,11,fake_sherbrooke,20000,0.17666250000000003,0.17099999999999999,0.17659999999999998,0.18223375
qft_11_fake_torino,qft,11,fake_torino,20000,0.17691739999999997,0.17112375000000002,0.176825,0.18265
qft_12_fake_fez,qft,12,fake_fez,20000,0.2440385,0.23795,0.24405,0.24962625
qft_12_fake_kyiv,qft,12,fake_kyiv,20000,0.24400199999999997,0.23757374999999997,0.244,0.24960249999999998
qft_12_fake_marrakesh,qft,12,fake_marrakesh,20000,0.24442770000000003,0.23832375,0.24445,0.25087625
qft_12_fake_sherbrooke,qft,12,fake_sherbrooke,20000,0.243087,0.2370475,0.24305,0.24902625
qft_12_fake_torino,qft,12,fake_torino,20000,0.2442041,0.238095,0.24412499999999998,0.2503
qft_13_fake_fez,qft,13,fake_fez,20000,0.32275469999999995,0.3173475,0.3228,0.3279525
qft_13_fake_kyiv,qft,13,fake_kyiv,20000,0.32383720000000005,0.3183975,0.32375,0.32947625
qft_13_fake_marrakesh,qft,13,fake_marrakesh,20000,0.32351330000000006,0.31735,0.323475,0.329355
qft_13_fake_sherbrooke,qft,13,fake_sherbrooke,20000,0.32243140000000003,0.31652375,0.32255,0.32807625
qft_13_fake_torino,qft,13,fake_torino,20000,0.3230113,0.3168975,0.322975,0.32983125
qft_14_fake_fez,qft,14,fake_fez,20000,0.39789440000000004,0.39204500000000003,0.39792500000000003,0.4035
qft_14_fake_kyiv,qft,14,fake_kyiv,20000,0.39629280000000006,0.39069750000000003,0.3962,0.40245000000000003
qft_14_fake_marrakesh,qft,14,fake_marrakesh,20000,0.39696590000000004,0.3906475,0.397025,0.40302625000000003
qft_14_fake_sherbrooke,qft,14,fake_sherbrooke,20000,0.39704370000000005,0.3913737500000001,0.397075,0.40242625
qft_14_fake_torino,qft,14,fake_torino,20000,0.3972312,0.3914475,0.39715,0.40270000000000006
qft_15_fake_fez,qft,15,fake_fez,20000,0.45115010000000005,0.44594750000000005,0.45105000000000006,0.4567
qft_15_fake_kyiv,qft,15,fake_kyiv,20000,0.45067270000000004,0.44462375000000004,0.4506,0.456505
qft_15_fake_marrakesh,qft,15,fake_marrakesh,20000,0.45001080000000004,0.44447375000000006,0.449875,0.45590250000000004
qft_15_fake_sherbrooke,qft,15,fake_sherbrooke,20000,0.45025430000000005,0.44417125,0.45025000000000004,0.45632875
qft_15_fake_torino,qft,15,fake_torino,20000,0.45064230000000005,0.4448687500000001,0.4506,0.45660000000000006
qft_4_fake_fez,qft,4,fake_fez,20000,0.015578499999999999,0.010347499999999992,0.015450000000000004,0.021702499999999993
qft_4_fake_kyiv,qft,4,fake_kyiv,20000,0.0155301,0.01027375,0.015224999999999999,0.022176250000000005
qft_4_fake_marrakesh,qft,4,fake_marrakesh,20000,0.0154513,0.009673750000000004,0.015449999999999998,0.021799999999999996
qft_4_fake_sherbrooke,qft,4,fake_sherbrooke,20000,0.015402800000000001,0.009549999999999994,0.015399999999999997,0.02115749999999999
qft_4_fake_torino,qft,4,fake_torino,20000,0.0153508,0.01005000000000001,0.0154,0.021178749999999993
qft_5_fake_fez,qft,5,fake_fez,20000,0.0220742,0.016571250000000003,0.021949999999999994,0.027855000000000005
qft_5_fake_kyiv,qft,5,fake_kyiv,20000,0.022170299999999997,0.016297500000000006,0.021999999999999995,0.028452500000000002
qft_5_fake_marrakesh,qft,5,fake_marrakesh,20000,0.0224361,0.016716250000000005,0.022350000000000002,0.028981250000000007
qft_5_fake_sherbrooke,qft,5,fake_sherbrooke,20000,0.0220579,0.016723750000000003,0.021775000000000003,0.027878749999999997
qft_5_fake_torino,qft,5,fake_torino,20000,0.022068800000000003,0.01682125,0.021949999999999997,0.0284025
qft_6_fake_fez,qft,6,fake_fez,20000,0.031613999999999996,0.026323750000000003,0.031525,0.0375525
qft_6_fake_kyiv,qft,6,fake_kyiv,20000,0.0316576,0.026423749999999996,0.031575,0.0373
qft_6_fake_marrakesh,qft,6,fake_marrakesh,20000,0.031624099999999995,0.025699999999999994,0.031549999999999995,0.038378749999999996
qft_6_fake_sherbrooke,qft,6,fake_sherbrooke,20000,0.031703,0.025821250000000004,0.0315,0.037750000000000006
qft_6_fake_torino,qft,6,fake_torino,20000,0.031646799999999996,0.02605,0.03150000000000001,0.0375
qft_7_fake_fez,qft,7,fake_fez,20000,0.044830400000000006,0.03897375,0.0448,0.0508075
qft_7_fake_kyiv,qft,7,fake_kyiv,20000,0.0448375,0.03837125,0.044825000000000004,0.05055
qft_7_fake_marrakesh,qft,7,fake_marrakesh,20000,0.04509520000000001,0.03907375,0.044899999999999995,0.0510025
qft_7_fake_sherbrooke,qft,7,fake_sherbrooke,20000,0.04506,0.03927375,0.045125,0.05072625
qft_7_fake_torino,qft,7,fake_torino,20000,0.04497840000000001,0.039349999999999996,0.044899999999999995,0.05052625
qft_8_fake_fez,qft,8,fake_fez,20000,0.06371779999999999,0.05814999999999999,0.06355,0.0698525
qft_8_fake_kyiv,qft,8,fake_kyiv,20000,0.0635391,0.05802374999999999,0.063475,0.06939999999999999
qft_8_fake_marrakesh,qft,8,fake_marrakesh,20000,0.0636313,0.05822375,0.06355,0.06962625
qft_8_fake_sherbrooke,qft,8,fake_sherbrooke,20000,0.0635518,0.057623749999999994,0.06359999999999999,0.06956
qft_8_fake_torino,qft,8,fake_torino,20000,0.0636212,0.05832125,0.06355000000000001,0.06974999999999999
qft_9_fake_fez,qft,9,fake_fez,20000,0.0894615,0.08319750000000001,0.0894,0.095555
qft_9_fake_kyiv,qft,9,fake_kyiv,20000,0.0896056,0.08344750000000001,0.089675,0.09525
qft_9_fake_marrakesh,qft,9,fake_marrakesh,20000,0.0896804,0.0837,0.08965000000000001,0.09607874999999999
qft_9_fake_sherbrooke,qft,9,fake_sherbrooke,20000,0.0897352,0.08402125,0.08975,0.09602625
qft_9_fake_torino,qft,9,fake_torino,20000,0.08986580000000001,0.08372375,0.08979999999999999,0.09607624999999999
qnn_10_fake_fez,qnn,10,fake_fez,20000,0.1182015,0.1121975,0.11815,0.12415
qnn_10_fake_kyiv,qnn,10,fake_kyiv,20000,0.12435550000000001,0.1189,0.12434999999999999,0.13008625
qnn_10_fake_marrakesh,qnn,10,fake_marrakesh,20000,0.11500470000000002,0.10932125,0.1149,0.12062625
qnn_10_fake_sherbrooke,qnn,10,fake_sherbrooke,20000,0.12327500000000001,0.11712125000000001,0.12345,0.12907625
qnn_10_fake_torino,qnn,10,fake_torino,20000,0.1203453,0.11411875,0.12035000000000001,0.1259525
qnn_11_fake_fez,qnn,11,fake_fez,20000,0.16522,0.15947124999999998,0.16525,0.17112624999999998
qnn_11_fake_kyiv,qnn,11,fake_kyiv,20000,0.17434729999999998,0.16835,0.174325,0.18042625
qnn_11_fake_marrakesh,qnn,11,fake_marrakesh,20000,0.1592937,0.15259999999999999,0.1595,0.16557625
qnn_11_fake_sherbrooke,qnn,11,fake_sherbrooke,20000,0.1726015,0.16705,0.17265,0.1781
qnn_11_fake_torino,qnn,11,fake_torino,20000,0.1677071,0.16157375000000002,0.16765,0.1738
qnn_12_fake_fez,qnn,12,fake_fez,20000,0.2236455,0.21767124999999998,0.22365000000000002,0.22895249999999998
qnn_12_fake_kyiv,qnn,12,fake_kyiv,20000,0.2410268,0.2348,0.241,0.24667625
qnn_12_fake_marrakesh,qnn,12,fake_marrakesh,20000,0.2154176,0.2095975,0.21545,0.2209
qnn_12_fake_sherbrooke,qnn,12,fake_sherbrooke,20000,0.2376153,0.23102374999999997,0.23770000000000002,0.24362625
qnn_12_fake_torino,qnn,12,fake_torino,20000,0.2296297,0.22377375,0.22965000000000002,0.2355
qnn_13_fake_fez,qnn,13,fake_fez,20000,0.3051262,0.299395,0.30507500000000004,0.31097625
qnn_13_fake_kyiv,qnn,13,fake_kyiv,20000,0.320279,0.31437375,0.32035,0.32585000000000003
qnn_13_fake_marrakesh,qnn,13,fake_marrakesh,20000,0.2920283,0.28642375,0.29200000000000004,0.29765250000000004
qnn_13_fake_sherbrooke,qnn,13,fake_sherbrooke,20000,0.3179878,0.31177124999999994,0.318025,0.32407874999999997
qnn_13_fake_torino,qnn,13,fake_torino,20000,0.3097968000000001,0.30422125,0.30955,0.31602874999999997
qnn_14_fake_fez,qnn,14,fake_fez,20000,0.3765312,0.37071875000000004,0.37650000000000006,0.38292625
qnn_14_fake_kyiv,qnn,14,fake_kyiv,20000,0.39431550000000004,0.38859750000000004,0.39422500000000005,0.4001025
qnn_14_fake_marrakesh,qnn,14,fake_marrakesh,20000,0.3618923,0.35625,0.3619,0.36762625000000004
qnn_14_fake_sherbrooke,qnn,14,fake_sherbrooke,20000,0.39122450000000003,0.3855,0.39125000000000004,0.39682625000000005
qnn_14_fake_torino,qnn,14,fake_torino,20000,0.3818601,0.37559250000000005,0.3819,0.38782875
qnn_15_fake_fez,qnn,15,fake_fez,20000,0.43193200000000004,0.42602375000000003,0.431925,0.43770000000000003
qnn_15_fake_kyiv,qnn,15,fake_kyiv,20000,0.44897040000000005,0.44332375,0.44885,0.45547625
qnn_15_fake_marrakesh,qnn,15,fake_marrakesh,20000,0.41288650000000005,0.40729750000000003,0.41290000000000004,0.4186500000000001
qnn_15_fake_sherbrooke,qnn,15,fake_sherbrooke,20000,0.44747560000000003,0.4416975,0.4475,0.45322625000000005
qnn_15_fake_torino,qnn,15,fake_torino,20000,0.43737050000000005,0.43202125,0.43745,0.4430025000000001
qnn_4_fake_fez,qnn,4,fake_fez,20000,0.0130452,0.008049999999999977,0.012599999999999988,0.019326249999999996
qnn_4_fake_kyiv,qnn,4,fake_kyiv,20000,0.013427600000000001,0.00807375,0.013450000000000007,0.019278750000000008
qnn_4_fake_marrakesh,qnn,4,fake_marrakesh,20000,0.013068100000000001,0.008299999999999995,0.012750000000000015,0.019078749999999978
qnn_4_fake_sherbrooke,qnn,4,fake_sherbrooke,20000,0.0139003,0.009100000000000004,0.01375,0.019876249999999998
qnn_4_fake_torino,qnn,4,fake_torino,20000,0.0134235,0.008673749999999992,0.013175000000000003,0.0198525
qnn_5_fake_fez,qnn,5,fake_fez,20000,0.0201327,0.014747499999999995,0.020025,0.025902500000000002
qnn_5_fake_kyiv,qnn,5,fake_kyiv,20000,0.020886099999999998,0.015723749999999995,0.020750000000000005,0.027076249999999996
qnn_5_fake_marrakesh,qnn,5,fake_marrakesh,20000,0.019738500000000003,0.01392375000000001,0.019799999999999995,0.026078749999999994
qnn_5_fake_sherbrooke,qnn,5,fake_sherbrooke,20000,0.020808100000000003,0.015423749999999998,0.020750000000000008,0.026876249999999994
qnn_5_fake_torino,qnn,5,fake_torino,20000,0.020582999999999997,0.01475,0.02039999999999999,0.026649999999999997
qnn_6_fake_fez,qnn,6,fake_fez,20000,0.026615,0.021499999999999995,0.026449999999999994,0.03283374999999999
qnn_6_fake_kyiv,qnn,6,fake_kyiv,20000,0.0290673,0.02342375,0.02905,0.03493124999999999
qnn_6_fake_marrakesh,qnn,6,fake_marrakesh,20000,0.025414299999999997,0.020723749999999996,0.025249999999999995,0.030902500000000003
qnn_6_fake_sherbrooke,qnn,6,fake_sherbrooke,20000,0.028302300000000002,0.022899999999999993,0.028200000000000003,0.03462875
qnn_6_fake_torino,qnn,6,fake_torino,20000,0.027527100000000002,0.02224750000000001,0.027374999999999993,0.03365
qnn_7_fake_fez,qnn,7,fake_fez,20000,0.0429208,0.03725,0.04304999999999999,0.04920249999999999
qnn_7_fake_kyiv,qnn,7,fake_kyiv,20000,0.044566499999999995,0.039395,0.04425,0.050300000000000004
qnn_7_fake_marrakesh,qnn,7,fake_marrakesh,20000,0.0422504,0.03649500000000001,0.0422,0.04837625
qnn_7_fake_sherbrooke,qnn,7,fake_sherbrooke,20000,0.0438135,0.03827375,0.04385,0.049749999999999996
qnn_7_fake_torino,qnn,7,fake_torino,20000,0.0433818,0.03772375,0.04335,0.04907875
qnn_8_fake_fez,qnn,8,fake_fez,20000,0.056539400000000004,0.05061875,0.056575,0.0634025
qnn_8_fake_kyiv,qnn,8,fake_kyiv,20000,0.0607031,0.05532125,0.060524999999999995,0.0665525
qnn_8_fake_marrakesh,qnn,8,fake_marrakesh,20000,0.0554131,0.04997375,0.055349999999999996,0.06137625000000001
qnn_8_fake_sherbrooke,qnn,8,fake_sherbrooke,20000,0.05978409999999999,0.0536,0.059725,0.06598375
qnn_8_fake_torino,qnn,8,fake_torino,20000,0.0578838,0.0524475,0.05789999999999999,0.06358124999999999
qnn_9_fake_fez,qnn,9,fake_fez,20000,0.08272660000000001,0.07711625000000001,0.08285000000000001,0.0887075
qnn_9_fake_kyiv,qnn,9,fake_kyiv,20000,0.0875782,0.08147375,0.08775,0.09347625
qnn_9_fake_marrakesh,qnn,9,fake_marrakesh,20000,0.0808672,0.0754,0.080925,0.08685000000000001
qnn_9_fake_sherbrooke,qnn,9,fake_sherbrooke,20000,0.08638290000000001,0.08092125,0.08625,0.09227875
qnn_9_fake_torino,qnn,9,fake_torino,20000,0.0845607,0.07897125,0.08455,0.09078624999999999
random_10_fake_fez,random,10,fake_fez,20000,0.11346879999999998,0.10750000000000001,0.11345,0.11927625
random_10_fake_kyiv,random,10,fake_kyiv,20000,0.125332,0.11982375,0.125425,0.13119999999999998
random_10_fake_marrakesh,random,10,fake_marrakesh,20000,0.107959,0.1021,0.10794999999999999,0.11382624999999999
random_10_fake_sherbrooke,random,10,fake_sherbrooke,20000,0.12485149999999999,0.11907375,0.124875,0.13077625
random_10_fake_torino,random,10,fake_torino,20000,0.12115909999999999,0.11474999999999999,0.1212,0.12803124999999999
random_11_fake_fez,random,11,fake_fez,20000,0.17448289999999997,0.16862125,0.17455,0.1804525
random_11_fake_kyiv,random,11,fake_kyiv,20000,0.17631579999999997,0.17029750000000002,0.17625000000000002,0.1824
random_11_fake_marrakesh,random,11,fake_marrakesh,20000,0.1711625,0.16557375,0.17122500000000002,0.1766525
random_11_fake_sherbrooke,random,11,fake_sherbrooke,20000,0.1767555,0.171095,0.17670000000000002,0.1825075
random_11_fake_torino,random,11,fake_torino,20000,0.1761893,0.1699975,0.1763,0.18227625
random_12_fake_fez,random,12,fake_fez,20000,0.24005059999999998,0.2338975,0.2399,0.24632874999999999
random_12_fake_kyiv,random,12,fake_kyiv,20000,0.2429663,0.23685,0.243,0.24847875
random_12_fake_marrakesh,random,12,fake_marrakesh,20000,0.2364593,0.231095,0.23654999999999998,0.24269999999999997
random_12_fake_sherbrooke,random,12,fake_sherbrooke,20000,0.2440152,0.23809999999999998,0.24395,0.24989999999999998
random_12_fake_torino,random,12,fake_torino,20000,0.24284730000000002,0.2373975,0.2427,0.24864999999999998
random_13_fake_fez,random,13,fake_fez,20000,0.31541880000000005,0.30914749999999996,0.31535,0.32122625
random_13_fake_kyiv,random,13,fake_kyiv,20000,0.32361,0.3175975,0.3238,0.32917625000000006
random_13_fake_marrakesh,random,13,fake_marrakesh,20000,0.3075394,0.30169999999999997,0.307775,0.31389999999999996
random_13_fake_sherbrooke,random,13,fake_sherbrooke,20000,0.3229422,0.31732375,0.323025,0.32852625
random_13_fake_torino,random,13,fake_torino,20000,0.3210573,0.314295,0.3212,0.327555
random_14_fake_fez,random,14,fake_fez,20000,0.39487720000000004,0.38872375000000003,0.39475000000000005,0.40117625
random_14_fake_kyiv,random,14,fake_kyiv,20000,0.3978507,0.39222375,0.39780000000000004,0.40385000000000004
random_14_fake_marrakesh,random,14,fake_marrakesh,20000,0.3881971,0.38247375000000006,0.38827500000000004,0.39357625000000007
random_14_fake_sherbrooke,random,14,fake_sherbrooke,20000,0.39724980000000004,0.3912,0.39725,0.403005
random_14_fake_torino,random,14,fake_torino,20000,0.39712240000000004,0.39105,0.397,0.40340250000000005
random_15_fake_fez,random,15,fake_fez,20000,0.44868040000000003,0.4427,0.44877500000000003,0.45438125
random_15_fake_kyiv,random,15,fake_kyiv,20000,0.4520009,0.44572375000000003,0.45212500000000005,0.45777625
random_15_fake_marrakesh,random,15,fake_marrakesh,20000,0.44574280000000005,0.4395237500000001,0.44572500000000004,0.451305
random_15_fake_sherbrooke,random,15,fake_sherbrooke,20000,0.4516125000000001,0.44595,0.45155000000000006,0.45777625000000005
random_15_fake_torino,random,15,fake_torino,20000,0.4516155,0.44615000000000005,0.45157500000000006,0.45755250000000003
random_4_fake_fez,random,4,fake_fez,20000,0.0100208,0.005592500000000028,0.009825000000000009,0.01587625000000003
random_4_fake_kyiv,random,4,fake_kyiv,20000,0.012801499999999999,0.007823749999999996,0.012599999999999991,0.0192025
random_4_fake_marrakesh,random,4,fake_marrakesh,20000,0.0095083,0.005599999999999998,0.009174999999999994,0.014428749999999975
random_4_fake_sherbrooke,random,4,fake_sherbrooke,20000,0.012473099999999999,0.007723750000000001,0.012299999999999988,0.018076250000000002
random_4_fake_torino,random,4,fake_torino,20000,0.0108264,0.006623750000000028,0.010575000000000005,0.016400000000000036
random_5_fake_fez,random,5,fake_fez,20000,0.0157806,0.010347500000000003,0.01549999999999999,0.022278750000000003
random_5_fake_kyiv,random,5,fake_kyiv,20000,0.0176546,0.012473749999999995,0.01760000000000001,0.02342874999999999
random_5_fake_marrakesh,random,5,fake_marrakesh,20000,0.0140446,0.008900000000000007,0.013950000000000011,0.020281249999999987
random_5_fake_sherbrooke,random,5,fake_sherbrooke,20000,0.0178405,0.0122475,0.01780000000000001,0.02385
random_5_fake_torino,random,5,fake_torino,20000,0.016494599999999998,0.011573750000000004,0.016399999999999998,0.022152499999999988
random_6_fake_fez,random,6,fake_fez,20000,0.0272907,0.02191875,0.027099999999999996,0.033252500000000004
random_6_fake_kyiv,random,6,fake_kyiv,20000,0.030437000000000002,0.02437375,0.030349999999999995,0.036704999999999995
random_6_fake_marrakesh,random,6,fake_marrakesh,20000,0.025669,0.019818750000000003,0.0256,0.031976250000000005
random_6_fake_sherbrooke,random,6,fake_sherbrooke,20000,0.0304537,0.024373750000000003,0.030399999999999996,0.03715000000000001
random_6_fake_torino,random,6,fake_torino,20000,0.0283129,0.022897500000000005,0.028200000000000003,0.033881249999999995
random_7_fake_fez,random,7,fake_fez,20000,0.038379,0.033100000000000004,0.038299999999999994,0.04414374999999999
random_7_fake_kyiv,random,7,fake_kyiv,20000,0.0431789,0.03757125000000001,0.0433,0.04892625
random_7_fake_marrakesh,random,7,fake_marrakesh,20000,0.035252900000000004,0.029849999999999998,0.03515,0.04115499999999999
random_7_fake_sherbrooke,random,7,fake_sherbrooke,20000,0.0435805,0.037623750000000004,0.043524999999999994,0.04987874999999999
random_7_fake_torino,random,7,fake_torino,20000,0.041062600000000005,0.035173750000000004,0.0411,0.046654999999999995
random_8_fake_fez,random,8,fake_fez,20000,0.0549262,0.04912375,0.054924999999999995,0.060654999999999994
random_8_fake_kyiv,random,8,fake_kyiv,20000,0.0621243,0.056447500000000005,0.062125,0.0678
random_8_fake_marrakesh,random,8,fake_marrakesh,20000,0.0515594,0.045873750000000005,0.051399999999999994,0.0575575
random_8_fake_sherbrooke,random,8,fake_sherbrooke,20000,0.062277299999999994,0.056847499999999995,0.06225,0.06812625
random_8_fake_torino,random,8,fake_torino,20000,0.0603222,0.0544475,0.06035,0.06652875
random_9_fake_fez,random,9,fake_fez,20000,0.08074369999999999,0.07497374999999999,0.0807,0.08650250000000001
random_9_fake_kyiv,random,9,fake_kyiv,20000,0.088894,0.08296875000000001,0.089,0.09462875
random_9_fake_marrakesh,random,9,fake_marrakesh,20000,0.07775610000000001,0.07177375,0.077825,0.08362624999999999
random_9_fake_sherbrooke,random,9,fake_sherbrooke,20000,0.08882459999999999,0.08285000000000001,0.08879999999999999,0.09435249999999999
random_9_fake_torino,random,9,fake_torino,20000,0.08651679999999999,0.08107375,0.0865,0.0925
vqe_10_fake_fez,vqe,10,fake_fez,20000,0.0171614,0.013499999999999977,0.017000000000000022,0.02158125000000002
vqe_10_fake_kyiv,vqe,10,fake_kyiv,20000,0.025733,0.021523749999999998,0.02560000000000003,0.03145750000000001
vqe_10_fake_marrakesh,vqe,10,fake_marrakesh,20000,0.0142659,0.010523750000000023,0.014149999999999975,0.01935250000000002
vqe_10_fake_sherbrooke,vqe,10,fake_sherbrooke,20000,0.023995100000000002,0.019750000000000035,0.023949999999999985,0.029333750000000002
vqe_10_fake_torino,vqe,10,fake_torino,20000,0.021683,0.017397500000000038,0.02140000000000003,0.02727874999999996
vqe_11_fake_fez,vqe,11,fake_fez,20000,0.0168428,0.013023749999999976,0.0165,0.022581250000000004
vqe_11_fake_kyiv,vqe,11,fake_kyiv,20000,0.025687999999999996,0.020921249999999992,0.025475000000000005,0.03135249999999999
vqe_11_fake_marrakesh,vqe,11,fake_marrakesh,20000,0.0128979,0.008949999999999994,0.01245,0.01840250000000002
vqe_11_fake_sherbrooke,vqe,11,fake_sherbrooke,20000,0.025237299999999997,0.021073750000000026,0.02500000000000003,0.030231250000000005
vqe_11_fake_torino,vqe,11,fake_torino,20000,0.0236009,0.019123750000000012,0.02339999999999999,0.02892625000000001
vqe_12_fake_fez,vqe,12,fake_fez,20000,0.020706099999999998,0.017021249999999988,0.02039999999999999,0.02610750000000002
vqe_12_fake_kyiv,vqe,12,fake_kyiv,20000,0.030292799999999998,0.025950000000000025,0.03010000000000001,0.0356
vqe_12_fake_marrakesh,vqe,12,fake_marrakesh,20000,0.014970300000000002,0.011623749999999993,0.01472500000000001,0.020002500000000006
vqe_12_fake_sherbrooke,vqe,12,fake_sherbrooke,20000,0.028447199999999995,0.024295000000000042,0.028249999999999997,0.03355000000000003
vqe_12_fake_torino,vqe,12,fake_torino,20000,0.0254573,0.021197500000000032,0.025199999999999993,0.030976249999999983
vqe_13_fake_fez,vqe,13,fake_fez,20000,0.028837499999999995,0.02370000000000001,0.028599999999999987,0.03537624999999999
vqe_13_fake_kyiv,vqe,13,fake_kyiv,20000,0.0397615,0.03421875000000001,0.03960000000000001,0.046026250000000005
vqe_13_fake_marrakesh,vqe,13,fake_marrakesh,20000,0.0208576,0.016523749999999983,0.020524999999999995,0.026949999999999984
vqe_13_fake_sherbrooke,vqe,13,fake_sherbrooke,20000,0.0414383,0.03657375000000001,0.041349999999999984,0.04712625
vqe_13_fake_torino,vqe,13,fake_torino,20000,0.040625699999999994,0.035273750000000006,0.04035,0.047052500000000004
vqe_14_fake_fez,vqe,14,fake_fez,20000,0.03918209999999999,0.03494999999999998,0.03894999999999996,0.04457874999999998
vqe_14_fake_kyiv,vqe,14,fake_kyiv,20000,0.0554843,0.05067375000000001,0.055349999999999996,0.061326250000000006
vqe_14_fake_marrakesh,vqe,14,fake_marrakesh,20000,0.030444699999999998,0.026473749999999994,0.03040000000000001,0.035528750000000005
vqe_14_fake_sherbrooke,vqe,14,fake_sherbrooke,20000,0.0527518,0.04807374999999998,0.05265,0.05815249999999998
vqe_14_fake_torino,vqe,14,fake_torino,20000,0.0498339,0.0448975,0.04967499999999999,0.055376250000000016
vqe_15_fake_fez,vqe,15,fake_fez,20000,0.0402658,0.03470000000000001,0.040049999999999975,0.04617875
vqe_15_fake_kyiv,vqe,15,fake_kyiv,20000,0.054258799999999996,0.048500000000000015,0.05430000000000001,0.060176249999999994
vqe_15_fake_marrakesh,vqe,15,fake_marrakesh,20000,0.0292014,0.024173749999999983,0.028999999999999998,0.03537625
vqe_15_fake_sherbrooke,vqe,15,fake_sherbrooke,20000,0.053482100000000005,0.047968750000000004,0.05325000000000002,0.060002499999999986
vqe_15_fake_torino,vqe,15,fake_torino,20000,0.053881399999999996,0.04844999999999999,0.0538,0.05982875
vqe_4_fake_fez,vqe,4,fake_fez,20000,0.0029610000000000027,0.0015499999999999813,0.0028000000000000043,0.005402499999999994
vqe_4_fake_kyiv,vqe,4,fake_kyiv,20000,0.003945800000000001,0.0018237499999999938,0.003750000000000017,0.006849999999999964
vqe_4_fake_marrakesh,vqe,4,fake_marrakesh,20000,0.0027566000000000014,0.0013237499999999764,0.0026500000000000377,0.004776249999999974
vqe_4_fake_sherbrooke,vqe,4,fake_sherbrooke,20000,0.0038758999999999994,0.002099999999999988,0.0036999999999999854,0.0066025000000000346
vqe_4_fake_torino,vqe,4,fake_torino,20000,0.004101299999999999,0.0019975000000000027,0.0038500000000000075,0.007326249999999983
vqe_5_fake_fez,vqe,5,fake_fez,20000,0.007739500000000003,0.003950000000000034,0.007200000000000031,0.015105000000000013
vqe_5_fake_kyiv,vqe,5,fake_kyiv,20000,0.008646000000000001,0.004573750000000004,0.008149999999999982,0.015926250000000006
vqe_5_fake_marrakesh,vqe,5,fake_marrakesh,20000,0.0070717,0.0033237499999999873,0.006599999999999999,0.013676249999999996
vqe_5_fake_sherbrooke,vqe,5,fake_sherbrooke,20000,0.008801000000000002,0.004973749999999993,0.00825000000000001,0.01489999999999999
vqe_5_fake_torino,vqe,5,fake_torino,20000,0.0086504,0.004750000000000006,0.008200000000000022,0.015102499999999996
vqe_6_fake_fez,vqe,6,fake_fez,20000,0.005499100000000001,0.003250000000000001,0.005400000000000002,0.008202500000000014
vqe_6_fake_kyiv,vqe,6,fake_kyiv,20000,0.0068831000000000005,0.004349999999999997,0.006624999999999994,0.010699999999999998
vqe_6_fake_marrakesh,vqe,6,fake_marrakesh,20000,0.0046067999999999994,0.0026000000000000146,0.00445,0.00740250000000002
vqe_6_fake_sherbrooke,vqe,6,fake_sherbrooke,20000,0.0079592,0.00495,0.007874999999999988,0.011702499999999987
vqe_6_fake_torino,vqe,6,fake_torino,20000,0.007398899999999999,0.0044999999999999945,0.0071500000000000435,0.011252500000000014
vqe_7_fake_fez,vqe,7,fake_fez,20000,0.010581400000000001,0.0063000000000000295,0.010100000000000005,0.01687624999999999
vqe_7_fake_kyiv,vqe,7,fake_kyiv,20000,0.012473,0.008473750000000007,0.01204999999999999,0.018902500000000023
vqe_7_fake_marrakesh,vqe,7,fake_marrakesh,20000,0.0090336,0.005123750000000021,0.008400000000000008,0.015828749999999985
vqe_7_fake_sherbrooke,vqe,7,fake_sherbrooke,20000,0.013202,0.00885000000000001,0.012825000000000017,0.01952624999999997
vqe_7_fake_torino,vqe,7,fake_torino,20000,0.0132721,0.009099999999999988,0.012850000000000032,0.019628750000000018
vqe_8_fake_fez,vqe,8,fake_fez,20000,0.012941900000000001,0.0086475,0.012549999999999999,0.018850000000000026
vqe_8_fake_kyiv,vqe,8,fake_kyiv,20000,0.0161706,0.011297499999999981,0.015924999999999995,0.022426249999999984
vqe_8_fake_marrakesh,vqe,8,fake_marrakesh,20000,0.0111694,0.006623749999999991,0.010675000000000006,0.018726250000000017
vqe_8_fake_sherbrooke,vqe,8,fake_sherbrooke,20000,0.018424299999999998,0.0136475,0.01812500000000001,0.025099999999999994
vqe_8_fake_torino,vqe,8,fake_torino,20000,0.0186522,0.014223749999999995,0.0182,0.025026249999999993
vqe_9_fake_fez,vqe,9,fake_fez,20000,0.012815600000000002,0.008650000000000007,0.012250000000000011,0.01907875
vqe_9_fake_kyiv,vqe,9,fake_kyiv,20000,0.017903,0.01329749999999999,0.017699999999999983,0.02399999999999999
vqe_9_fake_marrakesh,vqe,9,fake_marrakesh,20000,0.011049300000000001,0.006847499999999996,0.010450000000000029,0.01695249999999999
vqe_9_fake_sherbrooke,vqe,9,fake_sherbrooke,20000,0.018549399999999997,0.014199999999999985,0.018225000000000005,0.024676250000000007
vqe_9_fake_torino,vqe,9,fake_torino,20000,0.018078699999999996,0.013350000000000002,0.017799999999999996,0.023752499999999992
