policy,scheme,k,subset_key,backends,backend_labels,median_tvd,mean_tvd,max_tvd,median_ssr,mean_ssr,median_parallel_ssr,mean_parallel_ssr,diversity_global,median_diversity_on_circuit,circuit_configs
aggregate_only_sync,confidence,1,fake_fez,"[""fake_fez""]","[""fez""]",0.019003052503052523,0.01662097692274221,0.04323333333333307,0.58875,0.4645138888888889,0.58875,0.4645138888888889,,,72
aggregate_only_sync,confidence,1,fake_kyiv,"[""fake_kyiv""]","[""kyiv""]",0.018322080136402404,0.015913705535596238,0.04539782608695549,0.5237499999999999,0.4217013888888889,0.5237499999999999,0.4217013888888889,,,72
aggregate_only_sync,confidence,1,fake_marrakesh,"[""fake_marrakesh""]","[""marrakesh""]",0.01840476190476193,0.016744210950908903,0.04066842105263121,0.6112500000000001,0.47881944444444446,0.6112500000000001,0.47881944444444446,,,72
aggregate_only_sync,confidence,1,fake_sherbrooke,"[""fake_sherbrooke""]","[""sherbrooke""]",0.019400155279503117,0.016634608664948418,0.04729042553191467,0.5137499999999999,0.4255555555555556,0.5137499999999999,0.4255555555555556,,,72
aggregate_only_sync,confidence,1,fake_torino,"[""fake_torino""]","[""torino""]",0.018707121186583527,0.016742805954955423,0.04338291139240455,0.52875,0.4334375,0.52875,0.4334375,,,72
aggregate_only_sync,confidence,2,fake_fez+fake_kyiv,"[""fake_fez"", ""fake_kyiv""]","[""fez"", ""kyiv""]",0.0186781117718202,0.016607276750251844,0.04120515873015788,0.64125,0.5027083333333333,0.64125,0.5027083333333333,0.19014999999999996,0.15639999999999893,72
aggregate_only_sync,confidence,2,fake_fez+fake_marrakesh,"[""fake_fez"", ""fake_marrakesh""]","[""fez"", ""marrakesh""]",0.01945001074229241,0.016331744985216997,0.04040544217687001,0.6925,0.5297916666666667,0.6925,0.5297916666666667,0.12852777777777777,0.06622499999999991,72
aggregate_only_sync,confidence,2,fake_fez+fake_sherbrooke,"[""fake_fez"", ""fake_sherbrooke""]","[""fez"", ""sherbrooke""]",0.020803316814467038,0.01688938515488628,0.03983478260869524,0.65625,0.5058680555555556,0.65625,0.5058680555555556,0.18339513888888895,0.1375249999999998,72
aggregate_only_sync,confidence,2,fake_fez+fake_torino,"[""fake_fez"", ""fake_torino""]","[""fez"", ""torino""]",0.0202992138364775,0.0170472124273633,0.03956617647058782,0.6699999999999999,0.5101388888888888,0.6699999999999999,0.5101388888888888,0.15611666666666663,0.11169999999999969,72
aggregate_only_sync,confidence,2,fake_kyiv+fake_marrakesh,"[""fake_kyiv"", ""fake_marrakesh""]","[""kyiv"", ""marrakesh""]",0.0196375,0.01624620992580055,0.03788922764227573,0.67875,0.5061805555555555,0.67875,0.5061805555555555,0.21529583333333357,0.19244999999999812,72
aggregate_only_sync,confidence,2,fake_kyiv+fake_sherbrooke,"[""fake_kyiv"", ""fake_sherbrooke""]","[""kyiv"", ""sherbrooke""]",0.019294957983193264,0.016375357617124983,0.04291197183098536,0.625,0.4882986111111111,0.625,0.4882986111111111,0.1422180555555557,0.09132499999999968,72
aggregate_only_sync,confidence,2,fake_kyiv+fake_torino,"[""fake_kyiv"", ""fake_torino""]","[""kyiv"", ""torino""]",0.018682625250938292,0.016451880966577844,0.04086066878980818,0.62375,0.4892708333333333,0.62375,0.4892708333333333,0.15390555555555568,0.11287499999999942,72
aggregate_only_sync,confidence,2,fake_marrakesh+fake_sherbrooke,"[""fake_marrakesh"", ""fake_sherbrooke""]","[""marrakesh"", ""sherbrooke""]",0.019305886243386236,0.01673252231096659,0.04040970873786361,0.67125,0.5097916666666666,0.67125,0.5097916666666666,0.20787708333333357,0.16587499999999875,72
aggregate_only_sync,confidence,2,fake_marrakesh+fake_torino,"[""fake_marrakesh"", ""fake_torino""]","[""marrakesh"", ""torino""]",0.019018899097356847,0.01710389575958993,0.03940233644859743,0.68625,0.5168055555555555,0.68625,0.5168055555555555,0.17869652777777756,0.12949999999999978,72
aggregate_only_sync,confidence,2,fake_sherbrooke+fake_torino,"[""fake_sherbrooke"", ""fake_torino""]","[""sherbrooke"", ""torino""]",0.01882273175542406,0.01655203334293174,0.04112686567164108,0.63375,0.49197916666666663,0.63375,0.49197916666666663,0.1483972222222224,0.09452499999999996,72
aggregate_only_sync,confidence,3,fake_fez+fake_kyiv+fake_marrakesh,"[""fake_fez"", ""fake_kyiv"", ""fake_marrakesh""]","[""fez"", ""kyiv"", ""marrakesh""]",0.018550641025641003,0.016576098719222002,0.042725283446711435,0.72125,0.5510069444444444,0.72125,0.5510069444444444,0.17799120370370378,0.14238333333333336,72
aggregate_only_sync,confidence,3,fake_fez+fake_kyiv+fake_sherbrooke,"[""fake_fez"", ""fake_kyiv"", ""fake_sherbrooke""]","[""fez"", ""kyiv"", ""sherbrooke""]",0.018244953391192545,0.016732302582071076,0.03838913043478207,0.69375,0.5359027777777778,0.69375,0.5359027777777778,0.17192106481481487,0.13236666666666652,72
aggregate_only_sync,confidence,3,fake_fez+fake_kyiv+fake_torino,"[""fake_fez"", ""fake_kyiv"", ""fake_torino""]","[""fez"", ""kyiv"", ""torino""]",0.018896681864235036,0.01685957820967586,0.04005317460317289,0.6925,0.5386805555555556,0.6925,0.5386805555555556,0.16672407407407408,0.13015833333333326,72
aggregate_only_sync,confidence,3,fake_fez+fake_marrakesh+fake_sherbrooke,"[""fake_fez"", ""fake_marrakesh"", ""fake_sherbrooke""]","[""fez"", ""marrakesh"", ""sherbrooke""]",0.02056388888888887,0.016790706097026056,0.044586486486487366,0.705,0.5513541666666666,0.705,0.5513541666666666,0.17326666666666676,0.1265666666666661,72
aggregate_only_sync,confidence,3,fake_fez+fake_marrakesh+fake_torino,"[""fake_fez"", ""fake_marrakesh"", ""fake_torino""]","[""fez"", ""marrakesh"", ""torino""]",0.01973368009541481,0.016706850549455136,0.04378217338217284,0.71875,0.5560416666666667,0.71875,0.5560416666666667,0.15444699074074064,0.10333333333333308,72
aggregate_only_sync,confidence,3,fake_fez+fake_sherbrooke+fake_torino,"[""fake_fez"", ""fake_sherbrooke"", ""fake_torino""]","[""fez"", ""sherbrooke"", ""torino""]",0.020091453265044808,0.01709534592893506,0.03934357798164912,0.7075,0.5386805555555556,0.7075,0.5386805555555556,0.16263634259259266,0.11281666666666632,72
aggregate_only_sync,confidence,3,fake_kyiv+fake_marrakesh+fake_sherbrooke,"[""fake_kyiv"", ""fake_marrakesh"", ""fake_sherbrooke""]","[""kyiv"", ""marrakesh"", ""sherbrooke""]",0.017343253968253917,0.0166867538586094,0.03748478260869518,0.6950000000000001,0.5370833333333334,0.6950000000000001,0.5370833333333334,0.1884636574074076,0.15161666666666637,72
aggregate_only_sync,confidence,3,fake_kyiv+fake_marrakesh+fake_torino,"[""fake_kyiv"", ""fake_marrakesh"", ""fake_torino""]","[""kyiv"", ""marrakesh"", ""torino""]",0.018393475849121,0.017078065636333215,0.03773743509865029,0.70875,0.5441666666666667,0.70875,0.5441666666666667,0.18263263888888895,0.14489166666666664,72
aggregate_only_sync,confidence,3,fake_kyiv+fake_sherbrooke+fake_torino,"[""fake_kyiv"", ""fake_sherbrooke"", ""fake_torino""]","[""kyiv"", ""sherbrooke"", ""torino""]",0.018521784480467707,0.016941491245552682,0.04007666666666576,0.685,0.528125,0.685,0.528125,0.14817361111111127,0.09972499999999987,72
aggregate_only_sync,confidence,3,fake_marrakesh+fake_sherbrooke+fake_torino,"[""fake_marrakesh"", ""fake_sherbrooke"", ""fake_torino""]","[""marrakesh"", ""sherbrooke"", ""torino""]",0.018513642319030466,0.017078529850348984,0.03870739041793899,0.71875,0.5437847222222222,0.71875,0.5437847222222222,0.17832361111111117,0.13602499999999917,72
aggregate_only_sync,confidence,4,fake_fez+fake_kyiv+fake_marrakesh+fake_sherbrooke,"[""fake_fez"", ""fake_kyiv"", ""fake_marrakesh"", ""fake_sherbrooke""]","[""fez"", ""kyiv"", ""marrakesh"", ""sherbrooke""]",0.019586217948717927,0.016524706301332112,0.04228986486486197,0.7525,0.5705902777777778,0.7525,0.5705902777777778,0.17791064814814825,0.13916666666666638,72
aggregate_only_sync,confidence,4,fake_fez+fake_kyiv+fake_marrakesh+fake_torino,"[""fake_fez"", ""fake_kyiv"", ""fake_marrakesh"", ""fake_torino""]","[""fez"", ""kyiv"", ""marrakesh"", ""torino""]",0.019174534161490675,0.016706348566494545,0.04338181818181993,0.75125,0.5731944444444445,0.75125,0.5731944444444445,0.1704487268518519,0.12744166666666656,72
aggregate_only_sync,confidence,4,fake_fez+fake_kyiv+fake_sherbrooke+fake_torino,"[""fake_fez"", ""fake_kyiv"", ""fake_sherbrooke"", ""fake_torino""]","[""fez"", ""kyiv"", ""sherbrooke"", ""torino""]",0.01877650273224035,0.016845332527330125,0.039271428571429005,0.72125,0.5629861111111112,0.72125,0.5629861111111112,0.16236377314814823,0.11736666666666634,72
aggregate_only_sync,confidence,4,fake_fez+fake_marrakesh+fake_sherbrooke+fake_torino,"[""fake_fez"", ""fake_marrakesh"", ""fake_sherbrooke"", ""fake_torino""]","[""fez"", ""marrakesh"", ""sherbrooke"", ""torino""]",0.019784725643130715,0.016701820127105572,0.041975042662114076,0.7525,0.5732291666666667,0.7525,0.5732291666666667,0.1671684027777778,0.12207499999999973,72
aggregate_only_sync,confidence,4,fake_kyiv+fake_marrakesh+fake_sherbrooke+fake_torino,"[""fake_kyiv"", ""fake_marrakesh"", ""fake_sherbrooke"", ""fake_torino""]","[""kyiv"", ""marrakesh"", ""sherbrooke"", ""torino""]",0.01941663262990694,0.016701389922895583,0.039175238853502,0.73625,0.5636805555555555,0.73625,0.5636805555555555,0.1743983796296297,0.12940416666666638,72
aggregate_only_sync,confidence,5,fake_fez+fake_kyiv+fake_marrakesh+fake_sherbrooke+fake_torino,"[""fake_fez"", ""fake_kyiv"", ""fake_marrakesh"", ""fake_sherbrooke"", ""fake_torino""]","[""fez"", ""kyiv"", ""marrakesh"", ""sherbrooke"", ""torino""]",0.019063840579710202,0.01669817938734204,0.04236730496454024,0.76625,0.5886458333333333,0.76625,0.5886458333333333,0.1704579861111112,0.12870749999999972,72
aggregate_only_sync,shot_proportional,1,fake_fez,"[""fake_fez""]","[""fez""]",0.019003052503052523,0.01662097692274221,0.04323333333333307,0.58875,0.4645138888888889,0.58875,0.4645138888888889,,,72
aggregate_only_sync,shot_proportional,1,fake_kyiv,"[""fake_kyiv""]","[""kyiv""]",0.018322080136402404,0.015913705535596238,0.04539782608695549,0.5237499999999999,0.4217013888888889,0.5237499999999999,0.4217013888888889,,,72
aggregate_only_sync,shot_proportional,1,fake_marrakesh,"[""fake_marrakesh""]","[""marrakesh""]",0.01840476190476193,0.016744210950908903,0.04066842105263121,0.6112500000000001,0.47881944444444446,0.6112500000000001,0.47881944444444446,,,72
aggregate_only_sync,shot_proportional,1,fake_sherbrooke,"[""fake_sherbrooke""]","[""sherbrooke""]",0.019400155279503117,0.016634608664948418,0.04729042553191467,0.5137499999999999,0.4255555555555556,0.5137499999999999,0.4255555555555556,,,72
aggregate_only_sync,shot_proportional,1,fake_torino,"[""fake_torino""]","[""torino""]",0.018707121186583527,0.016742805954955423,0.04338291139240455,0.52875,0.4334375,0.52875,0.4334375,,,72
aggregate_only_sync,shot_proportional,2,fake_fez+fake_kyiv,"[""fake_fez"", ""fake_kyiv""]","[""fez"", ""kyiv""]",0.0186781117718202,0.016607276750251844,0.04120515873015788,0.64125,0.5027083333333333,0.64125,0.5027083333333333,0.19014999999999996,0.15639999999999893,72
aggregate_only_sync,shot_proportional,2,fake_fez+fake_marrakesh,"[""fake_fez"", ""fake_marrakesh""]","[""fez"", ""marrakesh""]",0.01945001074229241,0.016331744985216997,0.04040544217687001,0.6925,0.5297916666666667,0.6925,0.5297916666666667,0.12852777777777777,0.06622499999999991,72
aggregate_only_sync,shot_proportional,2,fake_fez+fake_sherbrooke,"[""fake_fez"", ""fake_sherbrooke""]","[""fez"", ""sherbrooke""]",0.020803316814467038,0.01688938515488628,0.03983478260869524,0.65625,0.5058680555555556,0.65625,0.5058680555555556,0.18339513888888895,0.1375249999999998,72
aggregate_only_sync,shot_proportional,2,fake_fez+fake_torino,"[""fake_fez"", ""fake_torino""]","[""fez"", ""torino""]",0.0202992138364775,0.0170472124273633,0.03956617647058782,0.6699999999999999,0.5101388888888888,0.6699999999999999,0.5101388888888888,0.15611666666666663,0.11169999999999969,72
aggregate_only_sync,shot_proportional,2,fake_kyiv+fake_marrakesh,"[""fake_kyiv"", ""fake_marrakesh""]","[""kyiv"", ""marrakesh""]",0.0196375,0.01624620992580055,0.03788922764227573,0.67875,0.5061805555555555,0.67875,0.5061805555555555,0.21529583333333357,0.19244999999999812,72
aggregate_only_sync,shot_proportional,2,fake_kyiv+fake_sherbrooke,"[""fake_kyiv"", ""fake_sherbrooke""]","[""kyiv"", ""sherbrooke""]",0.019294957983193264,0.016375357617124983,0.04291197183098536,0.625,0.4882986111111111,0.625,0.4882986111111111,0.1422180555555557,0.09132499999999968,72
aggregate_only_sync,shot_proportional,2,fake_kyiv+fake_torino,"[""fake_kyiv"", ""fake_torino""]","[""kyiv"", ""torino""]",0.018682625250938292,0.016451880966577844,0.04086066878980818,0.62375,0.4892708333333333,0.62375,0.4892708333333333,0.15390555555555568,0.11287499999999942,72
aggregate_only_sync,shot_proportional,2,fake_marrakesh+fake_sherbrooke,"[""fake_marrakesh"", ""fake_sherbrooke""]","[""marrakesh"", ""sherbrooke""]",0.019305886243386236,0.01673252231096659,0.04040970873786361,0.67125,0.5097916666666666,0.67125,0.5097916666666666,0.20787708333333357,0.16587499999999875,72
aggregate_only_sync,shot_proportional,2,fake_marrakesh+fake_torino,"[""fake_marrakesh"", ""fake_torino""]","[""marrakesh"", ""torino""]",0.019018899097356847,0.01710389575958993,0.03940233644859743,0.68625,0.5168055555555555,0.68625,0.5168055555555555,0.17869652777777756,0.12949999999999978,72
aggregate_only_sync,shot_proportional,2,fake_sherbrooke+fake_torino,"[""fake_sherbrooke"", ""fake_torino""]","[""sherbrooke"", ""torino""]",0.01882273175542406,0.01655203334293174,0.04112686567164108,0.63375,0.49197916666666663,0.63375,0.49197916666666663,0.1483972222222224,0.09452499999999996,72
aggregate_only_sync,shot_proportional,3,fake_fez+fake_kyiv+fake_marrakesh,"[""fake_fez"", ""fake_kyiv"", ""fake_marrakesh""]","[""fez"", ""kyiv"", ""marrakesh""]",0.018550641025641003,0.016576098719222002,0.042725283446711435,0.72125,0.5510069444444444,0.72125,0.5510069444444444,0.17799120370370378,0.14238333333333336,72
aggregate_only_sync,shot_proportional,3,fake_fez+fake_kyiv+fake_sherbrooke,"[""fake_fez"", ""fake_kyiv"", ""fake_sherbrooke""]","[""fez"", ""kyiv"", ""sherbrooke""]",0.018244953391192545,0.016732302582071076,0.03838913043478207,0.69375,0.5359027777777778,0.69375,0.5359027777777778,0.17192106481481487,0.13236666666666652,72
aggregate_only_sync,shot_proportional,3,fake_fez+fake_kyiv+fake_torino,"[""fake_fez"", ""fake_kyiv"", ""fake_torino""]","[""fez"", ""kyiv"", ""torino""]",0.018896681864235036,0.01685957820967586,0.04005317460317289,0.6925,0.5386805555555556,0.6925,0.5386805555555556,0.16672407407407408,0.13015833333333326,72
aggregate_only_sync,shot_proportional,3,fake_fez+fake_marrakesh+fake_sherbrooke,"[""fake_fez"", ""fake_marrakesh"", ""fake_sherbrooke""]","[""fez"", ""marrakesh"", ""sherbrooke""]",0.02056388888888887,0.016790706097026056,0.044586486486487366,0.705,0.5513541666666666,0.705,0.5513541666666666,0.17326666666666676,0.1265666666666661,72
aggregate_only_sync,shot_proportional,3,fake_fez+fake_marrakesh+fake_torino,"[""fake_fez"", ""fake_marrakesh"", ""fake_torino""]","[""fez"", ""marrakesh"", ""torino""]",0.01973368009541481,0.016706850549455136,0.04378217338217284,0.71875,0.5560416666666667,0.71875,0.5560416666666667,0.15444699074074064,0.10333333333333308,72
aggregate_only_sync,shot_proportional,3,fake_fez+fake_sherbrooke+fake_torino,"[""fake_fez"", ""fake_sherbrooke"", ""fake_torino""]","[""fez"", ""sherbrooke"", ""torino""]",0.020091453265044808,0.01709534592893506,0.03934357798164912,0.7075,0.5386805555555556,0.7075,0.5386805555555556,0.16263634259259266,0.11281666666666632,72
aggregate_only_sync,shot_proportional,3,fake_kyiv+fake_marrakesh+fake_sherbrooke,"[""fake_kyiv"", ""fake_marrakesh"", ""fake_sherbrooke""]","[""kyiv"", ""marrakesh"", ""sherbrooke""]",0.017343253968253917,0.0166867538586094,0.03748478260869518,0.6950000000000001,0.5370833333333334,0.6950000000000001,0.5370833333333334,0.1884636574074076,0.15161666666666637,72
aggregate_only_sync,shot_proportional,3,fake_kyiv+fake_marrakesh+fake_torino,"[""fake_kyiv"", ""fake_marrakesh"", ""fake_torino""]","[""kyiv"", ""marrakesh"", ""torino""]",0.018393475849121,0.017078065636333215,0.03773743509865029,0.70875,0.5441666666666667,0.70875,0.5441666666666667,0.18263263888888895,0.14489166666666664,72
aggregate_only_sync,shot_proportional,3,fake_kyiv+fake_sherbrooke+fake_torino,"[""fake_kyiv"", ""fake_sherbrooke"", ""fake_torino""]","[""kyiv"", ""sherbrooke"", ""torino""]",0.018521784480467707,0.016941491245552682,0.04007666666666576,0.685,0.528125,0.685,0.528125,0.14817361111111127,0.09972499999999987,72
aggregate_only_sync,shot_proportional,3,fake_marrakesh+fake_sherbrooke+fake_torino,"[""fake_marrakesh"", ""fake_sherbrooke"", ""fake_torino""]","[""marrakesh"", ""sherbrooke"", ""torino""]",0.018513642319030466,0.017078529850348984,0.03870739041793899,0.71875,0.5437847222222222,0.71875,0.5437847222222222,0.17832361111111117,0.13602499999999917,72
aggregate_only_sync,shot_proportional,4,fake_fez+fake_kyiv+fake_marrakesh+fake_sherbrooke,"[""fake_fez"", ""fake_kyiv"", ""fake_marrakesh"", ""fake_sherbrooke""]","[""fez"", ""kyiv"", ""marrakesh"", ""sherbrooke""]",0.019586217948717927,0.016524706301332112,0.04228986486486197,0.7525,0.5705902777777778,0.7525,0.5705902777777778,0.17791064814814825,0.13916666666666638,72
aggregate_only_sync,shot_proportional,4,fake_fez+fake_kyiv+fake_marrakesh+fake_torino,"[""fake_fez"", ""fake_kyiv"", ""fake_marrakesh"", ""fake_torino""]","[""fez"", ""kyiv"", ""marrakesh"", ""torino""]",0.019174534161490675,0.016706348566494545,0.04338181818181993,0.75125,0.5731944444444445,0.75125,0.5731944444444445,0.1704487268518519,0.12744166666666656,72
aggregate_only_sync,shot_proportional,4,fake_fez+fake_kyiv+fake_sherbrooke+fake_torino,"[""fake_fez"", ""fake_kyiv"", ""fake_sherbrooke"", ""fake_torino""]","[""fez"", ""kyiv"", ""sherbrooke"", ""torino""]",0.01877650273224035,0.016845332527330125,0.039271428571429005,0.72125,0.5629861111111112,0.72125,0.5629861111111112,0.16236377314814823,0.11736666666666634,72
aggregate_only_sync,shot_proportional,4,fake_fez+fake_marrakesh+fake_sherbrooke+fake_torino,"[""fake_fez"", ""fake_marrakesh"", ""fake_sherbrooke"", ""fake_torino""]","[""fez"", ""marrakesh"", ""sherbrooke"", ""torino""]",0.019784725643130715,0.016701820127105572,0.041975042662114076,0.7525,0.5732291666666667,0.7525,0.5732291666666667,0.1671684027777778,0.12207499999999973,72
aggregate_only_sync,shot_proportional,4,fake_kyiv+fake_marrakesh+fake_sherbrooke+fake_torino,"[""fake_kyiv"", ""fake_marrakesh"", ""fake_sherbrooke"", ""fake_torino""]","[""kyiv"", ""marrakesh"", ""sherbrooke"", ""torino""]",0.01941663262990694,0.016701389922895583,0.039175238853502,0.73625,0.5636805555555555,0.73625,0.5636805555555555,0.1743983796296297,0.12940416666666638,72
aggregate_only_sync,shot_proportional,5,fake_fez+fake_kyiv+fake_marrakesh+fake_sherbrooke+fake_torino,"[""fake_fez"", ""fake_kyiv"", ""fake_marrakesh"", ""fake_sherbrooke"", ""fake_torino""]","[""fez"", ""kyiv"", ""marrakesh"", ""sherbrooke"", ""torino""]",0.019063840579710202,0.01669817938734204,0.04236730496454024,0.76625,0.5886458333333333,0.76625,0.5886458333333333,0.1704579861111112,0.12870749999999972,72
aggregate_only_sync,uniform,1,fake_fez,"[""fake_fez""]","[""fez""]",0.019003052503052523,0.01662097692274221,0.04323333333333307,0.58875,0.4645138888888889,0.58875,0.4645138888888889,,,72
aggregate_only_sync,uniform,1,fake_kyiv,"[""fake_kyiv""]","[""kyiv""]",0.018322080136402404,0.015913705535596238,0.04539782608695549,0.5237499999999999,0.4217013888888889,0.5237499999999999,0.4217013888888889,,,72
aggregate_only_sync,uniform,1,fake_marrakesh,"[""fake_marrakesh""]","[""marrakesh""]",0.01840476190476193,0.016744210950908903,0.04066842105263121,0.6112500000000001,0.47881944444444446,0.6112500000000001,0.47881944444444446,,,72
aggregate_only_sync,uniform,1,fake_sherbrooke,"[""fake_sherbrooke""]","[""sherbrooke""]",0.019400155279503117,0.016634608664948418,0.04729042553191467,0.5137499999999999,0.4255555555555556,0.5137499999999999,0.4255555555555556,,,72
aggregate_only_sync,uniform,1,fake_torino,"[""fake_torino""]","[""torino""]",0.018707121186583527,0.016742805954955423,0.04338291139240455,0.52875,0.4334375,0.52875,0.4334375,,,72
aggregate_only_sync,uniform,2,fake_fez+fake_kyiv,"[""fake_fez"", ""fake_kyiv""]","[""fez"", ""kyiv""]",0.0186781117718202,0.016607276750251844,0.04120515873015788,0.64125,0.5027083333333333,0.64125,0.5027083333333333,0.19014999999999996,0.15639999999999893,72
aggregate_only_sync,uniform,2,fake_fez+fake_marrakesh,"[""fake_fez"", ""fake_marrakesh""]","[""fez"", ""marrakesh""]",0.01945001074229241,0.016331744985216997,0.04040544217687001,0.6925,0.5297916666666667,0.6925,0.5297916666666667,0.12852777777777777,0.06622499999999991,72
aggregate_only_sync,uniform,2,fake_fez+fake_sherbrooke,"[""fake_fez"", ""fake_sherbrooke""]","[""fez"", ""sherbrooke""]",0.020803316814467038,0.01688938515488628,0.03983478260869524,0.65625,0.5058680555555556,0.65625,0.5058680555555556,0.18339513888888895,0.1375249999999998,72
aggregate_only_sync,uniform,2,fake_fez+fake_torino,"[""fake_fez"", ""fake_torino""]","[""fez"", ""torino""]",0.0202992138364775,0.0170472124273633,0.03956617647058782,0.6699999999999999,0.5101388888888888,0.6699999999999999,0.5101388888888888,0.15611666666666663,0.11169999999999969,72
aggregate_only_sync,uniform,2,fake_kyiv+fake_marrakesh,"[""fake_kyiv"", ""fake_marrakesh""]","[""kyiv"", ""marrakesh""]",0.0196375,0.01624620992580055,0.03788922764227573,0.67875,0.5061805555555555,0.67875,0.5061805555555555,0.21529583333333357,0.19244999999999812,72
aggregate_only_sync,uniform,2,fake_kyiv+fake_sherbrooke,"[""fake_kyiv"", ""fake_sherbrooke""]","[""kyiv"", ""sherbrooke""]",0.019294957983193264,0.016375357617124983,0.04291197183098536,0.625,0.4882986111111111,0.625,0.4882986111111111,0.1422180555555557,0.09132499999999968,72
aggregate_only_sync,uniform,2,fake_kyiv+fake_torino,"[""fake_kyiv"", ""fake_torino""]","[""kyiv"", ""torino""]",0.018682625250938292,0.016451880966577844,0.04086066878980818,0.62375,0.4892708333333333,0.62375,0.4892708333333333,0.15390555555555568,0.11287499999999942,72
aggregate_only_sync,uniform,2,fake_marrakesh+fake_sherbrooke,"[""fake_marrakesh"", ""fake_sherbrooke""]","[""marrakesh"", ""sherbrooke""]",0.019305886243386236,0.01673252231096659,0.04040970873786361,0.67125,0.5097916666666666,0.67125,0.5097916666666666,0.20787708333333357,0.16587499999999875,72
aggregate_only_sync,uniform,2,fake_marrakesh+fake_torino,"[""fake_marrakesh"", ""fake_torino""]","[""marrakesh"", ""torino""]",0.019018899097356847,0.01710389575958993,0.03940233644859743,0.68625,0.5168055555555555,0.68625,0.5168055555555555,0.17869652777777756,0.12949999999999978,72
aggregate_only_sync,uniform,2,fake_sherbrooke+fake_torino,"[""fake_sherbrooke"", ""fake_torino""]","[""sherbrooke"", ""torino""]",0.01882273175542406,0.01655203334293174,0.04112686567164108,0.63375,0.49197916666666663,0.63375,0.49197916666666663,0.1483972222222224,0.09452499999999996,72
aggregate_only_sync,uniform,3,fake_fez+fake_kyiv+fake_marrakesh,"[""fake_fez"", ""fake_kyiv"", ""fake_marrakesh""]","[""fez"", ""kyiv"", ""marrakesh""]",0.018550641025641003,0.016576098719222002,0.042725283446711435,0.72125,0.5510069444444444,0.72125,0.5510069444444444,0.17799120370370378,0.14238333333333336,72
aggregate_only_sync,uniform,3,fake_fez+fake_kyiv+fake_sherbrooke,"[""fake_fez"", ""fake_kyiv"", ""fake_sherbrooke""]","[""fez"", ""kyiv"", ""sherbrooke""]",0.018244953391192545,0.016732302582071076,0.03838913043478207,0.69375,0.5359027777777778,0.69375,0.5359027777777778,0.17192106481481487,0.13236666666666652,72
aggregate_only_sync,uniform,3,fake_fez+fake_kyiv+fake_torino,"[""fake_fez"", ""fake_kyiv"", ""fake_torino""]","[""fez"", ""kyiv"", ""torino""]",0.018896681864235036,0.01685957820967586,0.04005317460317289,0.6925,0.5386805555555556,0.6925,0.5386805555555556,0.16672407407407408,0.13015833333333326,72
aggregate_only_sync,uniform,3,fake_fez+fake_marrakesh+fake_sherbrooke,"[""fake_fez"", ""fake_marrakesh"", ""fake_sherbrooke""]","[""fez"", ""marrakesh"", ""sherbrooke""]",0.02056388888888887,0.016790706097026056,0.044586486486487366,0.705,0.5513541666666666,0.705,0.5513541666666666,0.17326666666666676,0.1265666666666661,72
aggregate_only_sync,uniform,3,fake_fez+fake_marrakesh+fake_torino,"[""fake_fez"", ""fake_marrakesh"", ""fake_torino""]","[""fez"", ""marrakesh"", ""torino""]",0.01973368009541481,0.016706850549455136,0.04378217338217284,0.71875,0.5560416666666667,0.71875,0.5560416666666667,0.15444699074074064,0.10333333333333308,72
aggregate_only_sync,uniform,3,fake_fez+fake_sherbrooke+fake_torino,"[""fake_fez"", ""fake_sherbrooke"", ""fake_torino""]","[""fez"", ""sherbrooke"", ""torino""]",0.020091453265044808,0.01709534592893506,0.03934357798164912,0.7075,0.5386805555555556,0.7075,0.5386805555555556,0.16263634259259266,0.11281666666666632,72
aggregate_only_sync,uniform,3,fake_kyiv+fake_marrakesh+fake_sherbrooke,"[""fake_kyiv"", ""fake_marrakesh"", ""fake_sherbrooke""]","[""kyiv"", ""marrakesh"", ""sherbrooke""]",0.017343253968253917,0.0166867538586094,0.03748478260869518,0.6950000000000001,0.5370833333333334,0.6950000000000001,0.5370833333333334,0.1884636574074076,0.15161666666666637,72
aggregate_only_sync,uniform,3,fake_kyiv+fake_marrakesh+fake_torino,"[""fake_kyiv"", ""fake_marrakesh"", ""fake_torino""]","[""kyiv"", ""marrakesh"", ""torino""]",0.018393475849121,0.017078065636333215,0.03773743509865029,0.70875,0.5441666666666667,0.70875,0.5441666666666667,0.18263263888888895,0.14489166666666664,72
aggregate_only_sync,uniform,3,fake_kyiv+fake_sherbrooke+fake_torino,"[""fake_kyiv"", ""fake_sherbrooke"", ""fake_torino""]","[""kyiv"", ""sherbrooke"", ""torino""]",0.018521784480467707,0.016941491245552682,0.04007666666666576,0.685,0.528125,0.685,0.528125,0.14817361111111127,0.09972499999999987,72
aggregate_only_sync,uniform,3,fake_marrakesh+fake_sherbrooke+fake_torino,"[""fake_marrakesh"", ""fake_sherbrooke"", ""fake_torino""]","[""marrakesh"", ""sherbrooke"", ""torino""]",0.018513642319030466,0.017078529850348984,0.03870739041793899,0.71875,0.5437847222222222,0.71875,0.5437847222222222,0.17832361111111117,0.13602499999999917,72
aggregate_only_sync,uniform,4,fake_fez+fake_kyiv+fake_marrakesh+fake_sherbrooke,"[""fake_fez"", ""fake_kyiv"", ""fake_marrakesh"", ""fake_sherbrooke""]","[""fez"", ""kyiv"", ""marrakesh"", ""sherbrooke""]",0.019586217948717927,0.016524706301332112,0.04228986486486197,0.7525,0.5705902777777778,0.7525,0.5705902777777778,0.17791064814814825,0.13916666666666638,72
aggregate_only_sync,uniform,4,fake_fez+fake_kyiv+fake_marrakesh+fake_torino,"[""fake_fez"", ""fake_kyiv"", ""fake_marrakesh"", ""fake_torino""]","[""fez"", ""kyiv"", ""marrakesh"", ""torino""]",0.019174534161490675,0.016706348566494545,0.04338181818181993,0.75125,0.5731944444444445,0.75125,0.5731944444444445,0.1704487268518519,0.12744166666666656,72
aggregate_only_sync,uniform,4,fake_fez+fake_kyiv+fake_sherbrooke+fake_torino,"[""fake_fez"", ""fake_kyiv"", ""fake_sherbrooke"", ""fake_torino""]","[""fez"", ""kyiv"", ""sherbrooke"", ""torino""]",0.01877650273224035,0.016845332527330125,0.039271428571429005,0.72125,0.5629861111111112,0.72125,0.5629861111111112,0.16236377314814823,0.11736666666666634,72
aggregate_only_sync,uniform,4,fake_fez+fake_marrakesh+fake_sherbrooke+fake_torino,"[""fake_fez"", ""fake_marrakesh"", ""fake_sherbrooke"", ""fake_torino""]","[""fez"", ""marrakesh"", ""sherbrooke"", ""torino""]",0.019784725643130715,0.016701820127105572,0.041975042662114076,0.7525,0.5732291666666667,0.7525,0.5732291666666667,0.1671684027777778,0.12207499999999973,72
aggregate_only_sync,uniform,4,fake_kyiv+fake_marrakesh+fake_sherbrooke+fake_torino,"[""fake_kyiv"", ""fake_marrakesh"", ""fake_sherbrooke"", ""fake_torino""]","[""kyiv"", ""marrakesh"", ""sherbrooke"", ""torino""]",0.01941663262990694,0.016701389922895583,0.039175238853502,0.73625,0.5636805555555555,0.73625,0.5636805555555555,0.1743983796296297,0.12940416666666638,72
aggregate_only_sync,uniform,5,fake_fez+fake_kyiv+fake_marrakesh+fake_sherbrooke+fake_torino,"[""fake_fez"", ""fake_kyiv"", ""fake_marrakesh"", ""fake_sherbrooke"", ""fake_torino""]","[""fez"", ""kyiv"", ""marrakesh"", ""sherbrooke"", ""torino""]",0.019063840579710202,0.01669817938734204,0.04236730496454024,0.76625,0.5886458333333333,0.76625,0.5886458333333333,0.1704579861111112,0.12870749999999972,72
hierarchical_local_aggregate,confidence,1,fake_fez,"[""fake_fez""]","[""fez""]",0.019003052503052523,0.01662097692274221,0.04323333333333307,0.58875,0.4645138888888889,0.58875,0.4645138888888889,,,72
hierarchical_local_aggregate,confidence,1,fake_kyiv,"[""fake_kyiv""]","[""kyiv""]",0.018322080136402404,0.015913705535596238,0.04539782608695549,0.5237499999999999,0.4217013888888889,0.5237499999999999,0.4217013888888889,,,72
hierarchical_local_aggregate,confidence,1,fake_marrakesh,"[""fake_marrakesh""]","[""marrakesh""]",0.01840476190476193,0.016744210950908903,0.04066842105263121,0.6112500000000001,0.47881944444444446,0.6112500000000001,0.47881944444444446,,,72
hierarchical_local_aggregate,confidence,1,fake_sherbrooke,"[""fake_sherbrooke""]","[""sherbrooke""]",0.019400155279503117,0.016634608664948418,0.04729042553191467,0.5137499999999999,0.4255555555555556,0.5137499999999999,0.4255555555555556,,,72
hierarchical_local_aggregate,confidence,1,fake_torino,"[""fake_torino""]","[""torino""]",0.018707121186583527,0.016742805954955423,0.04338291139240455,0.52875,0.4334375,0.52875,0.4334375,,,72
hierarchical_local_aggregate,confidence,2,fake_fez+fake_kyiv,"[""fake_fez"", ""fake_kyiv""]","[""fez"", ""kyiv""]",0.018923394560499338,0.01630016846763599,0.04138374142944658,0.64125,0.5040104166666667,0.64125,0.5034027777777778,0.19014999999999996,0.15639999999999893,72
hierarchical_local_aggregate,confidence,2,fake_fez+fake_marrakesh,"[""fake_fez"", ""fake_marrakesh""]","[""fez"", ""marrakesh""]",0.020097909997197863,0.01634608688661613,0.04036353982740026,0.6925,0.5298958333333333,0.6925,0.5297916666666667,0.12852777777777777,0.06622499999999991,72
hierarchical_local_aggregate,confidence,2,fake_fez+fake_sherbrooke,"[""fake_fez"", ""fake_sherbrooke""]","[""fez"", ""sherbrooke""]",0.02030753124874079,0.01676752747966433,0.03832533171993619,0.65625,0.5073263888888889,0.65625,0.506736111111111,0.18339513888888895,0.1375249999999998,72
hierarchical_local_aggregate,confidence,2,fake_fez+fake_torino,"[""fake_fez"", ""fake_torino""]","[""fez"", ""torino""]",0.02005477105499388,0.01684739370037992,0.039027122139967285,0.6699999999999999,0.5104340277777778,0.6699999999999999,0.5101388888888888,0.15611666666666663,0.11169999999999969,72
hierarchical_local_aggregate,confidence,2,fake_kyiv+fake_marrakesh,"[""fake_kyiv"", ""fake_marrakesh""]","[""kyiv"", ""marrakesh""]",0.018641305912456357,0.015926780551601485,0.039776542750537366,0.67875,0.5103472222222222,0.67875,0.5090625,0.21529583333333357,0.19244999999999812,72
hierarchical_local_aggregate,confidence,2,fake_kyiv+fake_sherbrooke,"[""fake_kyiv"", ""fake_sherbrooke""]","[""kyiv"", ""sherbrooke""]",0.01925488999007092,0.016424128009759606,0.042854851620315944,0.625,0.48835069444444446,0.625,0.4882986111111111,0.1422180555555557,0.09132499999999968,72
hierarchical_local_aggregate,confidence,2,fake_kyiv+fake_torino,"[""fake_kyiv"", ""fake_torino""]","[""kyiv"", ""torino""]",0.019115732676534575,0.016483614794910277,0.040855717402971774,0.62375,0.4893055555555555,0.62375,0.4892708333333333,0.15390555555555568,0.11287499999999942,72
hierarchical_local_aggregate,confidence,2,fake_marrakesh+fake_sherbrooke,"[""fake_marrakesh"", ""fake_sherbrooke""]","[""marrakesh"", ""sherbrooke""]",0.01949027680003072,0.01651608452223255,0.038312664810988245,0.67125,0.5138888888888888,0.67125,0.5126041666666666,0.20787708333333357,0.16587499999999875,72
hierarchical_local_aggregate,confidence,2,fake_marrakesh+fake_torino,"[""fake_marrakesh"", ""fake_torino""]","[""marrakesh"", ""torino""]",0.018917411803292816,0.016676235604300933,0.038774958994364714,0.68625,0.5188368055555556,0.68625,0.5179861111111111,0.17869652777777756,0.12949999999999978,72
hierarchical_local_aggregate,confidence,2,fake_sherbrooke+fake_torino,"[""fake_sherbrooke"", ""fake_torino""]","[""sherbrooke"", ""torino""]",0.01873068172601952,0.01655189896464989,0.04103257284924934,0.63375,0.49197916666666663,0.63375,0.49197916666666663,0.1483972222222224,0.09452499999999996,72
hierarchical_local_aggregate,confidence,3,fake_fez+fake_kyiv+fake_marrakesh,"[""fake_fez"", ""fake_kyiv"", ""fake_marrakesh""]","[""fez"", ""kyiv"", ""marrakesh""]",0.018611828039827447,0.016067152506026798,0.0408666427946036,0.72125,0.5511805555555556,0.72125,0.5511458333333333,0.17799120370370378,0.14238333333333336,72
hierarchical_local_aggregate,confidence,3,fake_fez+fake_kyiv+fake_sherbrooke,"[""fake_fez"", ""fake_kyiv"", ""fake_sherbrooke""]","[""fez"", ""kyiv"", ""sherbrooke""]",0.018541298924602927,0.016573883314055224,0.03689493540490874,0.69375,0.5363657407407407,0.69375,0.53625,0.17192106481481487,0.13236666666666652,72
hierarchical_local_aggregate,confidence,3,fake_fez+fake_kyiv+fake_torino,"[""fake_fez"", ""fake_kyiv"", ""fake_torino""]","[""fez"", ""kyiv"", ""torino""]",0.01878690236975838,0.01660809245205591,0.039128540914542376,0.6937500000000001,0.5388773148148148,0.6925,0.5388194444444445,0.16672407407407408,0.13015833333333326,72
hierarchical_local_aggregate,confidence,3,fake_fez+fake_marrakesh+fake_sherbrooke,"[""fake_fez"", ""fake_marrakesh"", ""fake_sherbrooke""]","[""fez"", ""marrakesh"", ""sherbrooke""]",0.019491486314635043,0.01627801928150477,0.04170137234972558,0.70625,0.5514814814814815,0.705,0.5513541666666666,0.17326666666666676,0.1265666666666661,72
hierarchical_local_aggregate,confidence,3,fake_fez+fake_marrakesh+fake_torino,"[""fake_fez"", ""fake_marrakesh"", ""fake_torino""]","[""fez"", ""marrakesh"", ""torino""]",0.018753408591210732,0.01631306451895557,0.04293703575195532,0.71875,0.5560648148148148,0.71875,0.5560416666666667,0.15444699074074064,0.10333333333333308,72
hierarchical_local_aggregate,confidence,3,fake_fez+fake_sherbrooke+fake_torino,"[""fake_fez"", ""fake_sherbrooke"", ""fake_torino""]","[""fez"", ""sherbrooke"", ""torino""]",0.020331955966526347,0.017000100586700602,0.03813341947344982,0.7075,0.538900462962963,0.7075,0.5387847222222222,0.16263634259259266,0.11281666666666632,72
hierarchical_local_aggregate,confidence,3,fake_kyiv+fake_marrakesh+fake_sherbrooke,"[""fake_kyiv"", ""fake_marrakesh"", ""fake_sherbrooke""]","[""kyiv"", ""marrakesh"", ""sherbrooke""]",0.018024211046783572,0.016415793222780053,0.035622375912547334,0.6975,0.5393634259259259,0.6950000000000001,0.5386805555555556,0.1884636574074076,0.15161666666666637,72
hierarchical_local_aggregate,confidence,3,fake_kyiv+fake_marrakesh+fake_torino,"[""fake_kyiv"", ""fake_marrakesh"", ""fake_torino""]","[""kyiv"", ""marrakesh"", ""torino""]",0.018191581436340174,0.016644489494485395,0.036528631512192,0.7225,0.544988425925926,0.72,0.5445486111111112,0.18263263888888895,0.14489166666666664,72
hierarchical_local_aggregate,confidence,3,fake_kyiv+fake_sherbrooke+fake_torino,"[""fake_kyiv"", ""fake_sherbrooke"", ""fake_torino""]","[""kyiv"", ""sherbrooke"", ""torino""]",0.01858151802049707,0.01689123871637569,0.03989148273733404,0.685,0.528125,0.685,0.528125,0.14817361111111127,0.09972499999999987,72
hierarchical_local_aggregate,confidence,3,fake_marrakesh+fake_sherbrooke+fake_torino,"[""fake_marrakesh"", ""fake_sherbrooke"", ""fake_torino""]","[""marrakesh"", ""sherbrooke"", ""torino""]",0.018647609461414978,0.016668660091452826,0.03706741242109154,0.72125,0.5448379629629629,0.71875,0.5442361111111111,0.17832361111111117,0.13602499999999917,72
hierarchical_local_aggregate,confidence,4,fake_fez+fake_kyiv+fake_marrakesh+fake_sherbrooke,"[""fake_fez"", ""fake_kyiv"", ""fake_marrakesh"", ""fake_sherbrooke""]","[""fez"", ""kyiv"", ""marrakesh"", ""sherbrooke""]",0.019666893843435427,0.016155404503266527,0.039875723128719884,0.7525,0.5706076388888889,0.7525,0.5705902777777778,0.17791064814814825,0.13916666666666638,72
hierarchical_local_aggregate,confidence,4,fake_fez+fake_kyiv+fake_marrakesh+fake_torino,"[""fake_fez"", ""fake_kyiv"", ""fake_marrakesh"", ""fake_torino""]","[""fez"", ""kyiv"", ""marrakesh"", ""torino""]",0.019122254337448526,0.016266599606964787,0.04183340954794317,0.75125,0.5732118055555556,0.75125,0.5731944444444445,0.1704487268518519,0.12744166666666656,72
hierarchical_local_aggregate,confidence,4,fake_fez+fake_kyiv+fake_sherbrooke+fake_torino,"[""fake_fez"", ""fake_kyiv"", ""fake_sherbrooke"", ""fake_torino""]","[""fez"", ""kyiv"", ""sherbrooke"", ""torino""]",0.019003408371606377,0.016777347900389664,0.03801010517475992,0.72125,0.5629861111111112,0.72125,0.5629861111111112,0.16236377314814823,0.11736666666666634,72
hierarchical_local_aggregate,confidence,4,fake_fez+fake_marrakesh+fake_sherbrooke+fake_torino,"[""fake_fez"", ""fake_marrakesh"", ""fake_sherbrooke"", ""fake_torino""]","[""fez"", ""marrakesh"", ""sherbrooke"", ""torino""]",0.01941881836993007,0.0162494762173194,0.039570705537986736,0.7525,0.5732638888888889,0.7525,0.5732291666666667,0.1671684027777778,0.12207499999999973,72
hierarchical_local_aggregate,confidence,4,fake_kyiv+fake_marrakesh+fake_sherbrooke+fake_torino,"[""fake_kyiv"", ""fake_marrakesh"", ""fake_sherbrooke"", ""fake_torino""]","[""kyiv"", ""marrakesh"", ""sherbrooke"", ""torino""]",0.01950420547317636,0.01636980195649074,0.037714412471941544,0.74,0.5640017361111112,0.7374999999999999,0.5637152777777777,0.1743983796296297,0.12940416666666638,72
hierarchical_local_aggregate,confidence,5,fake_fez+fake_kyiv+fake_marrakesh+fake_sherbrooke+fake_torino,"[""fake_fez"", ""fake_kyiv"", ""fake_marrakesh"", ""fake_sherbrooke"", ""fake_torino""]","[""fez"", ""kyiv"", ""marrakesh"", ""sherbrooke"", ""torino""]",0.018314426592433194,0.016318260611922115,0.04040914022131691,0.76625,0.5886597222222222,0.76625,0.5886458333333333,0.1704579861111112,0.12870749999999972,72
hierarchical_local_aggregate,shot_proportional,1,fake_fez,"[""fake_fez""]","[""fez""]",0.019003052503052523,0.01662097692274221,0.04323333333333307,0.58875,0.4645138888888889,0.58875,0.4645138888888889,,,72
hierarchical_local_aggregate,shot_proportional,1,fake_kyiv,"[""fake_kyiv""]","[""kyiv""]",0.018322080136402404,0.015913705535596238,0.04539782608695549,0.5237499999999999,0.4217013888888889,0.5237499999999999,0.4217013888888889,,,72
hierarchical_local_aggregate,shot_proportional,1,fake_marrakesh,"[""fake_marrakesh""]","[""marrakesh""]",0.01840476190476193,0.016744210950908903,0.04066842105263121,0.6112500000000001,0.47881944444444446,0.6112500000000001,0.47881944444444446,,,72
hierarchical_local_aggregate,shot_proportional,1,fake_sherbrooke,"[""fake_sherbrooke""]","[""sherbrooke""]",0.019400155279503117,0.016634608664948418,0.04729042553191467,0.5137499999999999,0.4255555555555556,0.5137499999999999,0.4255555555555556,,,72
hierarchical_local_aggregate,shot_proportional,1,fake_torino,"[""fake_torino""]","[""torino""]",0.018707121186583527,0.016742805954955423,0.04338291139240455,0.52875,0.4334375,0.52875,0.4334375,,,72
hierarchical_local_aggregate,shot_proportional,2,fake_fez+fake_kyiv,"[""fake_fez"", ""fake_kyiv""]","[""fez"", ""kyiv""]",0.0186781117718202,0.01671782835882424,0.043565775401069394,0.64125,0.5040104166666667,0.64125,0.5034027777777778,0.19014999999999996,0.15639999999999893,72
hierarchical_local_aggregate,shot_proportional,2,fake_fez+fake_marrakesh,"[""fake_fez"", ""fake_marrakesh""]","[""fez"", ""marrakesh""]",0.01945001074229241,0.01636081111221742,0.04040544217687001,0.6925,0.5298958333333333,0.6925,0.5297916666666667,0.12852777777777777,0.06622499999999991,72
hierarchical_local_aggregate,shot_proportional,2,fake_fez+fake_sherbrooke,"[""fake_fez"", ""fake_sherbrooke""]","[""fez"", ""sherbrooke""]",0.020803316814467038,0.017082909121725835,0.03983478260869524,0.65625,0.5073263888888889,0.65625,0.506736111111111,0.18339513888888895,0.1375249999999998,72
hierarchical_local_aggregate,shot_proportional,2,fake_fez+fake_torino,"[""fake_fez"", ""fake_torino""]","[""fez"", ""torino""]",0.0202992138364775,0.017087654946403588,0.03956617647058782,0.6699999999999999,0.5104340277777778,0.6699999999999999,0.5101388888888888,0.15611666666666663,0.11169999999999969,72
hierarchical_local_aggregate,shot_proportional,2,fake_kyiv+fake_marrakesh,"[""fake_kyiv"", ""fake_marrakesh""]","[""kyiv"", ""marrakesh""]",0.01942711640211642,0.016652976895399955,0.043510659898477924,0.67875,0.5103472222222222,0.67875,0.5090625,0.21529583333333357,0.19244999999999812,72
hierarchical_local_aggregate,shot_proportional,2,fake_kyiv+fake_sherbrooke,"[""fake_kyiv"", ""fake_sherbrooke""]","[""kyiv"", ""sherbrooke""]",0.019294957983193264,0.016389899952744445,0.04291197183098536,0.625,0.48835069444444446,0.625,0.4882986111111111,0.1422180555555557,0.09132499999999968,72
hierarchical_local_aggregate,shot_proportional,2,fake_kyiv+fake_torino,"[""fake_kyiv"", ""fake_torino""]","[""kyiv"", ""torino""]",0.018682625250938292,0.016446960394578783,0.04086066878980818,0.62375,0.4893055555555555,0.62375,0.4892708333333333,0.15390555555555568,0.11287499999999942,72
hierarchical_local_aggregate,shot_proportional,2,fake_marrakesh+fake_sherbrooke,"[""fake_marrakesh"", ""fake_sherbrooke""]","[""marrakesh"", ""sherbrooke""]",0.019538727858293078,0.017250031540787455,0.042592887931034884,0.67125,0.5138888888888888,0.67125,0.5126041666666666,0.20787708333333357,0.16587499999999875,72
hierarchical_local_aggregate,shot_proportional,2,fake_marrakesh+fake_torino,"[""fake_marrakesh"", ""fake_torino""]","[""marrakesh"", ""torino""]",0.019018899097356847,0.017272836958308363,0.04107664974619357,0.68625,0.5188368055555556,0.68625,0.5179861111111111,0.17869652777777756,0.12949999999999978,72
hierarchical_local_aggregate,shot_proportional,2,fake_sherbrooke+fake_torino,"[""fake_sherbrooke"", ""fake_torino""]","[""sherbrooke"", ""torino""]",0.01882273175542406,0.01655203334293174,0.04112686567164108,0.63375,0.49197916666666663,0.63375,0.49197916666666663,0.1483972222222224,0.09452499999999996,72
hierarchical_local_aggregate,shot_proportional,3,fake_fez+fake_kyiv+fake_marrakesh,"[""fake_fez"", ""fake_kyiv"", ""fake_marrakesh""]","[""fez"", ""kyiv"", ""marrakesh""]",0.018550641025641003,0.016579216586427196,0.042725283446711435,0.72125,0.5511805555555556,0.72125,0.5511458333333333,0.17799120370370378,0.14238333333333336,72
hierarchical_local_aggregate,shot_proportional,3,fake_fez+fake_kyiv+fake_sherbrooke,"[""fake_fez"", ""fake_kyiv"", ""fake_sherbrooke""]","[""fez"", ""kyiv"", ""sherbrooke""]",0.018244953391192545,0.016782825702046755,0.03838913043478207,0.69375,0.5363657407407407,0.69375,0.53625,0.17192106481481487,0.13236666666666652,72
hierarchical_local_aggregate,shot_proportional,3,fake_fez+fake_kyiv+fake_torino,"[""fake_fez"", ""fake_kyiv"", ""fake_torino""]","[""fez"", ""kyiv"", ""torino""]",0.018896681864235036,0.0168660622193472,0.04005317460317289,0.6937500000000001,0.5388773148148148,0.6925,0.5388194444444445,0.16672407407407408,0.13015833333333326,72
hierarchical_local_aggregate,shot_proportional,3,fake_fez+fake_marrakesh+fake_sherbrooke,"[""fake_fez"", ""fake_marrakesh"", ""fake_sherbrooke""]","[""fez"", ""marrakesh"", ""sherbrooke""]",0.02056388888888887,0.016804779971252404,0.044586486486487366,0.70625,0.5514814814814815,0.705,0.5513541666666666,0.17326666666666676,0.1265666666666661,72
hierarchical_local_aggregate,shot_proportional,3,fake_fez+fake_marrakesh+fake_torino,"[""fake_fez"", ""fake_marrakesh"", ""fake_torino""]","[""fez"", ""marrakesh"", ""torino""]",0.01973368009541481,0.016701207190579017,0.04378217338217284,0.71875,0.5560648148148148,0.71875,0.5560416666666667,0.15444699074074064,0.10333333333333308,72
hierarchical_local_aggregate,shot_proportional,3,fake_fez+fake_sherbrooke+fake_torino,"[""fake_fez"", ""fake_sherbrooke"", ""fake_torino""]","[""fez"", ""sherbrooke"", ""torino""]",0.020091453265044808,0.017112941850599046,0.03934357798164912,0.7075,0.538900462962963,0.7075,0.5387847222222222,0.16263634259259266,0.11281666666666632,72
hierarchical_local_aggregate,shot_proportional,3,fake_kyiv+fake_marrakesh+fake_sherbrooke,"[""fake_kyiv"", ""fake_marrakesh"", ""fake_sherbrooke""]","[""kyiv"", ""marrakesh"", ""sherbrooke""]",0.017603912882982624,0.016951505865044198,0.03893198653198782,0.6975,0.5393634259259259,0.6950000000000001,0.5386805555555556,0.1884636574074076,0.15161666666666637,72
hierarchical_local_aggregate,shot_proportional,3,fake_kyiv+fake_marrakesh+fake_torino,"[""fake_kyiv"", ""fake_marrakesh"", ""fake_torino""]","[""kyiv"", ""marrakesh"", ""torino""]",0.018393475849121,0.017163678869507044,0.03898803986710992,0.7225,0.544988425925926,0.72,0.5445486111111112,0.18263263888888895,0.14489166666666664,72
hierarchical_local_aggregate,shot_proportional,3,fake_kyiv+fake_sherbrooke+fake_torino,"[""fake_kyiv"", ""fake_sherbrooke"", ""fake_torino""]","[""kyiv"", ""sherbrooke"", ""torino""]",0.018521784480467707,0.016941491245552682,0.04007666666666576,0.685,0.528125,0.685,0.528125,0.14817361111111127,0.09972499999999987,72
hierarchical_local_aggregate,shot_proportional,3,fake_marrakesh+fake_sherbrooke+fake_torino,"[""fake_marrakesh"", ""fake_sherbrooke"", ""fake_torino""]","[""marrakesh"", ""sherbrooke"", ""torino""]",0.018513642319030466,0.017153271988633954,0.03870739041793899,0.72125,0.5448379629629629,0.71875,0.5442361111111111,0.17832361111111117,0.13602499999999917,72
hierarchical_local_aggregate,shot_proportional,4,fake_fez+fake_kyiv+fake_marrakesh+fake_sherbrooke,"[""fake_fez"", ""fake_kyiv"", ""fake_marrakesh"", ""fake_sherbrooke""]","[""fez"", ""kyiv"", ""marrakesh"", ""sherbrooke""]",0.019586217948717927,0.016535283224409034,0.04228986486486197,0.7525,0.5706076388888889,0.7525,0.5705902777777778,0.17791064814814825,0.13916666666666638,72
hierarchical_local_aggregate,shot_proportional,4,fake_fez+fake_kyiv+fake_marrakesh+fake_torino,"[""fake_fez"", ""fake_kyiv"", ""fake_marrakesh"", ""fake_torino""]","[""fez"", ""kyiv"", ""marrakesh"", ""torino""]",0.019174534161490675,0.016701393972477455,0.04338181818181993,0.75125,0.5732118055555556,0.75125,0.5731944444444445,0.1704487268518519,0.12744166666666656,72
hierarchical_local_aggregate,shot_proportional,4,fake_fez+fake_kyiv+fake_sherbrooke+fake_torino,"[""fake_fez"", ""fake_kyiv"", ""fake_sherbrooke"", ""fake_torino""]","[""fez"", ""kyiv"", ""sherbrooke"", ""torino""]",0.01877650273224035,0.016845332527330125,0.039271428571429005,0.72125,0.5629861111111112,0.72125,0.5629861111111112,0.16236377314814823,0.11736666666666634,72
hierarchical_local_aggregate,shot_proportional,4,fake_fez+fake_marrakesh+fake_sherbrooke+fake_torino,"[""fake_fez"", ""fake_marrakesh"", ""fake_sherbrooke"", ""fake_torino""]","[""fez"", ""marrakesh"", ""sherbrooke"", ""torino""]",0.019784725643130715,0.01669277876827608,0.041975042662114076,0.7525,0.5732638888888889,0.7525,0.5732291666666667,0.1671684027777778,0.12207499999999973,72
hierarchical_local_aggregate,shot_proportional,4,fake_kyiv+fake_marrakesh+fake_sherbrooke+fake_torino,"[""fake_kyiv"", ""fake_marrakesh"", ""fake_sherbrooke"", ""fake_torino""]","[""kyiv"", ""marrakesh"", ""sherbrooke"", ""torino""]",0.019456945246034828,0.016715795802364722,0.039175238853502,0.74,0.5640017361111112,0.7374999999999999,0.5637152777777777,0.1743983796296297,0.12940416666666638,72
hierarchical_local_aggregate,shot_proportional,5,fake_fez+fake_kyiv+fake_marrakesh+fake_sherbrooke+fake_torino,"[""fake_fez"", ""fake_kyiv"", ""fake_marrakesh"", ""fake_sherbrooke"", ""fake_torino""]","[""fez"", ""kyiv"", ""marrakesh"", ""sherbrooke"", ""torino""]",0.019063840579710202,0.01669754163224,0.04236730496454024,0.76625,0.5886597222222222,0.76625,0.5886458333333333,0.1704579861111112,0.12870749999999972,72
hierarchical_local_aggregate,uniform,1,fake_fez,"[""fake_fez""]","[""fez""]",0.019003052503052523,0.01662097692274221,0.04323333333333307,0.58875,0.4645138888888889,0.58875,0.4645138888888889,,,72
hierarchical_local_aggregate,uniform,1,fake_kyiv,"[""fake_kyiv""]","[""kyiv""]",0.018322080136402404,0.015913705535596238,0.04539782608695549,0.5237499999999999,0.4217013888888889,0.5237499999999999,0.4217013888888889,,,72
hierarchical_local_aggregate,uniform,1,fake_marrakesh,"[""fake_marrakesh""]","[""marrakesh""]",0.01840476190476193,0.016744210950908903,0.04066842105263121,0.6112500000000001,0.47881944444444446,0.6112500000000001,0.47881944444444446,,,72
hierarchical_local_aggregate,uniform,1,fake_sherbrooke,"[""fake_sherbrooke""]","[""sherbrooke""]",0.019400155279503117,0.016634608664948418,0.04729042553191467,0.5137499999999999,0.4255555555555556,0.5137499999999999,0.4255555555555556,,,72
hierarchical_local_aggregate,uniform,1,fake_torino,"[""fake_torino""]","[""torino""]",0.018707121186583527,0.016742805954955423,0.04338291139240455,0.52875,0.4334375,0.52875,0.4334375,,,72
hierarchical_local_aggregate,uniform,2,fake_fez+fake_kyiv,"[""fake_fez"", ""fake_kyiv""]","[""fez"", ""kyiv""]",0.0186781117718202,0.01666380035001799,0.042438330008548734,0.64125,0.5040104166666667,0.64125,0.5034027777777778,0.19014999999999996,0.15639999999999893,72
hierarchical_local_aggregate,uniform,2,fake_fez+fake_marrakesh,"[""fake_fez"", ""fake_marrakesh""]","[""fez"", ""marrakesh""]",0.01945001074229241,0.016359739220074818,0.04040544217687001,0.6925,0.5298958333333333,0.6925,0.5297916666666667,0.12852777777777777,0.06622499999999991,72
hierarchical_local_aggregate,uniform,2,fake_fez+fake_sherbrooke,"[""fake_fez"", ""fake_sherbrooke""]","[""fez"", ""sherbrooke""]",0.020803316814467038,0.017054954775265946,0.03983478260869524,0.65625,0.5073263888888889,0.65625,0.506736111111111,0.18339513888888895,0.1375249999999998,72
hierarchical_local_aggregate,uniform,2,fake_fez+fake_torino,"[""fake_fez"", ""fake_torino""]","[""fez"", ""torino""]",0.0202992138364775,0.017079732295210023,0.03956617647058782,0.6699999999999999,0.5104340277777778,0.6699999999999999,0.5101388888888888,0.15611666666666663,0.11169999999999969,72
hierarchical_local_aggregate,uniform,2,fake_kyiv+fake_marrakesh,"[""fake_kyiv"", ""fake_marrakesh""]","[""kyiv"", ""marrakesh""]",0.019419642857142847,0.016582020908404847,0.042968369453043574,0.67875,0.5103472222222222,0.67875,0.5090625,0.21529583333333357,0.19244999999999812,72
hierarchical_local_aggregate,uniform,2,fake_kyiv+fake_sherbrooke,"[""fake_kyiv"", ""fake_sherbrooke""]","[""kyiv"", ""sherbrooke""]",0.019294957983193264,0.016393155274550302,0.04291197183098536,0.625,0.48835069444444446,0.625,0.4882986111111111,0.1422180555555557,0.09132499999999968,72
hierarchical_local_aggregate,uniform,2,fake_kyiv+fake_torino,"[""fake_kyiv"", ""fake_torino""]","[""kyiv"", ""torino""]",0.018682625250938292,0.01644594061063749,0.04086066878980818,0.62375,0.4893055555555555,0.62375,0.4892708333333333,0.15390555555555568,0.11287499999999942,72
hierarchical_local_aggregate,uniform,2,fake_marrakesh+fake_sherbrooke,"[""fake_marrakesh"", ""fake_sherbrooke""]","[""marrakesh"", ""sherbrooke""]",0.019538727858293078,0.017156848828912007,0.04192819030266936,0.67125,0.5138888888888888,0.67125,0.5126041666666666,0.20787708333333357,0.16587499999999875,72
hierarchical_local_aggregate,uniform,2,fake_marrakesh+fake_torino,"[""fake_marrakesh"", ""fake_torino""]","[""marrakesh"", ""torino""]",0.019018899097356847,0.01721616147410625,0.040716382868936314,0.68625,0.5188368055555556,0.68625,0.5179861111111111,0.17869652777777756,0.12949999999999978,72
hierarchical_local_aggregate,uniform,2,fake_sherbrooke+fake_torino,"[""fake_sherbrooke"", ""fake_torino""]","[""sherbrooke"", ""torino""]",0.01882273175542406,0.01655203334293174,0.04112686567164108,0.63375,0.49197916666666663,0.63375,0.49197916666666663,0.1483972222222224,0.09452499999999996,72
hierarchical_local_aggregate,uniform,3,fake_fez+fake_kyiv+fake_marrakesh,"[""fake_fez"", ""fake_kyiv"", ""fake_marrakesh""]","[""fez"", ""kyiv"", ""marrakesh""]",0.018550641025641003,0.01657700139280295,0.042725283446711435,0.72125,0.5511805555555556,0.72125,0.5511458333333333,0.17799120370370378,0.14238333333333336,72
hierarchical_local_aggregate,uniform,3,fake_fez+fake_kyiv+fake_sherbrooke,"[""fake_fez"", ""fake_kyiv"", ""fake_sherbrooke""]","[""fez"", ""kyiv"", ""sherbrooke""]",0.018244953391192545,0.016774821682522003,0.03838913043478207,0.69375,0.5363657407407407,0.69375,0.53625,0.17192106481481487,0.13236666666666652,72
hierarchical_local_aggregate,uniform,3,fake_fez+fake_kyiv+fake_torino,"[""fake_fez"", ""fake_kyiv"", ""fake_torino""]","[""fez"", ""kyiv"", ""torino""]",0.018896681864235036,0.01686070365169487,0.04005317460317289,0.6937500000000001,0.5388773148148148,0.6925,0.5388194444444445,0.16672407407407408,0.13015833333333326,72
hierarchical_local_aggregate,uniform,3,fake_fez+fake_marrakesh+fake_sherbrooke,"[""fake_fez"", ""fake_marrakesh"", ""fake_sherbrooke""]","[""fez"", ""marrakesh"", ""sherbrooke""]",0.02056388888888887,0.016793197195475333,0.044586486486487366,0.70625,0.5514814814814815,0.705,0.5513541666666666,0.17326666666666676,0.1265666666666661,72
hierarchical_local_aggregate,uniform,3,fake_fez+fake_marrakesh+fake_torino,"[""fake_fez"", ""fake_marrakesh"", ""fake_torino""]","[""fez"", ""marrakesh"", ""torino""]",0.01973368009541481,0.016702220919825504,0.04378217338217284,0.71875,0.5560648148148148,0.71875,0.5560416666666667,0.15444699074074064,0.10333333333333308,72
hierarchical_local_aggregate,uniform,3,fake_fez+fake_sherbrooke+fake_torino,"[""fake_fez"", ""fake_sherbrooke"", ""fake_torino""]","[""fez"", ""sherbrooke"", ""torino""]",0.020091453265044808,0.017105193452049472,0.03934357798164912,0.7075,0.538900462962963,0.7075,0.5387847222222222,0.16263634259259266,0.11281666666666632,72
hierarchical_local_aggregate,uniform,3,fake_kyiv+fake_marrakesh+fake_sherbrooke,"[""fake_kyiv"", ""fake_marrakesh"", ""fake_sherbrooke""]","[""kyiv"", ""marrakesh"", ""sherbrooke""]",0.017603912882982624,0.01690438859691505,0.03855179781135969,0.6975,0.5393634259259259,0.6950000000000001,0.5386805555555556,0.1884636574074076,0.15161666666666637,72
hierarchical_local_aggregate,uniform,3,fake_kyiv+fake_marrakesh+fake_torino,"[""fake_kyiv"", ""fake_marrakesh"", ""fake_torino""]","[""kyiv"", ""marrakesh"", ""torino""]",0.018393475849121,0.017137035745262444,0.03859400442854661,0.7225,0.544988425925926,0.72,0.5445486111111112,0.18263263888888895,0.14489166666666664,72
hierarchical_local_aggregate,uniform,3,fake_kyiv+fake_sherbrooke+fake_torino,"[""fake_kyiv"", ""fake_sherbrooke"", ""fake_torino""]","[""kyiv"", ""sherbrooke"", ""torino""]",0.018521784480467707,0.016941491245552682,0.04007666666666576,0.685,0.528125,0.685,0.528125,0.14817361111111127,0.09972499999999987,72
hierarchical_local_aggregate,uniform,3,fake_marrakesh+fake_sherbrooke+fake_torino,"[""fake_marrakesh"", ""fake_sherbrooke"", ""fake_torino""]","[""marrakesh"", ""sherbrooke"", ""torino""]",0.018513642319030466,0.01712107818642963,0.03870739041793899,0.72125,0.5448379629629629,0.71875,0.5442361111111111,0.17832361111111117,0.13602499999999917,72
hierarchical_local_aggregate,uniform,4,fake_fez+fake_kyiv+fake_marrakesh+fake_sherbrooke,"[""fake_fez"", ""fake_kyiv"", ""fake_marrakesh"", ""fake_sherbrooke""]","[""fez"", ""kyiv"", ""marrakesh"", ""sherbrooke""]",0.019586217948717927,0.016531650745776557,0.04228986486486197,0.7525,0.5706076388888889,0.7525,0.5705902777777778,0.17791064814814825,0.13916666666666638,72
hierarchical_local_aggregate,uniform,4,fake_fez+fake_kyiv+fake_marrakesh+fake_torino,"[""fake_fez"", ""fake_kyiv"", ""fake_marrakesh"", ""fake_torino""]","[""fez"", ""kyiv"", ""marrakesh"", ""torino""]",0.019174534161490675,0.01670326214674146,0.04338181818181993,0.75125,0.5732118055555556,0.75125,0.5731944444444445,0.1704487268518519,0.12744166666666656,72
hierarchical_local_aggregate,uniform,4,fake_fez+fake_kyiv+fake_sherbrooke+fake_torino,"[""fake_fez"", ""fake_kyiv"", ""fake_sherbrooke"", ""fake_torino""]","[""fez"", ""kyiv"", ""sherbrooke"", ""torino""]",0.01877650273224035,0.016845332527330125,0.039271428571429005,0.72125,0.5629861111111112,0.72125,0.5629861111111112,0.16236377314814823,0.11736666666666634,72
hierarchical_local_aggregate,uniform,4,fake_fez+fake_marrakesh+fake_sherbrooke+fake_torino,"[""fake_fez"", ""fake_marrakesh"", ""fake_sherbrooke"", ""fake_torino""]","[""fez"", ""marrakesh"", ""sherbrooke"", ""torino""]",0.019784725643130715,0.016694025609424054,0.041975042662114076,0.7525,0.5732638888888889,0.7525,0.5732291666666667,0.1671684027777778,0.12207499999999973,72
hierarchical_local_aggregate,uniform,4,fake_kyiv+fake_marrakesh+fake_sherbrooke+fake_torino,"[""fake_kyiv"", ""fake_marrakesh"", ""fake_sherbrooke"", ""fake_torino""]","[""kyiv"", ""marrakesh"", ""sherbrooke"", ""torino""]",0.019442085118594736,0.016701607388274767,0.039175238853502,0.74,0.5640017361111112,0.7374999999999999,0.5637152777777777,0.1743983796296297,0.12940416666666638,72
hierarchical_local_aggregate,uniform,5,fake_fez+fake_kyiv+fake_marrakesh+fake_sherbrooke+fake_torino,"[""fake_fez"", ""fake_kyiv"", ""fake_marrakesh"", ""fake_sherbrooke"", ""fake_torino""]","[""fez"", ""kyiv"", ""marrakesh"", ""sherbrooke"", ""torino""]",0.019063840579710202,0.016696667041663026,0.04236730496454024,0.76625,0.5886597222222222,0.76625,0.5886458333333333,0.1704579861111112,0.12870749999999972,72
local_only_offline_aggregate,confidence,1,fake_fez,"[""fake_fez""]","[""fez""]",0.01900305250305252,0.01662097692274221,0.04323333333333302,0.58875,0.4645138888888889,0.58875,0.4645138888888889,,,72
local_only_offline_aggregate,confidence,1,fake_kyiv,"[""fake_kyiv""]","[""kyiv""]",0.018322080136402408,0.015913705535596238,0.04539782608695558,0.5237499999999999,0.4217013888888889,0.5237499999999999,0.4217013888888889,,,72
local_only_offline_aggregate,confidence,1,fake_marrakesh,"[""fake_marrakesh""]","[""marrakesh""]",0.018404761904761924,0.016744210950908896,0.04066842105263122,0.6112500000000001,0.47881944444444446,0.6112500000000001,0.47881944444444446,,,72
local_only_offline_aggregate,confidence,1,fake_sherbrooke,"[""fake_sherbrooke""]","[""sherbrooke""]",0.01940015527950311,0.016634608664948418,0.04729042553191464,0.5137499999999999,0.4255555555555556,0.5137499999999999,0.4255555555555556,,,72
local_only_offline_aggregate,confidence,1,fake_torino,"[""fake_torino""]","[""torino""]",0.018707121186583527,0.016742805954955434,0.04338291139240463,0.52875,0.4334375,0.52875,0.4334375,,,72
local_only_offline_aggregate,confidence,2,fake_fez+fake_kyiv,"[""fake_fez"", ""fake_kyiv""]","[""fez"", ""kyiv""]",0.01434813310767108,0.012442226358341173,0.03580158255665795,0.5606249999999999,0.4431076388888889,0.5237499999999999,0.42083333333333334,0.19014999999999996,0.15639999999999893,72
local_only_offline_aggregate,confidence,2,fake_fez+fake_marrakesh,"[""fake_fez"", ""fake_marrakesh""]","[""fez"", ""marrakesh""]",0.014094199087883869,0.012368443774908753,0.02920713210154746,0.594375,0.4716666666666667,0.5825,0.4614236111111111,0.12852777777777777,0.06622499999999991,72
local_only_offline_aggregate,confidence,2,fake_fez+fake_sherbrooke,"[""fake_fez"", ""fake_sherbrooke""]","[""fez"", ""sherbrooke""]",0.015666844128173076,0.012741186224641586,0.0332655453676167,0.555625,0.4450347222222222,0.5137499999999999,0.4245138888888889,0.18339513888888895,0.1375249999999998,72
local_only_offline_aggregate,confidence,2,fake_fez+fake_torino,"[""fake_fez"", ""fake_torino""]","[""fez"", ""torino""]",0.013554142082942606,0.012629495590345829,0.03458179398630686,0.56875,0.44897569444444446,0.52875,0.43149305555555556,0.15611666666666663,0.11169999999999969,72
local_only_offline_aggregate,confidence,2,fake_kyiv+fake_marrakesh,"[""fake_kyiv"", ""fake_marrakesh""]","[""kyiv"", ""marrakesh""]",0.013892909270737004,0.012493908330206879,0.033904980572173074,0.57125,0.4502604166666667,0.5237499999999999,0.42125,0.21529583333333357,0.19244999999999812,72
local_only_offline_aggregate,confidence,2,fake_kyiv+fake_sherbrooke,"[""fake_kyiv"", ""fake_sherbrooke""]","[""kyiv"", ""sherbrooke""]",0.013317613281801444,0.011929297544453907,0.03611685292277058,0.51875,0.4236284722222222,0.5137499999999999,0.4149305555555556,0.1422180555555557,0.09132499999999968,72
local_only_offline_aggregate,confidence,2,fake_kyiv+fake_torino,"[""fake_kyiv"", ""fake_torino""]","[""kyiv"", ""torino""]",0.013718961822046212,0.011943951243381448,0.034671660445697576,0.5318750000000001,0.42756944444444445,0.5237499999999999,0.41788194444444443,0.15390555555555568,0.11287499999999942,72
local_only_offline_aggregate,confidence,2,fake_marrakesh+fake_sherbrooke,"[""fake_marrakesh"", ""fake_sherbrooke""]","[""marrakesh"", ""sherbrooke""]",0.01523679050053807,0.01277247992906483,0.034269285233122206,0.568125,0.45218749999999996,0.5137499999999999,0.42434027777777783,0.20787708333333357,0.16587499999999875,72
local_only_offline_aggregate,confidence,2,fake_marrakesh+fake_torino,"[""fake_marrakesh"", ""fake_torino""]","[""marrakesh"", ""torino""]",0.014661558661785245,0.012695378854519155,0.03417246111573844,0.5700000000000001,0.45612847222222225,0.52875,0.43246527777777777,0.17869652777777756,0.12949999999999978,72
local_only_offline_aggregate,confidence,2,fake_sherbrooke+fake_torino,"[""fake_sherbrooke"", ""fake_torino""]","[""sherbrooke"", ""torino""]",0.013681135412516927,0.01210726120362437,0.03390239436182742,0.526875,0.42949652777777775,0.5137499999999999,0.4203472222222222,0.1483972222222224,0.09452499999999996,72
local_only_offline_aggregate,confidence,3,fake_fez+fake_kyiv+fake_marrakesh,"[""fake_fez"", ""fake_kyiv"", ""fake_marrakesh""]","[""fez"", ""kyiv"", ""marrakesh""]",0.012824826853953579,0.010520047372916395,0.027841109165336383,0.5770833333333334,0.45501157407407405,0.5237499999999999,0.42059027777777774,0.17799120370370378,0.14238333333333336,72
local_only_offline_aggregate,confidence,3,fake_fez+fake_kyiv+fake_sherbrooke,"[""fake_fez"", ""fake_kyiv"", ""fake_sherbrooke""]","[""fez"", ""kyiv"", ""sherbrooke""]",0.011992517809421253,0.010458616759731497,0.02956691515673543,0.5449999999999999,0.43725694444444446,0.5137499999999999,0.41468750000000004,0.17192106481481487,0.13236666666666652,72
local_only_offline_aggregate,confidence,3,fake_fez+fake_kyiv+fake_torino,"[""fake_fez"", ""fake_kyiv"", ""fake_torino""]","[""fez"", ""kyiv"", ""torino""]",0.011016822284806747,0.01042375380157128,0.030783395767749883,0.5537500000000001,0.4398842592592593,0.5237499999999999,0.41704861111111113,0.16672407407407408,0.13015833333333326,72
local_only_offline_aggregate,confidence,3,fake_fez+fake_marrakesh+fake_sherbrooke,"[""fake_fez"", ""fake_marrakesh"", ""fake_sherbrooke""]","[""fez"", ""marrakesh"", ""sherbrooke""]",0.013284376676885737,0.01066044815984872,0.026320698122564313,0.575,0.45629629629629626,0.5137499999999999,0.4239236111111111,0.17326666666666676,0.1265666666666661,72
local_only_offline_aggregate,confidence,3,fake_fez+fake_marrakesh+fake_torino,"[""fake_fez"", ""fake_marrakesh"", ""fake_torino""]","[""fez"", ""marrakesh"", ""torino""]",0.011881349372204957,0.010540021236054666,0.02736383533567494,0.5762499999999999,0.4589236111111111,0.52875,0.43090277777777775,0.15444699074074064,0.10333333333333308,72
local_only_offline_aggregate,confidence,3,fake_fez+fake_sherbrooke+fake_torino,"[""fake_fez"", ""fake_sherbrooke"", ""fake_torino""]","[""fez"", ""sherbrooke"", ""torino""]",0.012432869663347206,0.010644403990376763,0.028269925322307272,0.5504166666666667,0.4411689814814815,0.5137499999999999,0.42010416666666667,0.16263634259259266,0.11281666666666632,72
local_only_offline_aggregate,confidence,3,fake_kyiv+fake_marrakesh+fake_sherbrooke,"[""fake_kyiv"", ""fake_marrakesh"", ""fake_sherbrooke""]","[""kyiv"", ""marrakesh"", ""sherbrooke""]",0.012097652982293221,0.010490467256319367,0.02968957191898083,0.5583333333333333,0.44202546296296297,0.5137499999999999,0.4147222222222222,0.1884636574074076,0.15161666666666637,72
local_only_offline_aggregate,confidence,3,fake_kyiv+fake_marrakesh+fake_torino,"[""fake_kyiv"", ""fake_marrakesh"", ""fake_torino""]","[""kyiv"", ""marrakesh"", ""torino""]",0.011880739978326733,0.010487615678912553,0.029592872735150096,0.5645833333333334,0.4446527777777778,0.5237499999999999,0.4176736111111111,0.18263263888888895,0.14489166666666664,72
local_only_offline_aggregate,confidence,3,fake_kyiv+fake_sherbrooke+fake_torino,"[""fake_kyiv"", ""fake_sherbrooke"", ""fake_torino""]","[""kyiv"", ""sherbrooke"", ""torino""]",0.011039848744262814,0.009975266837431353,0.029675984973545556,0.5258333333333333,0.4268981481481482,0.5137499999999999,0.4130555555555555,0.14817361111111127,0.09972499999999987,72
local_only_offline_aggregate,confidence,3,fake_marrakesh+fake_sherbrooke+fake_torino,"[""fake_marrakesh"", ""fake_sherbrooke"", ""fake_torino""]","[""marrakesh"", ""sherbrooke"", ""torino""]",0.012103603565154225,0.010606200901162087,0.02904402889849341,0.5625,0.44593750000000004,0.5137499999999999,0.4201388888888889,0.17832361111111117,0.13602499999999917,72
local_only_offline_aggregate,confidence,4,fake_fez+fake_kyiv+fake_marrakesh+fake_sherbrooke,"[""fake_fez"", ""fake_kyiv"", ""fake_marrakesh"", ""fake_sherbrooke""]","[""fez"", ""kyiv"", ""marrakesh"", ""sherbrooke""]",0.011290747121818621,0.009365115552965748,0.02500178958877809,0.568125,0.4476475694444445,0.5137499999999999,0.41468750000000004,0.17791064814814825,0.13916666666666638,72
local_only_offline_aggregate,confidence,4,fake_fez+fake_kyiv+fake_marrakesh+fake_torino,"[""fake_fez"", ""fake_kyiv"", ""fake_marrakesh"", ""fake_torino""]","[""fez"", ""kyiv"", ""marrakesh"", ""torino""]",0.010829125460207832,0.009269172043988975,0.02545177561841183,0.5706249999999999,0.44961805555555556,0.5237499999999999,0.41701388888888885,0.1704487268518519,0.12744166666666656,72
local_only_offline_aggregate,confidence,4,fake_fez+fake_kyiv+fake_sherbrooke+fake_torino,"[""fake_fez"", ""fake_kyiv"", ""fake_sherbrooke"", ""fake_torino""]","[""fez"", ""kyiv"", ""sherbrooke"", ""torino""]",0.009888648937659752,0.009179062697387176,0.026055644072410032,0.54375,0.4363020833333333,0.5137499999999999,0.41284722222222225,0.16236377314814823,0.11736666666666634,72
local_only_offline_aggregate,confidence,4,fake_fez+fake_marrakesh+fake_sherbrooke+fake_torino,"[""fake_fez"", ""fake_marrakesh"", ""fake_sherbrooke"", ""fake_torino""]","[""fez"", ""marrakesh"", ""sherbrooke"", ""torino""]",0.011178495524350782,0.009378331169372874,0.02455577976981019,0.5690625,0.45058159722222224,0.5137499999999999,0.42010416666666667,0.1671684027777778,0.12207499999999973,72
local_only_offline_aggregate,confidence,4,fake_kyiv+fake_marrakesh+fake_sherbrooke+fake_torino,"[""fake_kyiv"", ""fake_marrakesh"", ""fake_sherbrooke"", ""fake_torino""]","[""kyiv"", ""marrakesh"", ""sherbrooke"", ""torino""]",0.010185063669513455,0.009202841805337463,0.026355957562350426,0.55375,0.4398784722222222,0.5137499999999999,0.4128819444444444,0.1743983796296297,0.12940416666666638,72
local_only_offline_aggregate,confidence,5,fake_fez+fake_kyiv+fake_marrakesh+fake_sherbrooke+fake_torino,"[""fake_fez"", ""fake_kyiv"", ""fake_marrakesh"", ""fake_sherbrooke"", ""fake_torino""]","[""fez"", ""kyiv"", ""marrakesh"", ""sherbrooke"", ""torino""]",0.010177572615076602,0.008433222044846159,0.023074280483383506,0.5625,0.4448055555555556,0.5137499999999999,0.41284722222222225,0.1704579861111112,0.12870749999999972,72
local_only_offline_aggregate,shot_proportional,1,fake_fez,"[""fake_fez""]","[""fez""]",0.01900305250305252,0.01662097692274221,0.04323333333333302,0.58875,0.4645138888888889,0.58875,0.4645138888888889,,,72
local_only_offline_aggregate,shot_proportional,1,fake_kyiv,"[""fake_kyiv""]","[""kyiv""]",0.018322080136402408,0.015913705535596238,0.04539782608695558,0.5237499999999999,0.4217013888888889,0.5237499999999999,0.4217013888888889,,,72
local_only_offline_aggregate,shot_proportional,1,fake_marrakesh,"[""fake_marrakesh""]","[""marrakesh""]",0.018404761904761924,0.016744210950908896,0.04066842105263122,0.6112500000000001,0.47881944444444446,0.6112500000000001,0.47881944444444446,,,72
local_only_offline_aggregate,shot_proportional,1,fake_sherbrooke,"[""fake_sherbrooke""]","[""sherbrooke""]",0.01940015527950311,0.016634608664948418,0.04729042553191464,0.5137499999999999,0.4255555555555556,0.5137499999999999,0.4255555555555556,,,72
local_only_offline_aggregate,shot_proportional,1,fake_torino,"[""fake_torino""]","[""torino""]",0.018707121186583527,0.016742805954955434,0.04338291139240463,0.52875,0.4334375,0.52875,0.4334375,,,72
local_only_offline_aggregate,shot_proportional,2,fake_fez+fake_kyiv,"[""fake_fez"", ""fake_kyiv""]","[""fez"", ""kyiv""]",0.014250828086174026,0.012444360691182129,0.037487546468400725,0.5606249999999999,0.4431076388888889,0.5237499999999999,0.42083333333333334,0.19014999999999996,0.15639999999999893,72
local_only_offline_aggregate,shot_proportional,2,fake_fez+fake_marrakesh,"[""fake_fez"", ""fake_marrakesh""]","[""fez"", ""marrakesh""]",0.013913315217391331,0.01230055288639002,0.02969448669201547,0.594375,0.4716666666666667,0.5825,0.4614236111111111,0.12852777777777777,0.06622499999999991,72
local_only_offline_aggregate,shot_proportional,2,fake_fez+fake_sherbrooke,"[""fake_fez"", ""fake_sherbrooke""]","[""fez"", ""sherbrooke""]",0.014969186827957181,0.012816210705667151,0.034129577464789194,0.555625,0.4450347222222222,0.5137499999999999,0.4245138888888889,0.18339513888888895,0.1375249999999998,72
local_only_offline_aggregate,shot_proportional,2,fake_fez+fake_torino,"[""fake_fez"", ""fake_torino""]","[""fez"", ""torino""]",0.013273993822420577,0.012691045606525248,0.03467363636363647,0.56875,0.44897569444444446,0.52875,0.43149305555555556,0.15611666666666663,0.11169999999999969,72
local_only_offline_aggregate,shot_proportional,2,fake_kyiv+fake_marrakesh,"[""fake_kyiv"", ""fake_marrakesh""]","[""kyiv"", ""marrakesh""]",0.014471529554655865,0.012559632206464381,0.03554318996415745,0.57125,0.4502604166666667,0.5237499999999999,0.42125,0.21529583333333357,0.19244999999999812,72
local_only_offline_aggregate,shot_proportional,2,fake_kyiv+fake_sherbrooke,"[""fake_kyiv"", ""fake_sherbrooke""]","[""kyiv"", ""sherbrooke""]",0.013122527282773926,0.0118920705700851,0.03608181818181881,0.51875,0.4236284722222222,0.5137499999999999,0.4149305555555556,0.1422180555555557,0.09132499999999968,72
local_only_offline_aggregate,shot_proportional,2,fake_kyiv+fake_torino,"[""fake_kyiv"", ""fake_torino""]","[""kyiv"", ""torino""]",0.013127702702702707,0.011814663683434928,0.03493556851311987,0.5318750000000001,0.42756944444444445,0.5237499999999999,0.41788194444444443,0.15390555555555568,0.11287499999999942,72
local_only_offline_aggregate,shot_proportional,2,fake_marrakesh+fake_sherbrooke,"[""fake_marrakesh"", ""fake_sherbrooke""]","[""marrakesh"", ""sherbrooke""]",0.015518150684931467,0.013061110145899335,0.03534695817490504,0.568125,0.45218749999999996,0.5137499999999999,0.42434027777777783,0.20787708333333357,0.16587499999999875,72
local_only_offline_aggregate,shot_proportional,2,fake_marrakesh+fake_torino,"[""fake_marrakesh"", ""fake_torino""]","[""marrakesh"", ""torino""]",0.014150241298125208,0.012858287346283852,0.0344482283464567,0.5700000000000001,0.45612847222222225,0.52875,0.43246527777777777,0.17869652777777756,0.12949999999999978,72
local_only_offline_aggregate,shot_proportional,2,fake_sherbrooke+fake_torino,"[""fake_sherbrooke"", ""fake_torino""]","[""sherbrooke"", ""torino""]",0.013725414488621322,0.012024815044191488,0.03404204892966325,0.526875,0.42949652777777775,0.5137499999999999,0.4203472222222222,0.1483972222222224,0.09452499999999996,72
local_only_offline_aggregate,shot_proportional,3,fake_fez+fake_kyiv+fake_marrakesh,"[""fake_fez"", ""fake_kyiv"", ""fake_marrakesh""]","[""fez"", ""kyiv"", ""marrakesh""]",0.01291234375000004,0.010554303924110145,0.029990730337078577,0.5770833333333334,0.45501157407407405,0.5237499999999999,0.42059027777777774,0.17799120370370378,0.14238333333333336,72
local_only_offline_aggregate,shot_proportional,3,fake_fez+fake_kyiv+fake_sherbrooke,"[""fake_fez"", ""fake_kyiv"", ""fake_sherbrooke""]","[""fez"", ""kyiv"", ""sherbrooke""]",0.011905157536163682,0.010429812488714591,0.030159401709401783,0.5449999999999999,0.43725694444444446,0.5137499999999999,0.41468750000000004,0.17192106481481487,0.13236666666666652,72
local_only_offline_aggregate,shot_proportional,3,fake_fez+fake_kyiv+fake_torino,"[""fake_fez"", ""fake_kyiv"", ""fake_torino""]","[""fez"", ""kyiv"", ""torino""]",0.011184915113817192,0.010381689399385819,0.030887908496731904,0.5537500000000001,0.4398842592592593,0.5237499999999999,0.41704861111111113,0.16672407407407408,0.13015833333333326,72
local_only_offline_aggregate,shot_proportional,3,fake_fez+fake_marrakesh+fake_sherbrooke,"[""fake_fez"", ""fake_marrakesh"", ""fake_sherbrooke""]","[""fez"", ""marrakesh"", ""sherbrooke""]",0.013176631779748434,0.010798363307356527,0.027557387862796677,0.575,0.45629629629629626,0.5137499999999999,0.4239236111111111,0.17326666666666676,0.1265666666666661,72
local_only_offline_aggregate,shot_proportional,3,fake_fez+fake_marrakesh+fake_torino,"[""fake_fez"", ""fake_marrakesh"", ""fake_torino""]","[""fez"", ""marrakesh"", ""torino""]",0.011832369614512445,0.010666932984963705,0.02786567567567532,0.5762499999999999,0.4589236111111111,0.52875,0.43090277777777775,0.15444699074074064,0.10333333333333308,72
local_only_offline_aggregate,shot_proportional,3,fake_fez+fake_sherbrooke+fake_torino,"[""fake_fez"", ""fake_sherbrooke"", ""fake_torino""]","[""fez"", ""sherbrooke"", ""torino""]",0.012272905343227692,0.010598448947553785,0.02856918735891627,0.5504166666666667,0.4411689814814815,0.5137499999999999,0.42010416666666667,0.16263634259259266,0.11281666666666632,72
local_only_offline_aggregate,shot_proportional,3,fake_kyiv+fake_marrakesh+fake_sherbrooke,"[""fake_kyiv"", ""fake_marrakesh"", ""fake_sherbrooke""]","[""kyiv"", ""marrakesh"", ""sherbrooke""]",0.012040008343763068,0.010518738551392619,0.030906711409396,0.5583333333333333,0.44202546296296297,0.5137499999999999,0.4147222222222222,0.1884636574074076,0.15161666666666637,72
local_only_offline_aggregate,shot_proportional,3,fake_kyiv+fake_marrakesh+fake_torino,"[""fake_kyiv"", ""fake_marrakesh"", ""fake_torino""]","[""kyiv"", ""marrakesh"", ""torino""]",0.011831418339941249,0.010463201189648781,0.030279908675799026,0.5645833333333334,0.4446527777777778,0.5237499999999999,0.4176736111111111,0.18263263888888895,0.14489166666666664,72
local_only_offline_aggregate,shot_proportional,3,fake_kyiv+fake_sherbrooke+fake_torino,"[""fake_kyiv"", ""fake_sherbrooke"", ""fake_torino""]","[""kyiv"", ""sherbrooke"", ""torino""]",0.0108313414283366,0.00990010967213979,0.0299545009784735,0.5258333333333333,0.4268981481481482,0.5137499999999999,0.4130555555555555,0.14817361111111127,0.09972499999999987,72
local_only_offline_aggregate,shot_proportional,3,fake_marrakesh+fake_sherbrooke+fake_torino,"[""fake_marrakesh"", ""fake_sherbrooke"", ""fake_torino""]","[""marrakesh"", ""sherbrooke"", ""torino""]",0.012259258948406881,0.010646577280405885,0.02956623222748814,0.5625,0.44593750000000004,0.5137499999999999,0.4201388888888889,0.17832361111111117,0.13602499999999917,72
local_only_offline_aggregate,shot_proportional,4,fake_fez+fake_kyiv+fake_marrakesh+fake_sherbrooke,"[""fake_fez"", ""fake_kyiv"", ""fake_marrakesh"", ""fake_sherbrooke""]","[""fez"", ""kyiv"", ""marrakesh"", ""sherbrooke""]",0.010851329157277545,0.0093707254824522,0.026451065719360817,0.568125,0.4476475694444445,0.5137499999999999,0.41468750000000004,0.17791064814814825,0.13916666666666638,72
local_only_offline_aggregate,shot_proportional,4,fake_fez+fake_kyiv+fake_marrakesh+fake_torino,"[""fake_fez"", ""fake_kyiv"", ""fake_marrakesh"", ""fake_torino""]","[""fez"", ""kyiv"", ""marrakesh"", ""torino""]",0.01086947083140933,0.00932491678300338,0.02647626353790599,0.5706249999999999,0.44961805555555556,0.5237499999999999,0.41701388888888885,0.1704487268518519,0.12744166666666656,72
local_only_offline_aggregate,shot_proportional,4,fake_fez+fake_kyiv+fake_sherbrooke+fake_torino,"[""fake_fez"", ""fake_kyiv"", ""fake_sherbrooke"", ""fake_torino""]","[""fez"", ""kyiv"", ""sherbrooke"", ""torino""]",0.010068408333333324,0.009108336026662502,0.026469369369369375,0.54375,0.4363020833333333,0.5137499999999999,0.41284722222222225,0.16236377314814823,0.11736666666666634,72
local_only_offline_aggregate,shot_proportional,4,fake_fez+fake_marrakesh+fake_sherbrooke+fake_torino,"[""fake_fez"", ""fake_marrakesh"", ""fake_sherbrooke"", ""fake_torino""]","[""fez"", ""marrakesh"", ""sherbrooke"", ""torino""]",0.011014969999017774,0.009449747909315041,0.025243680297397646,0.5690625,0.45058159722222224,0.5137499999999999,0.42010416666666667,0.1671684027777778,0.12207499999999973,72
local_only_offline_aggregate,shot_proportional,4,fake_kyiv+fake_marrakesh+fake_sherbrooke+fake_torino,"[""fake_kyiv"", ""fake_marrakesh"", ""fake_sherbrooke"", ""fake_torino""]","[""kyiv"", ""marrakesh"", ""sherbrooke"", ""torino""]",0.010086514073615823,0.009156470742604738,0.027148019801979777,0.55375,0.4398784722222222,0.5137499999999999,0.4128819444444444,0.1743983796296297,0.12940416666666638,72
local_only_offline_aggregate,shot_proportional,5,fake_fez+fake_kyiv+fake_marrakesh+fake_sherbrooke+fake_torino,"[""fake_fez"", ""fake_kyiv"", ""fake_marrakesh"", ""fake_sherbrooke"", ""fake_torino""]","[""fez"", ""kyiv"", ""marrakesh"", ""sherbrooke"", ""torino""]",0.009974251047117865,0.008439764156608466,0.024009903047091365,0.5625,0.4448055555555556,0.5137499999999999,0.41284722222222225,0.1704579861111112,0.12870749999999972,72
local_only_offline_aggregate,uniform,1,fake_fez,"[""fake_fez""]","[""fez""]",0.01900305250305252,0.01662097692274221,0.04323333333333302,0.58875,0.4645138888888889,0.58875,0.4645138888888889,,,72
local_only_offline_aggregate,uniform,1,fake_kyiv,"[""fake_kyiv""]","[""kyiv""]",0.018322080136402408,0.015913705535596238,0.04539782608695558,0.5237499999999999,0.4217013888888889,0.5237499999999999,0.4217013888888889,,,72
local_only_offline_aggregate,uniform,1,fake_marrakesh,"[""fake_marrakesh""]","[""marrakesh""]",0.018404761904761924,0.016744210950908896,0.04066842105263122,0.6112500000000001,0.47881944444444446,0.6112500000000001,0.47881944444444446,,,72
local_only_offline_aggregate,uniform,1,fake_sherbrooke,"[""fake_sherbrooke""]","[""sherbrooke""]",0.01940015527950311,0.016634608664948418,0.04729042553191464,0.5137499999999999,0.4255555555555556,0.5137499999999999,0.4255555555555556,,,72
local_only_offline_aggregate,uniform,1,fake_torino,"[""fake_torino""]","[""torino""]",0.018707121186583527,0.016742805954955434,0.04338291139240463,0.52875,0.4334375,0.52875,0.4334375,,,72
local_only_offline_aggregate,uniform,2,fake_fez+fake_kyiv,"[""fake_fez"", ""fake_kyiv""]","[""fez"", ""kyiv""]",0.014102929924464809,0.012337909092889041,0.03576652923538173,0.5606249999999999,0.4431076388888889,0.5237499999999999,0.42083333333333334,0.19014999999999996,0.15639999999999893,72
local_only_offline_aggregate,uniform,2,fake_fez+fake_marrakesh,"[""fake_fez"", ""fake_marrakesh""]","[""fez"", ""marrakesh""]",0.013886980605293139,0.012283617468271488,0.029139896755162122,0.594375,0.4716666666666667,0.5825,0.4614236111111111,0.12852777777777777,0.06622499999999991,72
local_only_offline_aggregate,uniform,2,fake_fez+fake_sherbrooke,"[""fake_fez"", ""fake_sherbrooke""]","[""fez"", ""sherbrooke""]",0.015452310962169863,0.012721258977616971,0.03322372742200286,0.555625,0.4450347222222222,0.5137499999999999,0.4245138888888889,0.18339513888888895,0.1375249999999998,72
local_only_offline_aggregate,uniform,2,fake_fez+fake_torino,"[""fake_fez"", ""fake_torino""]","[""fez"", ""torino""]",0.013556896054205738,0.012572825602046147,0.03457040229885009,0.56875,0.44897569444444446,0.52875,0.43149305555555556,0.15611666666666663,0.11169999999999969,72
local_only_offline_aggregate,uniform,2,fake_kyiv+fake_marrakesh,"[""fake_kyiv"", ""fake_marrakesh""]","[""kyiv"", ""marrakesh""]",0.013941887086863149,0.012334492454538213,0.03391962242562871,0.57125,0.4502604166666667,0.5237499999999999,0.42125,0.21529583333333357,0.19244999999999812,72
local_only_offline_aggregate,uniform,2,fake_kyiv+fake_sherbrooke,"[""fake_kyiv"", ""fake_sherbrooke""]","[""kyiv"", ""sherbrooke""]",0.013205196976606017,0.011949859994235357,0.0361168737060035,0.51875,0.4236284722222222,0.5137499999999999,0.4149305555555556,0.1422180555555557,0.09132499999999968,72
local_only_offline_aggregate,uniform,2,fake_kyiv+fake_torino,"[""fake_kyiv"", ""fake_torino""]","[""kyiv"", ""torino""]",0.013077580214974753,0.011843741753287946,0.034764827727645,0.5318750000000001,0.42756944444444445,0.5237499999999999,0.41788194444444443,0.15390555555555568,0.11287499999999942,72
local_only_offline_aggregate,uniform,2,fake_marrakesh+fake_sherbrooke,"[""fake_marrakesh"", ""fake_sherbrooke""]","[""marrakesh"", ""sherbrooke""]",0.015402512804097292,0.012782891800018755,0.03427919799498712,0.568125,0.45218749999999996,0.5137499999999999,0.42434027777777783,0.20787708333333357,0.16587499999999875,72
local_only_offline_aggregate,uniform,2,fake_marrakesh+fake_torino,"[""fake_marrakesh"", ""fake_torino""]","[""marrakesh"", ""torino""]",0.014730823021734708,0.012650495697035838,0.034237752399867157,0.5700000000000001,0.45612847222222225,0.52875,0.43246527777777777,0.17869652777777756,0.12949999999999978,72
local_only_offline_aggregate,uniform,2,fake_sherbrooke+fake_torino,"[""fake_sherbrooke"", ""fake_torino""]","[""sherbrooke"", ""torino""]",0.013840000368357745,0.01209008753403047,0.03397151841868774,0.526875,0.42949652777777775,0.5137499999999999,0.4203472222222222,0.1483972222222224,0.09452499999999996,72
local_only_offline_aggregate,uniform,3,fake_fez+fake_kyiv+fake_marrakesh,"[""fake_fez"", ""fake_kyiv"", ""fake_marrakesh""]","[""fez"", ""kyiv"", ""marrakesh""]",0.012702122005159359,0.010373135364707953,0.02783739446066442,0.5770833333333334,0.45501157407407405,0.5237499999999999,0.42059027777777774,0.17799120370370378,0.14238333333333336,72
local_only_offline_aggregate,uniform,3,fake_fez+fake_kyiv+fake_sherbrooke,"[""fake_fez"", ""fake_kyiv"", ""fake_sherbrooke""]","[""fez"", ""kyiv"", ""sherbrooke""]",0.012379623386593208,0.010385897229297697,0.029544641964732003,0.5449999999999999,0.43725694444444446,0.5137499999999999,0.41468750000000004,0.17192106481481487,0.13236666666666652,72
local_only_offline_aggregate,uniform,3,fake_fez+fake_kyiv+fake_torino,"[""fake_fez"", ""fake_kyiv"", ""fake_torino""]","[""fez"", ""kyiv"", ""torino""]",0.011071534528978976,0.010329681562305392,0.03077361539356085,0.5537500000000001,0.4398842592592593,0.5237499999999999,0.41704861111111113,0.16672407407407408,0.13015833333333326,72
local_only_offline_aggregate,uniform,3,fake_fez+fake_marrakesh+fake_sherbrooke,"[""fake_fez"", ""fake_marrakesh"", ""fake_sherbrooke""]","[""fez"", ""marrakesh"", ""sherbrooke""]",0.013111553095601467,0.010589115389780298,0.026308404632270275,0.575,0.45629629629629626,0.5137499999999999,0.4239236111111111,0.17326666666666676,0.1265666666666661,72
local_only_offline_aggregate,uniform,3,fake_fez+fake_marrakesh+fake_torino,"[""fake_fez"", ""fake_marrakesh"", ""fake_torino""]","[""fez"", ""marrakesh"", ""torino""]",0.011667658767479955,0.010488993322414908,0.027125562442214486,0.5762499999999999,0.4589236111111111,0.52875,0.43090277777777775,0.15444699074074064,0.10333333333333308,72
local_only_offline_aggregate,uniform,3,fake_fez+fake_sherbrooke+fake_torino,"[""fake_fez"", ""fake_sherbrooke"", ""fake_torino""]","[""fez"", ""sherbrooke"", ""torino""]",0.01214322879962421,0.010584355640060945,0.028240472059567395,0.5504166666666667,0.4411689814814815,0.5137499999999999,0.42010416666666667,0.16263634259259266,0.11281666666666632,72
local_only_offline_aggregate,uniform,3,fake_kyiv+fake_marrakesh+fake_sherbrooke,"[""fake_kyiv"", ""fake_marrakesh"", ""fake_sherbrooke""]","[""kyiv"", ""marrakesh"", ""sherbrooke""]",0.011800092237852017,0.010412866847325801,0.029713508408702884,0.5583333333333333,0.44202546296296297,0.5137499999999999,0.4147222222222222,0.1884636574074076,0.15161666666666637,72
local_only_offline_aggregate,uniform,3,fake_kyiv+fake_marrakesh+fake_torino,"[""fake_kyiv"", ""fake_marrakesh"", ""fake_torino""]","[""kyiv"", ""marrakesh"", ""torino""]",0.011722755163771522,0.010357956279442887,0.029625954789900297,0.5645833333333334,0.4446527777777778,0.5237499999999999,0.4176736111111111,0.18263263888888895,0.14489166666666664,72
local_only_offline_aggregate,uniform,3,fake_kyiv+fake_sherbrooke+fake_torino,"[""fake_kyiv"", ""fake_sherbrooke"", ""fake_torino""]","[""kyiv"", ""sherbrooke"", ""torino""]",0.01115285716154196,0.009933490104608556,0.029836184356159534,0.5258333333333333,0.4268981481481482,0.5137499999999999,0.4130555555555555,0.14817361111111127,0.09972499999999987,72
local_only_offline_aggregate,uniform,3,fake_marrakesh+fake_sherbrooke+fake_torino,"[""fake_marrakesh"", ""fake_sherbrooke"", ""fake_torino""]","[""marrakesh"", ""sherbrooke"", ""torino""]",0.01223310198741232,0.01055622468958759,0.029117948172317318,0.5625,0.44593750000000004,0.5137499999999999,0.4201388888888889,0.17832361111111117,0.13602499999999917,72
local_only_offline_aggregate,uniform,4,fake_fez+fake_kyiv+fake_marrakesh+fake_sherbrooke,"[""fake_fez"", ""fake_kyiv"", ""fake_marrakesh"", ""fake_sherbrooke""]","[""fez"", ""kyiv"", ""marrakesh"", ""sherbrooke""]",0.011443647531638741,0.00925029284762207,0.02501698732400671,0.568125,0.4476475694444445,0.5137499999999999,0.41468750000000004,0.17791064814814825,0.13916666666666638,72
local_only_offline_aggregate,uniform,4,fake_fez+fake_kyiv+fake_marrakesh+fake_torino,"[""fake_fez"", ""fake_kyiv"", ""fake_marrakesh"", ""fake_torino""]","[""fez"", ""kyiv"", ""marrakesh"", ""torino""]",0.010683765494611077,0.009183166549033821,0.025359662571891584,0.5706249999999999,0.44961805555555556,0.5237499999999999,0.41701388888888885,0.1704487268518519,0.12744166666666656,72
local_only_offline_aggregate,uniform,4,fake_fez+fake_kyiv+fake_sherbrooke+fake_torino,"[""fake_fez"", ""fake_kyiv"", ""fake_sherbrooke"", ""fake_torino""]","[""fez"", ""kyiv"", ""sherbrooke"", ""torino""]",0.010276559289312068,0.00910144576157244,0.026062967320247814,0.54375,0.4363020833333333,0.5137499999999999,0.41284722222222225,0.16236377314814823,0.11736666666666634,72
local_only_offline_aggregate,uniform,4,fake_fez+fake_marrakesh+fake_sherbrooke+fake_torino,"[""fake_fez"", ""fake_marrakesh"", ""fake_sherbrooke"", ""fake_torino""]","[""fez"", ""marrakesh"", ""sherbrooke"", ""torino""]",0.01108120611666762,0.009328065136746054,0.024377504635042048,0.5690625,0.45058159722222224,0.5137499999999999,0.42010416666666667,0.1671684027777778,0.12207499999999973,72
local_only_offline_aggregate,uniform,4,fake_kyiv+fake_marrakesh+fake_sherbrooke+fake_torino,"[""fake_kyiv"", ""fake_marrakesh"", ""fake_sherbrooke"", ""fake_torino""]","[""kyiv"", ""marrakesh"", ""sherbrooke"", ""torino""]",0.009873568994743669,0.009108458503712035,0.026417696260749874,0.55375,0.4398784722222222,0.5137499999999999,0.4128819444444444,0.1743983796296297,0.12940416666666638,72
local_only_offline_aggregate,uniform,5,fake_fez+fake_kyiv+fake_marrakesh+fake_sherbrooke+fake_torino,"[""fake_fez"", ""fake_kyiv"", ""fake_marrakesh"", ""fake_sherbrooke"", ""fake_torino""]","[""fez"", ""kyiv"", ""marrakesh"", ""sherbrooke"", ""torino""]",0.010120824838062158,0.00833693031347886,0.023009774877776595,0.5625,0.4448055555555556,0.5137499999999999,0.41284722222222225,0.1704579861111112,0.12870749999999972,72
