trace_id,circuit_key,algorithm,size,backend,circuit_kind,available,probe_method,error
dj_4_fake_fez,dj_4_circuit,dj,4,fake_fez,circuit,True,get_index,
dj_4_fake_kyiv,dj_4_circuit,dj,4,fake_kyiv,circuit,True,get_index,
dj_4_fake_marrakesh,dj_4_circuit,dj,4,fake_marrakesh,circuit,True,get_index,
dj_4_fake_sherbrooke,dj_4_circuit,dj,4,fake_sherbrooke,circuit,True,get_index,
dj_4_fake_torino,dj_4_circuit,dj,4,fake_torino,circuit,True,get_index,
dj_5_fake_fez,dj_5_circuit,dj,5,fake_fez,circuit,True,get_index,
dj_5_fake_kyiv,dj_5_circuit,dj,5,fake_kyiv,circuit,True,get_index,
dj_5_fake_marrakesh,dj_5_circuit,dj,5,fake_marrakesh,circuit,True,get_index,
dj_5_fake_sherbrooke,dj_5_circuit,dj,5,fake_sherbrooke,circuit,True,get_index,
dj_5_fake_torino,dj_5_circuit,dj,5,fake_torino,circuit,True,get_index,
dj_6_fake_fez,dj_6_circuit,dj,6,fake_fez,circuit,True,get_index,
dj_6_fake_kyiv,dj_6_circuit,dj,6,fake_kyiv,circuit,True,get_index,
dj_6_fake_marrakesh,dj_6_circuit,dj,6,fake_marrakesh,circuit,True,get_index,
dj_6_fake_sherbrooke,dj_6_circuit,dj,6,fake_sherbrooke,circuit,True,get_index,
dj_6_fake_torino,dj_6_circuit,dj,6,fake_torino,circuit,True,get_index,
dj_7_fake_fez,dj_7_circuit,dj,7,fake_fez,circuit,True,get_index,
dj_7_fake_kyiv,dj_7_circuit,dj,7,fake_kyiv,circuit,True,get_index,
dj_7_fake_marrakesh,dj_7_circuit,dj,7,fake_marrakesh,circuit,True,get_index,
dj_7_fake_sherbrooke,dj_7_circuit,dj,7,fake_sherbrooke,circuit,True,get_index,
dj_7_fake_torino,dj_7_circuit,dj,7,fake_torino,circuit,True,get_index,
dj_8_fake_fez,dj_8_circuit,dj,8,fake_fez,circuit,True,get_index,
dj_8_fake_kyiv,dj_8_circuit,dj,8,fake_kyiv,circuit,True,get_index,
dj_8_fake_marrakesh,dj_8_circuit,dj,8,fake_marrakesh,circuit,True,get_index,
dj_8_fake_sherbrooke,dj_8_circuit,dj,8,fake_sherbrooke,circuit,True,get_index,
dj_8_fake_torino,dj_8_circuit,dj,8,fake_torino,circuit,True,get_index,
dj_9_fake_fez,dj_9_circuit,dj,9,fake_fez,circuit,True,get_index,
dj_9_fake_kyiv,dj_9_circuit,dj,9,fake_kyiv,circuit,True,get_index,
dj_9_fake_marrakesh,dj_9_circuit,dj,9,fake_marrakesh,circuit,True,get_index,
dj_9_fake_sherbrooke,dj_9_circuit,dj,9,fake_sherbrooke,circuit,True,get_index,
dj_9_fake_torino,dj_9_circuit,dj,9,fake_torino,circuit,True,get_index,
dj_10_fake_fez,dj_10_circuit,dj,10,fake_fez,circuit,True,get_index,
dj_10_fake_kyiv,dj_10_circuit,dj,10,fake_kyiv,circuit,True,get_index,
dj_10_fake_marrakesh,dj_10_circuit,dj,10,fake_marrakesh,circuit,True,get_index,
dj_10_fake_sherbrooke,dj_10_circuit,dj,10,fake_sherbrooke,circuit,True,get_index,
dj_10_fake_torino,dj_10_circuit,dj,10,fake_torino,circuit,True,get_index,
dj_11_fake_fez,dj_11_circuit,dj,11,fake_fez,circuit,True,get_index,
dj_11_fake_kyiv,dj_11_circuit,dj,11,fake_kyiv,circuit,True,get_index,
dj_11_fake_marrakesh,dj_11_circuit,dj,11,fake_marrakesh,circuit,True,get_index,
dj_11_fake_sherbrooke,dj_11_circuit,dj,11,fake_sherbrooke,circuit,True,get_index,
dj_11_fake_torino,dj_11_circuit,dj,11,fake_torino,circuit,True,get_index,
dj_12_fake_fez,dj_12_circuit,dj,12,fake_fez,circuit,True,get_index,
dj_12_fake_kyiv,dj_12_circuit,dj,12,fake_kyiv,circuit,True,get_index,
dj_12_fake_marrakesh,dj_12_circuit,dj,12,fake_marrakesh,circuit,True,get_index,
dj_12_fake_sherbrooke,dj_12_circuit,dj,12,fake_sherbrooke,circuit,True,get_index,
dj_12_fake_torino,dj_12_circuit,dj,12,fake_torino,circuit,True,get_index,
dj_13_fake_fez,dj_13_circuit,dj,13,fake_fez,circuit,True,get_index,
dj_13_fake_kyiv,dj_13_circuit,dj,13,fake_kyiv,circuit,True,get_index,
dj_13_fake_marrakesh,dj_13_circuit,dj,13,fake_marrakesh,circuit,True,get_index,
dj_13_fake_sherbrooke,dj_13_circuit,dj,13,fake_sherbrooke,circuit,True,get_index,
dj_13_fake_torino,dj_13_circuit,dj,13,fake_torino,circuit,True,get_index,
dj_14_fake_fez,dj_14_circuit,dj,14,fake_fez,circuit,True,get_index,
dj_14_fake_kyiv,dj_14_circuit,dj,14,fake_kyiv,circuit,True,get_index,
dj_14_fake_marrakesh,dj_14_circuit,dj,14,fake_marrakesh,circuit,True,get_index,
dj_14_fake_sherbrooke,dj_14_circuit,dj,14,fake_sherbrooke,circuit,True,get_index,
dj_14_fake_torino,dj_14_circuit,dj,14,fake_torino,circuit,True,get_index,
dj_15_fake_fez,dj_15_circuit,dj,15,fake_fez,circuit,True,get_index,
dj_15_fake_kyiv,dj_15_circuit,dj,15,fake_kyiv,circuit,True,get_index,
dj_15_fake_marrakesh,dj_15_circuit,dj,15,fake_marrakesh,circuit,True,get_index,
dj_15_fake_sherbrooke,dj_15_circuit,dj,15,fake_sherbrooke,circuit,True,get_index,
dj_15_fake_torino,dj_15_circuit,dj,15,fake_torino,circuit,True,get_index,
qaoa_4_fake_fez,qaoa_4_circuit,qaoa,4,fake_fez,circuit,True,get_index,
qaoa_4_fake_kyiv,qaoa_4_circuit,qaoa,4,fake_kyiv,circuit,True,get_index,
qaoa_4_fake_marrakesh,qaoa_4_circuit,qaoa,4,fake_marrakesh,circuit,True,get_index,
qaoa_4_fake_sherbrooke,qaoa_4_circuit,qaoa,4,fake_sherbrooke,circuit,True,get_index,
qaoa_4_fake_torino,qaoa_4_circuit,qaoa,4,fake_torino,circuit,True,get_index,
qaoa_5_fake_fez,qaoa_5_circuit,qaoa,5,fake_fez,circuit,True,get_index,
qaoa_5_fake_kyiv,qaoa_5_circuit,qaoa,5,fake_kyiv,circuit,True,get_index,
qaoa_5_fake_marrakesh,qaoa_5_circuit,qaoa,5,fake_marrakesh,circuit,True,get_index,
qaoa_5_fake_sherbrooke,qaoa_5_circuit,qaoa,5,fake_sherbrooke,circuit,True,get_index,
qaoa_5_fake_torino,qaoa_5_circuit,qaoa,5,fake_torino,circuit,True,get_index,
qaoa_6_fake_fez,qaoa_6_circuit,qaoa,6,fake_fez,circuit,True,get_index,
qaoa_6_fake_kyiv,qaoa_6_circuit,qaoa,6,fake_kyiv,circuit,True,get_index,
qaoa_6_fake_marrakesh,qaoa_6_circuit,qaoa,6,fake_marrakesh,circuit,True,get_index,
qaoa_6_fake_sherbrooke,qaoa_6_circuit,qaoa,6,fake_sherbrooke,circuit,True,get_index,
qaoa_6_fake_torino,qaoa_6_circuit,qaoa,6,fake_torino,circuit,True,get_index,
qaoa_7_fake_fez,qaoa_7_circuit,qaoa,7,fake_fez,circuit,True,get_index,
qaoa_7_fake_kyiv,qaoa_7_circuit,qaoa,7,fake_kyiv,circuit,True,get_index,
qaoa_7_fake_marrakesh,qaoa_7_circuit,qaoa,7,fake_marrakesh,circuit,True,get_index,
qaoa_7_fake_sherbrooke,qaoa_7_circuit,qaoa,7,fake_sherbrooke,circuit,True,get_index,
qaoa_7_fake_torino,qaoa_7_circuit,qaoa,7,fake_torino,circuit,True,get_index,
qaoa_8_fake_fez,qaoa_8_circuit,qaoa,8,fake_fez,circuit,True,get_index,
qaoa_8_fake_kyiv,qaoa_8_circuit,qaoa,8,fake_kyiv,circuit,True,get_index,
qaoa_8_fake_marrakesh,qaoa_8_circuit,qaoa,8,fake_marrakesh,circuit,True,get_index,
qaoa_8_fake_sherbrooke,qaoa_8_circuit,qaoa,8,fake_sherbrooke,circuit,True,get_index,
qaoa_8_fake_torino,qaoa_8_circuit,qaoa,8,fake_torino,circuit,True,get_index,
qaoa_9_fake_fez,qaoa_9_circuit,qaoa,9,fake_fez,circuit,True,get_index,
qaoa_9_fake_kyiv,qaoa_9_circuit,qaoa,9,fake_kyiv,circuit,True,get_index,
qaoa_9_fake_marrakesh,qaoa_9_circuit,qaoa,9,fake_marrakesh,circuit,True,get_index,
qaoa_9_fake_sherbrooke,qaoa_9_circuit,qaoa,9,fake_sherbrooke,circuit,True,get_index,
qaoa_9_fake_torino,qaoa_9_circuit,qaoa,9,fake_torino,circuit,True,get_index,
qaoa_10_fake_fez,qaoa_10_circuit,qaoa,10,fake_fez,circuit,True,get_index,
qaoa_10_fake_kyiv,qaoa_10_circuit,qaoa,10,fake_kyiv,circuit,True,get_index,
qaoa_10_fake_marrakesh,qaoa_10_circuit,qaoa,10,fake_marrakesh,circuit,True,get_index,
qaoa_10_fake_sherbrooke,qaoa_10_circuit,qaoa,10,fake_sherbrooke,circuit,True,get_index,
qaoa_10_fake_torino,qaoa_10_circuit,qaoa,10,fake_torino,circuit,True,get_index,
qaoa_11_fake_fez,qaoa_11_circuit,qaoa,11,fake_fez,circuit,True,get_index,
qaoa_11_fake_kyiv,qaoa_11_circuit,qaoa,11,fake_kyiv,circuit,True,get_index,
qaoa_11_fake_marrakesh,qaoa_11_circuit,qaoa,11,fake_marrakesh,circuit,True,get_index,
qaoa_11_fake_sherbrooke,qaoa_11_circuit,qaoa,11,fake_sherbrooke,circuit,True,get_index,
qaoa_11_fake_torino,qaoa_11_circuit,qaoa,11,fake_torino,circuit,True,get_index,
qaoa_12_fake_fez,qaoa_12_circuit,qaoa,12,fake_fez,circuit,True,get_index,
qaoa_12_fake_kyiv,qaoa_12_circuit,qaoa,12,fake_kyiv,circuit,True,get_index,
qaoa_12_fake_marrakesh,qaoa_12_circuit,qaoa,12,fake_marrakesh,circuit,True,get_index,
qaoa_12_fake_sherbrooke,qaoa_12_circuit,qaoa,12,fake_sherbrooke,circuit,True,get_index,
qaoa_12_fake_torino,qaoa_12_circuit,qaoa,12,fake_torino,circuit,True,get_index,
qaoa_13_fake_fez,qaoa_13_circuit,qaoa,13,fake_fez,circuit,True,get_index,
qaoa_13_fake_kyiv,qaoa_13_circuit,qaoa,13,fake_kyiv,circuit,True,get_index,
qaoa_13_fake_marrakesh,qaoa_13_circuit,qaoa,13,fake_marrakesh,circuit,True,get_index,
qaoa_13_fake_sherbrooke,qaoa_13_circuit,qaoa,13,fake_sherbrooke,circuit,True,get_index,
qaoa_13_fake_torino,qaoa_13_circuit,qaoa,13,fake_torino,circuit,True,get_index,
qaoa_14_fake_fez,qaoa_14_circuit,qaoa,14,fake_fez,circuit,True,get_index,
qaoa_14_fake_kyiv,qaoa_14_circuit,qaoa,14,fake_kyiv,circuit,True,get_index,
qaoa_14_fake_marrakesh,qaoa_14_circuit,qaoa,14,fake_marrakesh,circuit,True,get_index,
qaoa_14_fake_sherbrooke,qaoa_14_circuit,qaoa,14,fake_sherbrooke,circuit,True,get_index,
qaoa_14_fake_torino,qaoa_14_circuit,qaoa,14,fake_torino,circuit,True,get_index,
qaoa_15_fake_fez,qaoa_15_circuit,qaoa,15,fake_fez,circuit,True,get_index,
qaoa_15_fake_kyiv,qaoa_15_circuit,qaoa,15,fake_kyiv,circuit,True,get_index,
qaoa_15_fake_marrakesh,qaoa_15_circuit,qaoa,15,fake_marrakesh,circuit,True,get_index,
qaoa_15_fake_sherbrooke,qaoa_15_circuit,qaoa,15,fake_sherbrooke,circuit,True,get_index,
qaoa_15_fake_torino,qaoa_15_circuit,qaoa,15,fake_torino,circuit,True,get_index,
qft_4_fake_fez,qft_4_circuit,qft,4,fake_fez,circuit,True,get_index,
qft_4_fake_kyiv,qft_4_circuit,qft,4,fake_kyiv,circuit,True,get_index,
qft_4_fake_marrakesh,qft_4_circuit,qft,4,fake_marrakesh,circuit,True,get_index,
qft_4_fake_sherbrooke,qft_4_circuit,qft,4,fake_sherbrooke,circuit,True,get_index,
qft_4_fake_torino,qft_4_circuit,qft,4,fake_torino,circuit,True,get_index,
qft_5_fake_fez,qft_5_circuit,qft,5,fake_fez,circuit,True,get_index,
qft_5_fake_kyiv,qft_5_circuit,qft,5,fake_kyiv,circuit,True,get_index,
qft_5_fake_marrakesh,qft_5_circuit,qft,5,fake_marrakesh,circuit,True,get_index,
qft_5_fake_sherbrooke,qft_5_circuit,qft,5,fake_sherbrooke,circuit,True,get_index,
qft_5_fake_torino,qft_5_circuit,qft,5,fake_torino,circuit,True,get_index,
qft_6_fake_fez,qft_6_circuit,qft,6,fake_fez,circuit,True,get_index,
qft_6_fake_kyiv,qft_6_circuit,qft,6,fake_kyiv,circuit,True,get_index,
qft_6_fake_marrakesh,qft_6_circuit,qft,6,fake_marrakesh,circuit,True,get_index,
qft_6_fake_sherbrooke,qft_6_circuit,qft,6,fake_sherbrooke,circuit,True,get_index,
qft_6_fake_torino,qft_6_circuit,qft,6,fake_torino,circuit,True,get_index,
qft_7_fake_fez,qft_7_circuit,qft,7,fake_fez,circuit,True,get_index,
qft_7_fake_kyiv,qft_7_circuit,qft,7,fake_kyiv,circuit,True,get_index,
qft_7_fake_marrakesh,qft_7_circuit,qft,7,fake_marrakesh,circuit,True,get_index,
qft_7_fake_sherbrooke,qft_7_circuit,qft,7,fake_sherbrooke,circuit,True,get_index,
qft_7_fake_torino,qft_7_circuit,qft,7,fake_torino,circuit,True,get_index,
qft_8_fake_fez,qft_8_circuit,qft,8,fake_fez,circuit,True,get_index,
qft_8_fake_kyiv,qft_8_circuit,qft,8,fake_kyiv,circuit,True,get_index,
qft_8_fake_marrakesh,qft_8_circuit,qft,8,fake_marrakesh,circuit,True,get_index,
qft_8_fake_sherbrooke,qft_8_circuit,qft,8,fake_sherbrooke,circuit,True,get_index,
qft_8_fake_torino,qft_8_circuit,qft,8,fake_torino,circuit,True,get_index,
qft_9_fake_fez,qft_9_circuit,qft,9,fake_fez,circuit,True,get_index,
qft_9_fake_kyiv,qft_9_circuit,qft,9,fake_kyiv,circuit,True,get_index,
qft_9_fake_marrakesh,qft_9_circuit,qft,9,fake_marrakesh,circuit,True,get_index,
qft_9_fake_sherbrooke,qft_9_circuit,qft,9,fake_sherbrooke,circuit,True,get_index,
qft_9_fake_torino,qft_9_circuit,qft,9,fake_torino,circuit,True,get_index,
qft_10_fake_fez,qft_10_circuit,qft,10,fake_fez,circuit,True,get_index,
qft_10_fake_kyiv,qft_10_circuit,qft,10,fake_kyiv,circuit,True,get_index,
qft_10_fake_marrakesh,qft_10_circuit,qft,10,fake_marrakesh,circuit,True,get_index,
qft_10_fake_sherbrooke,qft_10_circuit,qft,10,fake_sherbrooke,circuit,True,get_index,
qft_10_fake_torino,qft_10_circuit,qft,10,fake_torino,circuit,True,get_index,
qft_11_fake_fez,qft_11_circuit,qft,11,fake_fez,circuit,True,get_index,
qft_11_fake_kyiv,qft_11_circuit,qft,11,fake_kyiv,circuit,True,get_index,
qft_11_fake_marrakesh,qft_11_circuit,qft,11,fake_marrakesh,circuit,True,get_index,
qft_11_fake_sherbrooke,qft_11_circuit,qft,11,fake_sherbrooke,circuit,True,get_index,
qft_11_fake_torino,qft_11_circuit,qft,11,fake_torino,circuit,True,get_index,
qft_12_fake_fez,qft_12_circuit,qft,12,fake_fez,circuit,True,get_index,
qft_12_fake_kyiv,qft_12_circuit,qft,12,fake_kyiv,circuit,True,get_index,
qft_12_fake_marrakesh,qft_12_circuit,qft,12,fake_marrakesh,circuit,True,get_index,
qft_12_fake_sherbrooke,qft_12_circuit,qft,12,fake_sherbrooke,circuit,True,get_index,
qft_12_fake_torino,qft_12_circuit,qft,12,fake_torino,circuit,True,get_index,
qft_13_fake_fez,qft_13_circuit,qft,13,fake_fez,circuit,True,get_index,
qft_13_fake_kyiv,qft_13_circuit,qft,13,fake_kyiv,circuit,True,get_index,
qft_13_fake_marrakesh,qft_13_circuit,qft,13,fake_marrakesh,circuit,True,get_index,
qft_13_fake_sherbrooke,qft_13_circuit,qft,13,fake_sherbrooke,circuit,True,get_index,
qft_13_fake_torino,qft_13_circuit,qft,13,fake_torino,circuit,True,get_index,
qft_14_fake_fez,qft_14_circuit,qft,14,fake_fez,circuit,True,get_index,
qft_14_fake_kyiv,qft_14_circuit,qft,14,fake_kyiv,circuit,True,get_index,
qft_14_fake_marrakesh,qft_14_circuit,qft,14,fake_marrakesh,circuit,True,get_index,
qft_14_fake_sherbrooke,qft_14_circuit,qft,14,fake_sherbrooke,circuit,True,get_index,
qft_14_fake_torino,qft_14_circuit,qft,14,fake_torino,circuit,True,get_index,
qft_15_fake_fez,qft_15_circuit,qft,15,fake_fez,circuit,True,get_index,
qft_15_fake_kyiv,qft_15_circuit,qft,15,fake_kyiv,circuit,True,get_index,
qft_15_fake_marrakesh,qft_15_circuit,qft,15,fake_marrakesh,circuit,True,get_index,
qft_15_fake_sherbrooke,qft_15_circuit,qft,15,fake_sherbrooke,circuit,True,get_index,
qft_15_fake_torino,qft_15_circuit,qft,15,fake_torino,circuit,True,get_index,
qnn_4_fake_fez,qnn_4_circuit,qnn,4,fake_fez,circuit,True,get_index,
qnn_4_fake_kyiv,qnn_4_circuit,qnn,4,fake_kyiv,circuit,True,get_index,
qnn_4_fake_marrakesh,qnn_4_circuit,qnn,4,fake_marrakesh,circuit,True,get_index,
qnn_4_fake_sherbrooke,qnn_4_circuit,qnn,4,fake_sherbrooke,circuit,True,get_index,
qnn_4_fake_torino,qnn_4_circuit,qnn,4,fake_torino,circuit,True,get_index,
qnn_5_fake_fez,qnn_5_circuit,qnn,5,fake_fez,circuit,True,get_index,
qnn_5_fake_kyiv,qnn_5_circuit,qnn,5,fake_kyiv,circuit,True,get_index,
qnn_5_fake_marrakesh,qnn_5_circuit,qnn,5,fake_marrakesh,circuit,True,get_index,
qnn_5_fake_sherbrooke,qnn_5_circuit,qnn,5,fake_sherbrooke,circuit,True,get_index,
qnn_5_fake_torino,qnn_5_circuit,qnn,5,fake_torino,circuit,True,get_index,
qnn_6_fake_fez,qnn_6_circuit,qnn,6,fake_fez,circuit,True,get_index,
qnn_6_fake_kyiv,qnn_6_circuit,qnn,6,fake_kyiv,circuit,True,get_index,
qnn_6_fake_marrakesh,qnn_6_circuit,qnn,6,fake_marrakesh,circuit,True,get_index,
qnn_6_fake_sherbrooke,qnn_6_circuit,qnn,6,fake_sherbrooke,circuit,True,get_index,
qnn_6_fake_torino,qnn_6_circuit,qnn,6,fake_torino,circuit,True,get_index,
qnn_7_fake_fez,qnn_7_circuit,qnn,7,fake_fez,circuit,True,get_index,
qnn_7_fake_kyiv,qnn_7_circuit,qnn,7,fake_kyiv,circuit,True,get_index,
qnn_7_fake_marrakesh,qnn_7_circuit,qnn,7,fake_marrakesh,circuit,True,get_index,
qnn_7_fake_sherbrooke,qnn_7_circuit,qnn,7,fake_sherbrooke,circuit,True,get_index,
qnn_7_fake_torino,qnn_7_circuit,qnn,7,fake_torino,circuit,True,get_index,
qnn_8_fake_fez,qnn_8_circuit,qnn,8,fake_fez,circuit,True,get_index,
qnn_8_fake_kyiv,qnn_8_circuit,qnn,8,fake_kyiv,circuit,True,get_index,
qnn_8_fake_marrakesh,qnn_8_circuit,qnn,8,fake_marrakesh,circuit,True,get_index,
qnn_8_fake_sherbrooke,qnn_8_circuit,qnn,8,fake_sherbrooke,circuit,True,get_index,
qnn_8_fake_torino,qnn_8_circuit,qnn,8,fake_torino,circuit,True,get_index,
qnn_9_fake_fez,qnn_9_circuit,qnn,9,fake_fez,circuit,True,get_index,
qnn_9_fake_kyiv,qnn_9_circuit,qnn,9,fake_kyiv,circuit,True,get_index,
qnn_9_fake_marrakesh,qnn_9_circuit,qnn,9,fake_marrakesh,circuit,True,get_index,
qnn_9_fake_sherbrooke,qnn_9_circuit,qnn,9,fake_sherbrooke,circuit,True,get_index,
qnn_9_fake_torino,qnn_9_circuit,qnn,9,fake_torino,circuit,True,get_index,
qnn_10_fake_fez,qnn_10_circuit,qnn,10,fake_fez,circuit,True,get_index,
qnn_10_fake_kyiv,qnn_10_circuit,qnn,10,fake_kyiv,circuit,True,get_index,
qnn_10_fake_marrakesh,qnn_10_circuit,qnn,10,fake_marrakesh,circuit,True,get_index,
qnn_10_fake_sherbrooke,qnn_10_circuit,qnn,10,fake_sherbrooke,circuit,True,get_index,
qnn_10_fake_torino,qnn_10_circuit,qnn,10,fake_torino,circuit,True,get_index,
qnn_11_fake_fez,qnn_11_circuit,qnn,11,fake_fez,circuit,True,get_index,
qnn_11_fake_kyiv,qnn_11_circuit,qnn,11,fake_kyiv,circuit,True,get_index,
qnn_11_fake_marrakesh,qnn_11_circuit,qnn,11,fake_marrakesh,circuit,True,get_index,
qnn_11_fake_sherbrooke,qnn_11_circuit,qnn,11,fake_sherbrooke,circuit,True,get_index,
qnn_11_fake_torino,qnn_11_circuit,qnn,11,fake_torino,circuit,True,get_index,
qnn_12_fake_fez,qnn_12_circuit,qnn,12,fake_fez,circuit,True,get_index,
qnn_12_fake_kyiv,qnn_12_circuit,qnn,12,fake_kyiv,circuit,True,get_index,
qnn_12_fake_marrakesh,qnn_12_circuit,qnn,12,fake_marrakesh,circuit,True,get_index,
qnn_12_fake_sherbrooke,qnn_12_circuit,qnn,12,fake_sherbrooke,circuit,True,get_index,
qnn_12_fake_torino,qnn_12_circuit,qnn,12,fake_torino,circuit,True,get_index,
qnn_13_fake_fez,qnn_13_circuit,qnn,13,fake_fez,circuit,True,get_index,
qnn_13_fake_kyiv,qnn_13_circuit,qnn,13,fake_kyiv,circuit,True,get_index,
qnn_13_fake_marrakesh,qnn_13_circuit,qnn,13,fake_marrakesh,circuit,True,get_index,
qnn_13_fake_sherbrooke,qnn_13_circuit,qnn,13,fake_sherbrooke,circuit,True,get_index,
qnn_13_fake_torino,qnn_13_circuit,qnn,13,fake_torino,circuit,True,get_index,
qnn_14_fake_fez,qnn_14_circuit,qnn,14,fake_fez,circuit,True,get_index,
qnn_14_fake_kyiv,qnn_14_circuit,qnn,14,fake_kyiv,circuit,True,get_index,
qnn_14_fake_marrakesh,qnn_14_circuit,qnn,14,fake_marrakesh,circuit,True,get_index,
qnn_14_fake_sherbrooke,qnn_14_circuit,qnn,14,fake_sherbrooke,circuit,True,get_index,
qnn_14_fake_torino,qnn_14_circuit,qnn,14,fake_torino,circuit,True,get_index,
qnn_15_fake_fez,qnn_15_circuit,qnn,15,fake_fez,circuit,True,get_index,
qnn_15_fake_kyiv,qnn_15_circuit,qnn,15,fake_kyiv,circuit,True,get_index,
qnn_15_fake_marrakesh,qnn_15_circuit,qnn,15,fake_marrakesh,circuit,True,get_index,
qnn_15_fake_sherbrooke,qnn_15_circuit,qnn,15,fake_sherbrooke,circuit,True,get_index,
qnn_15_fake_torino,qnn_15_circuit,qnn,15,fake_torino,circuit,True,get_index,
random_4_fake_fez,random_4_circuit,random,4,fake_fez,circuit,True,get_index,
random_4_fake_kyiv,random_4_circuit,random,4,fake_kyiv,circuit,True,get_index,
random_4_fake_marrakesh,random_4_circuit,random,4,fake_marrakesh,circuit,True,get_index,
random_4_fake_sherbrooke,random_4_circuit,random,4,fake_sherbrooke,circuit,True,get_index,
random_4_fake_torino,random_4_circuit,random,4,fake_torino,circuit,True,get_index,
random_5_fake_fez,random_5_circuit,random,5,fake_fez,circuit,True,get_index,
random_5_fake_kyiv,random_5_circuit,random,5,fake_kyiv,circuit,True,get_index,
random_5_fake_marrakesh,random_5_circuit,random,5,fake_marrakesh,circuit,True,get_index,
random_5_fake_sherbrooke,random_5_circuit,random,5,fake_sherbrooke,circuit,True,get_index,
random_5_fake_torino,random_5_circuit,random,5,fake_torino,circuit,True,get_index,
random_6_fake_fez,random_6_circuit,random,6,fake_fez,circuit,True,get_index,
random_6_fake_kyiv,random_6_circuit,random,6,fake_kyiv,circuit,True,get_index,
random_6_fake_marrakesh,random_6_circuit,random,6,fake_marrakesh,circuit,True,get_index,
random_6_fake_sherbrooke,random_6_circuit,random,6,fake_sherbrooke,circuit,True,get_index,
random_6_fake_torino,random_6_circuit,random,6,fake_torino,circuit,True,get_index,
random_7_fake_fez,random_7_circuit,random,7,fake_fez,circuit,True,get_index,
random_7_fake_kyiv,random_7_circuit,random,7,fake_kyiv,circuit,True,get_index,
random_7_fake_marrakesh,random_7_circuit,random,7,fake_marrakesh,circuit,True,get_index,
random_7_fake_sherbrooke,random_7_circuit,random,7,fake_sherbrooke,circuit,True,get_index,
random_7_fake_torino,random_7_circuit,random,7,fake_torino,circuit,True,get_index,
random_8_fake_fez,random_8_circuit,random,8,fake_fez,circuit,True,get_index,
random_8_fake_kyiv,random_8_circuit,random,8,fake_kyiv,circuit,True,get_index,
random_8_fake_marrakesh,random_8_circuit,random,8,fake_marrakesh,circuit,True,get_index,
random_8_fake_sherbrooke,random_8_circuit,random,8,fake_sherbrooke,circuit,True,get_index,
random_8_fake_torino,random_8_circuit,random,8,fake_torino,circuit,True,get_index,
random_9_fake_fez,random_9_circuit,random,9,fake_fez,circuit,True,get_index,
random_9_fake_kyiv,random_9_circuit,random,9,fake_kyiv,circuit,True,get_index,
random_9_fake_marrakesh,random_9_circuit,random,9,fake_marrakesh,circuit,True,get_index,
random_9_fake_sherbrooke,random_9_circuit,random,9,fake_sherbrooke,circuit,True,get_index,
random_9_fake_torino,random_9_circuit,random,9,fake_torino,circuit,True,get_index,
random_10_fake_fez,random_10_circuit,random,10,fake_fez,circuit,True,get_index,
random_10_fake_kyiv,random_10_circuit,random,10,fake_kyiv,circuit,True,get_index,
random_10_fake_marrakesh,random_10_circuit,random,10,fake_marrakesh,circuit,True,get_index,
random_10_fake_sherbrooke,random_10_circuit,random,10,fake_sherbrooke,circuit,True,get_index,
random_10_fake_torino,random_10_circuit,random,10,fake_torino,circuit,True,get_index,
random_11_fake_fez,random_11_circuit,random,11,fake_fez,circuit,True,get_index,
random_11_fake_kyiv,random_11_circuit,random,11,fake_kyiv,circuit,True,get_index,
random_11_fake_marrakesh,random_11_circuit,random,11,fake_marrakesh,circuit,True,get_index,
random_11_fake_sherbrooke,random_11_circuit,random,11,fake_sherbrooke,circuit,True,get_index,
random_11_fake_torino,random_11_circuit,random,11,fake_torino,circuit,True,get_index,
random_12_fake_fez,random_12_circuit,random,12,fake_fez,circuit,True,get_index,
random_12_fake_kyiv,random_12_circuit,random,12,fake_kyiv,circuit,True,get_index,
random_12_fake_marrakesh,random_12_circuit,random,12,fake_marrakesh,circuit,True,get_index,
random_12_fake_sherbrooke,random_12_circuit,random,12,fake_sherbrooke,circuit,True,get_index,
random_12_fake_torino,random_12_circuit,random,12,fake_torino,circuit,True,get_index,
random_13_fake_fez,random_13_circuit,random,13,fake_fez,circuit,True,get_index,
random_13_fake_kyiv,random_13_circuit,random,13,fake_kyiv,circuit,True,get_index,
random_13_fake_marrakesh,random_13_circuit,random,13,fake_marrakesh,circuit,True,get_index,
random_13_fake_sherbrooke,random_13_circuit,random,13,fake_sherbrooke,circuit,True,get_index,
random_13_fake_torino,random_13_circuit,random,13,fake_torino,circuit,True,get_index,
random_14_fake_fez,random_14_circuit,random,14,fake_fez,circuit,True,get_index,
random_14_fake_kyiv,random_14_circuit,random,14,fake_kyiv,circuit,True,get_index,
random_14_fake_marrakesh,random_14_circuit,random,14,fake_marrakesh,circuit,True,get_index,
random_14_fake_sherbrooke,random_14_circuit,random,14,fake_sherbrooke,circuit,True,get_index,
random_14_fake_torino,random_14_circuit,random,14,fake_torino,circuit,True,get_index,
random_15_fake_fez,random_15_circuit,random,15,fake_fez,circuit,True,get_index,
random_15_fake_kyiv,random_15_circuit,random,15,fake_kyiv,circuit,True,get_index,
random_15_fake_marrakesh,random_15_circuit,random,15,fake_marrakesh,circuit,True,get_index,
random_15_fake_sherbrooke,random_15_circuit,random,15,fake_sherbrooke,circuit,True,get_index,
random_15_fake_torino,random_15_circuit,random,15,fake_torino,circuit,True,get_index,
vqe_4_fake_fez,vqe_4_circuit,vqe,4,fake_fez,circuit,True,get_index,
vqe_4_fake_kyiv,vqe_4_circuit,vqe,4,fake_kyiv,circuit,True,get_index,
vqe_4_fake_marrakesh,vqe_4_circuit,vqe,4,fake_marrakesh,circuit,True,get_index,
vqe_4_fake_sherbrooke,vqe_4_circuit,vqe,4,fake_sherbrooke,circuit,True,get_index,
vqe_4_fake_torino,vqe_4_circuit,vqe,4,fake_torino,circuit,True,get_index,
vqe_5_fake_fez,vqe_5_circuit,vqe,5,fake_fez,circuit,True,get_index,
vqe_5_fake_kyiv,vqe_5_circuit,vqe,5,fake_kyiv,circuit,True,get_index,
vqe_5_fake_marrakesh,vqe_5_circuit,vqe,5,fake_marrakesh,circuit,True,get_index,
vqe_5_fake_sherbrooke,vqe_5_circuit,vqe,5,fake_sherbrooke,circuit,True,get_index,
vqe_5_fake_torino,vqe_5_circuit,vqe,5,fake_torino,circuit,True,get_index,
vqe_6_fake_fez,vqe_6_circuit,vqe,6,fake_fez,circuit,True,get_index,
vqe_6_fake_kyiv,vqe_6_circuit,vqe,6,fake_kyiv,circuit,True,get_index,
vqe_6_fake_marrakesh,vqe_6_circuit,vqe,6,fake_marrakesh,circuit,True,get_index,
vqe_6_fake_sherbrooke,vqe_6_circuit,vqe,6,fake_sherbrooke,circuit,True,get_index,
vqe_6_fake_torino,vqe_6_circuit,vqe,6,fake_torino,circuit,True,get_index,
vqe_7_fake_fez,vqe_7_circuit,vqe,7,fake_fez,circuit,True,get_index,
vqe_7_fake_kyiv,vqe_7_circuit,vqe,7,fake_kyiv,circuit,True,get_index,
vqe_7_fake_marrakesh,vqe_7_circuit,vqe,7,fake_marrakesh,circuit,True,get_index,
vqe_7_fake_sherbrooke,vqe_7_circuit,vqe,7,fake_sherbrooke,circuit,True,get_index,
vqe_7_fake_torino,vqe_7_circuit,vqe,7,fake_torino,circuit,True,get_index,
vqe_8_fake_fez,vqe_8_circuit,vqe,8,fake_fez,circuit,True,get_index,
vqe_8_fake_kyiv,vqe_8_circuit,vqe,8,fake_kyiv,circuit,True,get_index,
vqe_8_fake_marrakesh,vqe_8_circuit,vqe,8,fake_marrakesh,circuit,True,get_index,
vqe_8_fake_sherbrooke,vqe_8_circuit,vqe,8,fake_sherbrooke,circuit,True,get_index,
vqe_8_fake_torino,vqe_8_circuit,vqe,8,fake_torino,circuit,True,get_index,
vqe_9_fake_fez,vqe_9_circuit,vqe,9,fake_fez,circuit,True,get_index,
vqe_9_fake_kyiv,vqe_9_circuit,vqe,9,fake_kyiv,circuit,True,get_index,
vqe_9_fake_marrakesh,vqe_9_circuit,vqe,9,fake_marrakesh,circuit,True,get_index,
vqe_9_fake_sherbrooke,vqe_9_circuit,vqe,9,fake_sherbrooke,circuit,True,get_index,
vqe_9_fake_torino,vqe_9_circuit,vqe,9,fake_torino,circuit,True,get_index,
vqe_10_fake_fez,vqe_10_circuit,vqe,10,fake_fez,circuit,True,get_index,
vqe_10_fake_kyiv,vqe_10_circuit,vqe,10,fake_kyiv,circuit,True,get_index,
vqe_10_fake_marrakesh,vqe_10_circuit,vqe,10,fake_marrakesh,circuit,True,get_index,
vqe_10_fake_sherbrooke,vqe_10_circuit,vqe,10,fake_sherbrooke,circuit,True,get_index,
vqe_10_fake_torino,vqe_10_circuit,vqe,10,fake_torino,circuit,True,get_index,
vqe_11_fake_fez,vqe_11_circuit,vqe,11,fake_fez,circuit,True,get_index,
vqe_11_fake_kyiv,vqe_11_circuit,vqe,11,fake_kyiv,circuit,True,get_index,
vqe_11_fake_marrakesh,vqe_11_circuit,vqe,11,fake_marrakesh,circuit,True,get_index,
vqe_11_fake_sherbrooke,vqe_11_circuit,vqe,11,fake_sherbrooke,circuit,True,get_index,
vqe_11_fake_torino,vqe_11_circuit,vqe,11,fake_torino,circuit,True,get_index,
vqe_12_fake_fez,vqe_12_circuit,vqe,12,fake_fez,circuit,True,get_index,
vqe_12_fake_kyiv,vqe_12_circuit,vqe,12,fake_kyiv,circuit,True,get_index,
vqe_12_fake_marrakesh,vqe_12_circuit,vqe,12,fake_marrakesh,circuit,True,get_index,
vqe_12_fake_sherbrooke,vqe_12_circuit,vqe,12,fake_sherbrooke,circuit,True,get_index,
vqe_12_fake_torino,vqe_12_circuit,vqe,12,fake_torino,circuit,True,get_index,
vqe_13_fake_fez,vqe_13_circuit,vqe,13,fake_fez,circuit,True,get_index,
vqe_13_fake_kyiv,vqe_13_circuit,vqe,13,fake_kyiv,circuit,True,get_index,
vqe_13_fake_marrakesh,vqe_13_circuit,vqe,13,fake_marrakesh,circuit,True,get_index,
vqe_13_fake_sherbrooke,vqe_13_circuit,vqe,13,fake_sherbrooke,circuit,True,get_index,
vqe_13_fake_torino,vqe_13_circuit,vqe,13,fake_torino,circuit,True,get_index,
vqe_14_fake_fez,vqe_14_circuit,vqe,14,fake_fez,circuit,True,get_index,
vqe_14_fake_kyiv,vqe_14_circuit,vqe,14,fake_kyiv,circuit,True,get_index,
vqe_14_fake_marrakesh,vqe_14_circuit,vqe,14,fake_marrakesh,circuit,True,get_index,
vqe_14_fake_sherbrooke,vqe_14_circuit,vqe,14,fake_sherbrooke,circuit,True,get_index,
vqe_14_fake_torino,vqe_14_circuit,vqe,14,fake_torino,circuit,True,get_index,
vqe_15_fake_fez,vqe_15_circuit,vqe,15,fake_fez,circuit,True,get_index,
vqe_15_fake_kyiv,vqe_15_circuit,vqe,15,fake_kyiv,circuit,True,get_index,
vqe_15_fake_marrakesh,vqe_15_circuit,vqe,15,fake_marrakesh,circuit,True,get_index,
vqe_15_fake_sherbrooke,vqe_15_circuit,vqe,15,fake_sherbrooke,circuit,True,get_index,
vqe_15_fake_torino,vqe_15_circuit,vqe,15,fake_torino,circuit,True,get_index,
