trace_id,algorithm,size,backend,tvd_1000,tvd_2500,tvd_5000,tvd_10000,tvd_15000,tvd_18000,tvd_20000,bound_tau,bound_delta,n_empirical_tau,n_hoeffding,n_weissman,alpha_hoeffding,alpha_weissman,empirical_target_reached_by_fixed_budget
dj_4_fake_fez,dj,4,fake_fez,0.0064,0.0041,0.00295,0.0015,0.0004666666666666,0.00045,0.0,0.05,0.05,1000.0,82707,2818,0.012090875016624952,0.35486160397445,True
dj_4_fake_kyiv,dj,4,fake_kyiv,0.0154499999999999,0.00425,0.0024499999999999,0.0017499999999999,0.0012166666666666,0.0006611111111111,0.0,0.05,0.05,1000.0,82707,2818,0.012090875016624952,0.35486160397445,True
dj_4_fake_marrakesh,dj,4,fake_marrakesh,0.0084,0.0016499999999999,0.0032499999999999,0.0013499999999999,0.0004833333333333,0.0002833333333333,0.0,0.05,0.05,1000.0,82707,2818,0.012090875016624952,0.35486160397445,True
dj_4_fake_sherbrooke,dj,4,fake_sherbrooke,0.0063999999999999,0.0056,0.00495,0.004,0.00175,0.0004833333333333,0.0,0.05,0.05,1000.0,82707,2818,0.012090875016624952,0.35486160397445,True
dj_4_fake_torino,dj,4,fake_torino,0.0076999999999999,0.0083499999999999,0.0053499999999999,0.0036999999999999,0.0013333333333333,0.0007833333333333,0.0,0.05,0.05,1000.0,82707,2818,0.012090875016624952,0.35486160397445,True
dj_6_fake_fez,dj,6,fake_fez,0.0194,0.0114999999999999,0.0065999999999999,0.0032,0.0022,0.0015166666666666,0.0,0.05,0.05,1000.0,1607222,9472,0.000622191582743392,0.10557432432432433,True
dj_6_fake_kyiv,dj,6,fake_kyiv,0.0154,0.01205,0.0065499999999999,0.0053999999999999,0.0026999999999999,0.0020055555555555,0.0,0.05,0.05,1000.0,1607222,9472,0.000622191582743392,0.10557432432432433,True
dj_6_fake_marrakesh,dj,6,fake_marrakesh,0.0146999999999999,0.0074499999999999,0.00465,0.0032,0.0013333333333333,0.00105,0.0,0.05,0.05,1000.0,1607222,9472,0.000622191582743392,0.10557432432432433,True
dj_6_fake_sherbrooke,dj,6,fake_sherbrooke,0.0242999999999999,0.0130999999999999,0.0122499999999999,0.00655,0.0043833333333333,0.0017444444444444,0.0,0.05,0.05,1000.0,1607222,9472,0.000622191582743392,0.10557432432432433,True
dj_6_fake_torino,dj,6,fake_torino,0.02285,0.0107499999999999,0.0085,0.00475,0.0032166666666666,0.0023944444444444,0.0,0.05,0.05,1000.0,1607222,9472,0.000622191582743392,0.10557432432432433,True
dj_8_fake_fez,dj,8,fake_fez,0.02905,0.0172,0.0090999999999999,0.0053999999999999,0.0035,0.0019277777777777,0.0,0.05,0.05,1000.0,30258158,36089,3.304893840530544e-05,0.02770927429410624,True
dj_8_fake_kyiv,dj,8,fake_kyiv,0.0448999999999999,0.0384499999999999,0.01835,0.0091499999999999,0.0058499999999999,0.0032833333333333,0.0,0.05,0.05,1000.0,30258158,36089,3.304893840530544e-05,0.02770927429410624,True
dj_8_fake_marrakesh,dj,8,fake_marrakesh,0.0169,0.0136,0.00825,0.0045,0.00275,0.002361111111111,0.0,0.05,0.05,1000.0,30258158,36089,3.304893840530544e-05,0.02770927429410624,True
dj_8_fake_sherbrooke,dj,8,fake_sherbrooke,0.0346,0.0241,0.0201,0.01195,0.00485,0.0025444444444444,0.0,0.05,0.05,1000.0,30258158,36089,3.304893840530544e-05,0.02770927429410624,True
dj_8_fake_torino,dj,8,fake_torino,0.03025,0.0213,0.0183,0.0089,0.0046666666666666,0.0032222222222222,0.0,0.05,0.05,1000.0,30258158,36089,3.304893840530544e-05,0.02770927429410624,True
dj_10_fake_fez,dj,10,fake_fez,0.0389999999999999,0.02545,0.0153499999999999,0.0092,0.0050333333333333,0.002361111111111,0.0,0.05,0.05,1000.0,556812273,142556,1.7959374253950756e-06,0.007014787171357221,True
dj_10_fake_kyiv,dj,10,fake_kyiv,0.0686999999999998,0.0416999999999998,0.02695,0.01635,0.0101,0.0048,0.0,0.05,0.05,2500.0,556812273,142556,4.489843563487689e-06,0.017536967928393054,True
dj_10_fake_marrakesh,dj,10,fake_marrakesh,0.0365999999999999,0.02335,0.01615,0.0096999999999999,0.0050166666666666,0.0028222222222222,0.0,0.05,0.05,1000.0,556812273,142556,1.7959374253950756e-06,0.007014787171357221,True
dj_10_fake_sherbrooke,dj,10,fake_sherbrooke,0.0502999999999998,0.0384999999999998,0.02485,0.0143,0.0079666666666667,0.0053333333333333,0.0,0.05,0.05,2500.0,556812273,142556,4.489843563487689e-06,0.017536967928393054,True
dj_10_fake_torino,dj,10,fake_torino,0.0548499999999999,0.0465999999999999,0.02865,0.0142,0.00815,0.0047888888888889,0.0,0.05,0.05,2500.0,556812273,142556,4.489843563487689e-06,0.017536967928393054,True
dj_12_fake_fez,dj,12,fake_fez,0.0524999999999998,0.0333,0.0217,0.01395,0.0079499999999999,0.0040777777777777,0.0,0.05,0.05,2500.0,10071904351,568426,2.482152245371338e-07,0.004398109868302998,True
dj_12_fake_kyiv,dj,12,fake_kyiv,0.0831999999999995,0.0528499999999997,0.0357499999999998,0.02125,0.0142166666666666,0.00785,0.0,0.05,0.05,5000.0,10071904351,568426,4.964304490742676e-07,0.008796219736605996,True
dj_12_fake_marrakesh,dj,12,fake_marrakesh,0.0394499999999998,0.02725,0.0184,0.0116,0.0059666666666666,0.0035444444444444,0.0,0.05,0.05,1000.0,10071904351,568426,9.928608981485353e-08,0.0017592439473211993,True
dj_12_fake_sherbrooke,dj,12,fake_sherbrooke,0.0889499999999994,0.0490999999999998,0.0365999999999998,0.0216,0.0135833333333333,0.0065833333333333,0.0,0.05,0.05,2500.0,10071904351,568426,2.482152245371338e-07,0.004398109868302998,True
dj_12_fake_torino,dj,12,fake_torino,0.0823499999999995,0.0506499999999997,0.0376499999999997,0.0229,0.0122499999999999,0.0069666666666666,0.0,0.05,0.05,5000.0,10071904351,568426,4.964304490742676e-07,0.008796219736605996,True
dj_14_fake_fez,dj,14,fake_fez,0.0806499999999996,0.0449499999999997,0.0288,0.0202,0.0105166666666666,0.0043999999999999,0.0,0.05,0.05,2500.0,179756997562,2271904,1.3907664424233193e-08,0.001100398608391904,True
dj_14_fake_kyiv,dj,14,fake_kyiv,0.138249999999999,0.0919999999999993,0.0558499999999995,0.0291000000000001,0.0166666666666667,0.0088499999999999,0.0,0.05,0.05,10000.0,179756997562,2271904,5.563065769693277e-08,0.004401594433567616,True
dj_14_fake_marrakesh,dj,14,fake_marrakesh,0.0632499999999998,0.0478999999999998,0.02705,0.0152,0.0090166666666666,0.0046166666666666,0.0,0.05,0.05,2500.0,179756997562,2271904,1.3907664424233193e-08,0.001100398608391904,True
dj_14_fake_sherbrooke,dj,14,fake_sherbrooke,0.0934499999999993,0.0630499999999995,0.0458499999999996,0.0293500000000001,0.0144166666666667,0.0086277777777777,0.0,0.05,0.05,5000.0,179756997562,2271904,2.7815328848466385e-08,0.002200797216783808,True
dj_14_fake_torino,dj,14,fake_torino,0.1059999999999993,0.0651499999999995,0.0451999999999995,0.0274000000000001,0.0141166666666667,0.0071722222222222,0.0,0.05,0.05,5000.0,179756997562,2271904,2.7815328848466385e-08,0.002200797216783808,True
qaoa_4_fake_fez,qaoa,4,fake_fez,0.0261999999999999,0.0154499999999999,0.0074,0.0065,0.0024833333333333,0.00195,0.0,0.05,0.05,1000.0,82707,2818,0.012090875016624952,0.35486160397445,True
qaoa_4_fake_kyiv,qaoa,4,fake_kyiv,0.0308999999999999,0.018,0.0096999999999999,0.0047499999999999,0.0028,0.0021944444444444,0.0,0.05,0.05,1000.0,82707,2818,0.012090875016624952,0.35486160397445,True
qaoa_4_fake_marrakesh,qaoa,4,fake_marrakesh,0.0177999999999999,0.0135,0.00615,0.00255,0.0010333333333333,0.0015888888888888,0.0,0.05,0.05,1000.0,82707,2818,0.012090875016624952,0.35486160397445,True
qaoa_4_fake_sherbrooke,qaoa,4,fake_sherbrooke,0.03895,0.0242999999999999,0.0138999999999999,0.01035,0.0043333333333333,0.0022944444444444,0.0,0.05,0.05,1000.0,82707,2818,0.012090875016624952,0.35486160397445,True
qaoa_4_fake_torino,qaoa,4,fake_torino,0.0235,0.0195,0.0055,0.0027,0.0028499999999999,0.0014555555555555,0.0,0.05,0.05,1000.0,82707,2818,0.012090875016624952,0.35486160397445,True
qaoa_6_fake_fez,qaoa,6,fake_fez,0.06125,0.036,0.0259999999999999,0.014,0.0070166666666666,0.0052833333333333,0.0,0.05,0.05,2500.0,1607222,9472,0.00155547895685848,0.2639358108108108,True
qaoa_6_fake_kyiv,qaoa,6,fake_kyiv,0.07735,0.0336,0.0238499999999999,0.0145999999999999,0.0094833333333333,0.0053333333333333,0.0,0.05,0.05,2500.0,1607222,9472,0.00155547895685848,0.2639358108108108,True
qaoa_6_fake_marrakesh,qaoa,6,fake_marrakesh,0.07135,0.03735,0.02335,0.0153499999999999,0.00915,0.0048555555555555,0.0,0.05,0.05,2500.0,1607222,9472,0.00155547895685848,0.2639358108108108,True
qaoa_6_fake_sherbrooke,qaoa,6,fake_sherbrooke,0.0833,0.0519499999999999,0.0295999999999999,0.01765,0.0091666666666666,0.0063611111111111,0.0,0.05,0.05,5000.0,1607222,9472,0.00311095791371696,0.5278716216216216,True
qaoa_6_fake_torino,qaoa,6,fake_torino,0.0778,0.0362,0.02905,0.0189999999999999,0.01005,0.0055833333333333,0.0,0.05,0.05,2500.0,1607222,9472,0.00155547895685848,0.2639358108108108,True
qaoa_8_fake_fez,qaoa,8,fake_fez,0.1321499999999999,0.0706499999999999,0.0503999999999999,0.02745,0.0163666666666666,0.0097888888888888,0.0,0.05,0.05,10000.0,30258158,36089,0.0003304893840530544,0.2770927429410624,True
qaoa_8_fake_kyiv,qaoa,8,fake_kyiv,0.1475499999999998,0.08515,0.05565,0.02885,0.0175,0.0106388888888888,0.0,0.05,0.05,10000.0,30258158,36089,0.0003304893840530544,0.2770927429410624,True
qaoa_8_fake_marrakesh,qaoa,8,fake_marrakesh,0.1149999999999998,0.0748499999999999,0.0462,0.02355,0.01635,0.0089055555555555,0.0,0.05,0.05,5000.0,30258158,36089,0.0001652446920265272,0.1385463714705312,True
qaoa_8_fake_sherbrooke,qaoa,8,fake_sherbrooke,0.1311999999999998,0.0797999999999999,0.0552499999999999,0.0295,0.0193,0.0103055555555555,0.0,0.05,0.05,10000.0,30258158,36089,0.0003304893840530544,0.2770927429410624,True
qaoa_8_fake_torino,qaoa,8,fake_torino,0.1232499999999999,0.0796999999999999,0.0525999999999999,0.0322,0.0185666666666666,0.0099111111111111,0.0,0.05,0.05,10000.0,30258158,36089,0.0003304893840530544,0.2770927429410624,True
qaoa_10_fake_fez,qaoa,10,fake_fez,0.243449999999999,0.1420999999999992,0.0955499999999995,0.0543999999999997,0.03185,0.0171166666666668,0.0,0.05,0.05,15000.0,556812273,142556,2.6939061380926133e-05,0.10522180757035832,True
qaoa_10_fake_kyiv,qaoa,10,fake_kyiv,0.2848499999999984,0.1812999999999984,0.1131499999999993,0.0628999999999997,0.0377999999999999,0.0219222222222223,0.0,0.05,0.05,15000.0,556812273,142556,2.6939061380926133e-05,0.10522180757035832,True
qaoa_10_fake_marrakesh,qaoa,10,fake_marrakesh,0.2376499999999992,0.1491999999999993,0.1015999999999996,0.0542499999999997,0.0332166666666666,0.0170000000000001,0.0,0.05,0.05,15000.0,556812273,142556,2.6939061380926133e-05,0.10522180757035832,True
qaoa_10_fake_sherbrooke,qaoa,10,fake_sherbrooke,0.2861499999999976,0.1781499999999979,0.1172499999999998,0.0704999999999996,0.0420499999999999,0.0236722222222223,0.0,0.05,0.05,15000.0,556812273,142556,2.6939061380926133e-05,0.10522180757035832,True
qaoa_10_fake_torino,qaoa,10,fake_torino,0.2506499999999982,0.1686499999999984,0.1128999999999993,0.0629499999999997,0.0355666666666666,0.0212166666666668,0.0,0.05,0.05,15000.0,556812273,142556,2.6939061380926133e-05,0.10522180757035832,True
qaoa_12_fake_fez,qaoa,12,fake_fez,0.2994999999999931,0.2041499999999955,0.1306999999999984,0.0803999999999986,0.046016666666666,0.0258944444444449,0.0,0.05,0.05,15000.0,10071904351,568426,1.4892913472228028e-06,0.026388659209817988,True
qaoa_12_fake_kyiv,qaoa,12,fake_kyiv,0.3908499999999899,0.2590499999999942,0.1828999999999957,0.1019999999999977,0.0584166666666656,0.032944444444445,0.0,0.05,0.05,18000.0,10071904351,568426,1.7871496166673635e-06,0.03166639105178159,True
qaoa_12_fake_marrakesh,qaoa,12,fake_marrakesh,0.2927499999999934,0.1936499999999958,0.1324999999999983,0.0772499999999987,0.0444833333333328,0.0235388888888893,0.0,0.05,0.05,15000.0,10071904351,568426,1.4892913472228028e-06,0.026388659209817988,True
qaoa_12_fake_sherbrooke,qaoa,12,fake_sherbrooke,0.3724999999999899,0.2369499999999955,0.1693999999999963,0.098049999999998,0.0549999999999991,0.0305555555555562,0.0,0.05,0.05,18000.0,10071904351,568426,1.7871496166673635e-06,0.03166639105178159,True
qaoa_12_fake_torino,qaoa,12,fake_torino,0.3734499999999898,0.2348999999999953,0.1602999999999969,0.091749999999998,0.0541833333333326,0.0302611111111118,0.0,0.05,0.05,18000.0,10071904351,568426,1.7871496166673635e-06,0.03166639105178159,True
qaoa_14_fake_fez,qaoa,14,fake_fez,0.3165999999999932,0.2108499999999939,0.1475999999999965,0.0892999999999972,0.0498166666666655,0.0263833333333342,0.0,0.05,0.05,15000.0,179756997562,2271904,8.344598654539915e-08,0.006602391650351423,True
qaoa_14_fake_kyiv,qaoa,14,fake_kyiv,0.4713999999999841,0.3307499999999869,0.2392999999999897,0.1380999999999936,0.0810999999999968,0.0424222222222225,0.0,0.05,0.05,18000.0,179756997562,2271904,1.0013518385447898e-07,0.007922869980421708,True
qaoa_14_fake_marrakesh,qaoa,14,fake_marrakesh,0.2994999999999932,0.2131999999999943,0.1454499999999965,0.0882499999999974,0.0475666666666657,0.0262388888888896,0.0,0.05,0.05,15000.0,179756997562,2271904,8.344598654539915e-08,0.006602391650351423,True
qaoa_14_fake_sherbrooke,qaoa,14,fake_sherbrooke,0.516449999999993,0.395949999999984,0.2809499999999871,0.160399999999992,0.0909833333333293,0.0480722222222221,0.0,0.05,0.05,18000.0,179756997562,2271904,1.0013518385447898e-07,0.007922869980421708,True
qaoa_14_fake_torino,qaoa,14,fake_torino,0.408399999999988,0.2949999999999902,0.2014499999999928,0.1209499999999956,0.0687166666666646,0.0346111111111121,0.0,0.05,0.05,18000.0,179756997562,2271904,1.0013518385447898e-07,0.007922869980421708,True
qft_4_fake_fez,qft,4,fake_fez,0.05205,0.03605,0.01875,0.0115999999999999,0.0067999999999999,0.0043833333333333,0.0,0.05,0.05,2500.0,82707,2818,0.030227187541562384,0.8871540099361249,True
qft_4_fake_kyiv,qft,4,fake_kyiv,0.0522,0.0339,0.02005,0.0101,0.0067333333333333,0.0030444444444444,0.0,0.05,0.05,2500.0,82707,2818,0.030227187541562384,0.8871540099361249,True
qft_4_fake_marrakesh,qft,4,fake_marrakesh,0.07015,0.03225,0.0274,0.01335,0.0046833333333333,0.0030444444444444,0.0,0.05,0.05,2500.0,82707,2818,0.030227187541562384,0.8871540099361249,True
qft_4_fake_sherbrooke,qft,4,fake_sherbrooke,0.04915,0.0315,0.01965,0.011,0.0054499999999999,0.0028944444444444,0.0,0.05,0.05,1000.0,82707,2818,0.012090875016624952,0.35486160397445,True
qft_4_fake_torino,qft,4,fake_torino,0.03255,0.01595,0.0116,0.01365,0.0062833333333333,0.0037222222222222,0.0,0.05,0.05,1000.0,82707,2818,0.012090875016624952,0.35486160397445,True
qft_6_fake_fez,qft,6,fake_fez,0.09875,0.06405,0.04,0.01955,0.0120333333333333,0.0070666666666666,0.0,0.05,0.05,5000.0,1607222,9472,0.00311095791371696,0.5278716216216216,True
qft_6_fake_kyiv,qft,6,fake_kyiv,0.08635,0.04905,0.0355,0.02015,0.0132166666666666,0.0069833333333333,0.0,0.05,0.05,2500.0,1607222,9472,0.00155547895685848,0.2639358108108108,True
qft_6_fake_marrakesh,qft,6,fake_marrakesh,0.0984499999999999,0.06595,0.04145,0.02545,0.0125166666666666,0.0077944444444444,0.0,0.05,0.05,5000.0,1607222,9472,0.00311095791371696,0.5278716216216216,True
qft_6_fake_sherbrooke,qft,6,fake_sherbrooke,0.0997499999999999,0.0591999999999999,0.0386999999999999,0.02605,0.0158333333333333,0.0073,0.0,0.05,0.05,5000.0,1607222,9472,0.00311095791371696,0.5278716216216216,True
qft_6_fake_torino,qft,6,fake_torino,0.0899,0.0636,0.0382,0.01865,0.0129499999999999,0.0076166666666666,0.0,0.05,0.05,5000.0,1607222,9472,0.00311095791371696,0.5278716216216216,True
qft_8_fake_fez,qft,8,fake_fez,0.1985499999999999,0.11385,0.0760499999999999,0.0459,0.02395,0.0154055555555555,0.0,0.05,0.05,10000.0,30258158,36089,0.0003304893840530544,0.2770927429410624,True
qft_8_fake_kyiv,qft,8,fake_kyiv,0.2099,0.11795,0.0745,0.0435999999999999,0.0259666666666666,0.0149277777777777,0.0,0.05,0.05,10000.0,30258158,36089,0.0003304893840530544,0.2770927429410624,True
qft_8_fake_marrakesh,qft,8,fake_marrakesh,0.2082000000000001,0.12465,0.07525,0.0439,0.0255999999999999,0.0151666666666666,0.0,0.05,0.05,10000.0,30258158,36089,0.0003304893840530544,0.2770927429410624,True
qft_8_fake_sherbrooke,qft,8,fake_sherbrooke,0.20195,0.11555,0.07555,0.0477499999999999,0.0269499999999999,0.0150944444444444,0.0,0.05,0.05,10000.0,30258158,36089,0.0003304893840530544,0.2770927429410624,True
qft_8_fake_torino,qft,8,fake_torino,0.20785,0.1133,0.0782,0.04375,0.0263166666666666,0.0155666666666666,0.0,0.05,0.05,10000.0,30258158,36089,0.0003304893840530544,0.2770927429410624,True
qft_10_fake_fez,qft,10,fake_fez,0.3775000000000002,0.2385499999999993,0.1563999999999993,0.0915499999999998,0.0497166666666666,0.0288277777777779,0.0,0.05,0.05,15000.0,556812273,142556,2.6939061380926133e-05,0.10522180757035832,True
qft_10_fake_kyiv,qft,10,fake_kyiv,0.3855000000000003,0.233249999999999,0.1517499999999996,0.0851499999999998,0.0511666666666667,0.0310833333333334,0.0,0.05,0.05,18000.0,556812273,142556,3.232687365711136e-05,0.12626616908442997,True
qft_10_fake_marrakesh,qft,10,fake_marrakesh,0.3995000000000001,0.2370499999999997,0.1534499999999996,0.0876,0.0505833333333333,0.0297611111111112,0.0,0.05,0.05,18000.0,556812273,142556,3.232687365711136e-05,0.12626616908442997,True
qft_10_fake_sherbrooke,qft,10,fake_sherbrooke,0.3959500000000008,0.243649999999999,0.1491999999999994,0.0873499999999997,0.0507666666666667,0.0299111111111112,0.0,0.05,0.05,18000.0,556812273,142556,3.232687365711136e-05,0.12626616908442997,True
qft_10_fake_torino,qft,10,fake_torino,0.3791500000000001,0.2342999999999991,0.1477999999999996,0.0856999999999998,0.0513999999999999,0.0300722222222223,0.0,0.05,0.05,18000.0,556812273,142556,3.232687365711136e-05,0.12626616908442997,True
qft_12_fake_fez,qft,12,fake_fez,0.7474000000000215,0.480049999999971,0.3110999999999848,0.1751499999999926,0.1044833333333297,0.0622000000000015,0.0,0.05,0.05,20000.0,10071904351,568426,1.9857217962970703e-06,0.035184878946423984,True
qft_12_fake_kyiv,qft,12,fake_kyiv,0.7486000000000206,0.4893999999999706,0.314349999999985,0.1767999999999923,0.1039999999999962,0.0614722222222237,0.0,0.05,0.05,20000.0,10071904351,568426,1.9857217962970703e-06,0.035184878946423984,True
qft_12_fake_marrakesh,qft,12,fake_marrakesh,0.7462500000000226,0.4785499999999708,0.3074999999999853,0.1796499999999922,0.1042166666666631,0.0613722222222237,0.0,0.05,0.05,20000.0,10071904351,568426,1.9857217962970703e-06,0.035184878946423984,True
qft_12_fake_sherbrooke,qft,12,fake_sherbrooke,0.7408000000000182,0.4727999999999716,0.2987999999999858,0.1720999999999928,0.1022499999999966,0.0616111111111126,0.0,0.05,0.05,20000.0,10071904351,568426,1.9857217962970703e-06,0.035184878946423984,True
qft_12_fake_torino,qft,12,fake_torino,0.7435000000000211,0.4842499999999703,0.3062999999999857,0.1749999999999924,0.1017333333333299,0.061094444444446,0.0,0.05,0.05,20000.0,10071904351,568426,1.9857217962970703e-06,0.035184878946423984,True
qft_14_fake_fez,qft,14,fake_fez,0.8942500000002999,0.7507000000001869,0.5567000000000164,0.3180499999999718,0.1860333333333176,0.0890999999999984,0.0,0.05,0.05,20000.0,179756997562,2271904,1.1126131539386554e-07,0.008803188867135232,True
qft_14_fake_kyiv,qft,14,fake_kyiv,0.8959000000002982,0.7526500000001831,0.5556500000000137,0.318199999999972,0.1858666666666509,0.0889277777777762,0.0,0.05,0.05,20000.0,179756997562,2271904,1.1126131539386554e-07,0.008803188867135232,True
qft_14_fake_marrakesh,qft,14,fake_marrakesh,0.8945000000002922,0.7493000000001787,0.5546000000000092,0.3136499999999723,0.1842666666666511,0.0889722222222206,0.0,0.05,0.05,20000.0,179756997562,2271904,1.1126131539386554e-07,0.008803188867135232,True
qft_14_fake_sherbrooke,qft,14,fake_sherbrooke,0.8940500000002971,0.7512000000001753,0.5573000000000126,0.3153999999999721,0.1854666666666509,0.0886111111111097,0.0,0.05,0.05,20000.0,179756997562,2271904,1.1126131539386554e-07,0.008803188867135232,True
qft_14_fake_torino,qft,14,fake_torino,0.8959000000002914,0.7548500000001781,0.5576000000000108,0.3147499999999722,0.1850499999999844,0.0890166666666653,0.0,0.05,0.05,20000.0,179756997562,2271904,1.1126131539386554e-07,0.008803188867135232,True
qnn_4_fake_fez,qnn,4,fake_fez,0.04965,0.0281,0.0124499999999999,0.00665,0.0055,0.0024833333333333,0.0,0.05,0.05,1000.0,82707,2818,0.012090875016624952,0.35486160397445,True
qnn_4_fake_kyiv,qnn,4,fake_kyiv,0.04335,0.02055,0.0145499999999999,0.00925,0.0057166666666666,0.0031111111111111,0.0,0.05,0.05,1000.0,82707,2818,0.012090875016624952,0.35486160397445,True
qnn_4_fake_marrakesh,qnn,4,fake_marrakesh,0.0578,0.0330999999999999,0.0129499999999999,0.0087499999999999,0.0045333333333333,0.0041055555555555,0.0,0.05,0.05,2500.0,82707,2818,0.030227187541562384,0.8871540099361249,True
qnn_4_fake_sherbrooke,qnn,4,fake_sherbrooke,0.0472999999999999,0.0254,0.0222999999999999,0.0106,0.0059666666666666,0.0030388888888888,0.0,0.05,0.05,1000.0,82707,2818,0.012090875016624952,0.35486160397445,True
qnn_4_fake_torino,qnn,4,fake_torino,0.0302499999999999,0.0218499999999999,0.013,0.0150999999999999,0.0081666666666666,0.0035555555555555,0.0,0.05,0.05,1000.0,82707,2818,0.012090875016624952,0.35486160397445,True
qnn_6_fake_fez,qnn,6,fake_fez,0.0701499999999999,0.05055,0.0288,0.0188,0.01005,0.0057222222222222,0.0,0.05,0.05,5000.0,1607222,9472,0.00311095791371696,0.5278716216216216,True
qnn_6_fake_kyiv,qnn,6,fake_kyiv,0.0887499999999999,0.0476,0.0345999999999999,0.02,0.0122666666666666,0.0062944444444444,0.0,0.05,0.05,2500.0,1607222,9472,0.00155547895685848,0.2639358108108108,True
qnn_6_fake_marrakesh,qnn,6,fake_marrakesh,0.0840499999999999,0.0439999999999999,0.02855,0.0200999999999999,0.0131666666666666,0.0070277777777777,0.0,0.05,0.05,2500.0,1607222,9472,0.00155547895685848,0.2639358108108108,True
qnn_6_fake_sherbrooke,qnn,6,fake_sherbrooke,0.0841499999999999,0.0456499999999999,0.0358,0.0190999999999999,0.0111833333333333,0.0069611111111111,0.0,0.05,0.05,2500.0,1607222,9472,0.00155547895685848,0.2639358108108108,True
qnn_6_fake_torino,qnn,6,fake_torino,0.1033499999999999,0.0550999999999999,0.0387499999999999,0.02565,0.0136666666666666,0.0058888888888888,0.0,0.05,0.05,5000.0,1607222,9472,0.00311095791371696,0.5278716216216216,True
qnn_8_fake_fez,qnn,8,fake_fez,0.1835999999999997,0.1002999999999999,0.0636999999999999,0.0391999999999999,0.0227,0.0137277777777777,0.0,0.05,0.05,10000.0,30258158,36089,0.0003304893840530544,0.2770927429410624,True
qnn_8_fake_kyiv,qnn,8,fake_kyiv,0.1891999999999997,0.11235,0.0697,0.0428,0.0251833333333333,0.01405,0.0,0.05,0.05,10000.0,30258158,36089,0.0003304893840530544,0.2770927429410624,True
qnn_8_fake_marrakesh,qnn,8,fake_marrakesh,0.1664499999999999,0.0985,0.0723999999999999,0.0419499999999999,0.0231,0.0128555555555555,0.0,0.05,0.05,10000.0,30258158,36089,0.0003304893840530544,0.2770927429410624,True
qnn_8_fake_sherbrooke,qnn,8,fake_sherbrooke,0.17195,0.1074999999999999,0.0695,0.0432999999999999,0.0239666666666666,0.01475,0.0,0.05,0.05,10000.0,30258158,36089,0.0003304893840530544,0.2770927429410624,True
qnn_8_fake_torino,qnn,8,fake_torino,0.1911999999999999,0.10685,0.0707,0.0383,0.0238833333333333,0.0144444444444444,0.0,0.05,0.05,10000.0,30258158,36089,0.0003304893840530544,0.2770927429410624,True
qnn_10_fake_fez,qnn,10,fake_fez,0.3760999999999981,0.2275499999999989,0.1412499999999995,0.0861999999999998,0.0465499999999999,0.0281944444444446,0.0,0.05,0.05,15000.0,556812273,142556,2.6939061380926133e-05,0.10522180757035832,True
qnn_10_fake_kyiv,qnn,10,fake_kyiv,0.3957500000000003,0.2297999999999987,0.1567499999999995,0.0915999999999998,0.0533999999999999,0.0306833333333335,0.0,0.05,0.05,18000.0,556812273,142556,3.232687365711136e-05,0.12626616908442997,True
qnn_10_fake_marrakesh,qnn,10,fake_marrakesh,0.3667999999999973,0.2199999999999991,0.1417499999999994,0.0824499999999997,0.0472333333333333,0.027138888888889,0.0,0.05,0.05,15000.0,556812273,142556,2.6939061380926133e-05,0.10522180757035832,True
qnn_10_fake_sherbrooke,qnn,10,fake_sherbrooke,0.3905999999999999,0.2298999999999995,0.1500999999999998,0.0875999999999997,0.0500499999999999,0.0280222222222223,0.0,0.05,0.05,18000.0,556812273,142556,3.232687365711136e-05,0.12626616908442997,True
qnn_10_fake_torino,qnn,10,fake_torino,0.3780499999999986,0.2253499999999993,0.1470999999999995,0.0832499999999998,0.0476333333333333,0.0286777777777779,0.0,0.05,0.05,15000.0,556812273,142556,2.6939061380926133e-05,0.10522180757035832,True
qnn_12_fake_fez,qnn,12,fake_fez,0.6687000000000072,0.4386499999999795,0.2944499999999874,0.165899999999994,0.0962166666666636,0.0543777777777788,0.0,0.05,0.05,20000.0,10071904351,568426,1.9857217962970703e-06,0.035184878946423984,True
qnn_12_fake_kyiv,qnn,12,fake_kyiv,0.7278000000000203,0.4748499999999719,0.2981999999999863,0.1679999999999929,0.0993166666666632,0.0593888888888902,0.0,0.05,0.05,20000.0,10071904351,568426,1.9857217962970703e-06,0.035184878946423984,True
qnn_12_fake_marrakesh,qnn,12,fake_marrakesh,0.6281999999999996,0.4169999999999806,0.2737999999999889,0.1566499999999947,0.0906333333333307,0.0517444444444455,0.0,0.05,0.05,20000.0,10071904351,568426,1.9857217962970703e-06,0.035184878946423984,True
qnn_12_fake_sherbrooke,qnn,12,fake_sherbrooke,0.718750000000016,0.4625499999999748,0.2998999999999864,0.1675499999999932,0.0988999999999965,0.0584611111111124,0.0,0.05,0.05,20000.0,10071904351,568426,1.9857217962970703e-06,0.035184878946423984,True
qnn_12_fake_torino,qnn,12,fake_torino,0.6821500000000094,0.4504999999999766,0.2907999999999872,0.1634499999999942,0.0971499999999967,0.0570555555555566,0.0,0.05,0.05,20000.0,10071904351,568426,1.9857217962970703e-06,0.035184878946423984,True
qnn_14_fake_fez,qnn,14,fake_fez,0.8718000000002556,0.7204000000001375,0.5211499999999785,0.2999499999999741,0.1755499999999857,0.0855277777777763,0.0,0.05,0.05,20000.0,179756997562,2271904,1.1126131539386554e-07,0.008803188867135232,True
qnn_14_fake_kyiv,qnn,14,fake_kyiv,0.890600000000286,0.750800000000172,0.5532000000000052,0.3138999999999723,0.1832999999999847,0.0883666666666648,0.0,0.05,0.05,20000.0,179756997562,2271904,1.1126131539386554e-07,0.008803188867135232,True
qnn_14_fake_marrakesh,qnn,14,fake_marrakesh,0.8486500000002235,0.6873500000001066,0.4976499999999633,0.2871999999999762,0.164566666666654,0.0820277777777762,0.0,0.05,0.05,20000.0,179756997562,2271904,1.1126131539386554e-07,0.008803188867135232,True
qnn_14_fake_sherbrooke,qnn,14,fake_sherbrooke,0.8862500000002834,0.7423500000001676,0.5458000000000006,0.3108999999999727,0.1811166666666514,0.0872999999999985,0.0,0.05,0.05,20000.0,179756997562,2271904,1.1126131539386554e-07,0.008803188867135232,True
qnn_14_fake_torino,qnn,14,fake_torino,0.8798500000002643,0.7218500000001447,0.5329499999999876,0.3047999999999736,0.1787166666666519,0.0868222222222207,0.0,0.05,0.05,20000.0,179756997562,2271904,1.1126131539386554e-07,0.008803188867135232,True
random_4_fake_fez,random,4,fake_fez,0.0409,0.0082499999999999,0.01225,0.0054999999999999,0.0035666666666666,0.0016777777777777,0.0,0.05,0.05,1000.0,82707,2818,0.012090875016624952,0.35486160397445,True
random_4_fake_kyiv,random,4,fake_kyiv,0.0375999999999999,0.0144499999999999,0.0094499999999999,0.0085999999999999,0.0043666666666666,0.0022388888888888,0.0,0.05,0.05,1000.0,82707,2818,0.012090875016624952,0.35486160397445,True
random_4_fake_marrakesh,random,4,fake_marrakesh,0.0300999999999999,0.0132,0.0112499999999999,0.00305,0.0026499999999999,0.00245,0.0,0.05,0.05,1000.0,82707,2818,0.012090875016624952,0.35486160397445,True
random_4_fake_sherbrooke,random,4,fake_sherbrooke,0.03605,0.0251,0.0134,0.0082499999999999,0.0047999999999999,0.0021333333333333,0.0,0.05,0.05,1000.0,82707,2818,0.012090875016624952,0.35486160397445,True
random_4_fake_torino,random,4,fake_torino,0.0327,0.02795,0.01165,0.0077499999999999,0.0054666666666666,0.0037777777777777,0.0,0.05,0.05,1000.0,82707,2818,0.012090875016624952,0.35486160397445,True
random_6_fake_fez,random,6,fake_fez,0.0732,0.04375,0.03525,0.0186,0.01105,0.0061666666666666,0.0,0.05,0.05,2500.0,1607222,9472,0.00155547895685848,0.2639358108108108,True
random_6_fake_kyiv,random,6,fake_kyiv,0.0831,0.0423499999999999,0.0316,0.0214,0.01395,0.0059777777777777,0.0,0.05,0.05,2500.0,1607222,9472,0.00155547895685848,0.2639358108108108,True
random_6_fake_marrakesh,random,6,fake_marrakesh,0.07545,0.0539,0.0272999999999999,0.0212999999999999,0.0129499999999999,0.0068722222222222,0.0,0.05,0.05,5000.0,1607222,9472,0.00311095791371696,0.5278716216216216,True
random_6_fake_sherbrooke,random,6,fake_sherbrooke,0.0975,0.0548999999999999,0.03495,0.0191499999999999,0.0126166666666666,0.0086055555555555,0.0,0.05,0.05,5000.0,1607222,9472,0.00311095791371696,0.5278716216216216,True
random_6_fake_torino,random,6,fake_torino,0.08705,0.0496,0.0323,0.0182499999999999,0.0093833333333333,0.0065722222222222,0.0,0.05,0.05,2500.0,1607222,9472,0.00155547895685848,0.2639358108108108,True
random_8_fake_fez,random,8,fake_fez,0.1708,0.1034,0.06715,0.03835,0.0205166666666666,0.0126666666666666,0.0,0.05,0.05,10000.0,30258158,36089,0.0003304893840530544,0.2770927429410624,True
random_8_fake_kyiv,random,8,fake_kyiv,0.19105,0.11595,0.0758,0.04395,0.0244333333333333,0.0139444444444444,0.0,0.05,0.05,10000.0,30258158,36089,0.0003304893840530544,0.2770927429410624,True
random_8_fake_marrakesh,random,8,fake_marrakesh,0.1596999999999999,0.09705,0.062,0.03565,0.0213,0.0121833333333333,0.0,0.05,0.05,10000.0,30258158,36089,0.0003304893840530544,0.2770927429410624,True
random_8_fake_sherbrooke,random,8,fake_sherbrooke,0.1728999999999999,0.11715,0.08165,0.04135,0.0219833333333333,0.0137055555555555,0.0,0.05,0.05,10000.0,30258158,36089,0.0003304893840530544,0.2770927429410624,True
random_8_fake_torino,random,8,fake_torino,0.1961999999999999,0.1118,0.0719,0.0431499999999999,0.0225333333333333,0.0118777777777777,0.0,0.05,0.05,10000.0,30258158,36089,0.0003304893840530544,0.2770927429410624,True
random_10_fake_fez,random,10,fake_fez,0.370199999999997,0.2225499999999993,0.1432499999999996,0.08385,0.0463666666666666,0.0268333333333334,0.0,0.05,0.05,15000.0,556812273,142556,2.6939061380926133e-05,0.10522180757035832,True
random_10_fake_kyiv,random,10,fake_kyiv,0.3848500000000002,0.2287499999999992,0.1486499999999996,0.08705,0.0497833333333333,0.0295833333333334,0.0,0.05,0.05,15000.0,556812273,142556,2.6939061380926133e-05,0.10522180757035832,True
random_10_fake_marrakesh,random,10,fake_marrakesh,0.3339999999999973,0.2001999999999992,0.1362499999999997,0.0787499999999999,0.04525,0.0264666666666668,0.0,0.05,0.05,15000.0,556812273,142556,2.6939061380926133e-05,0.10522180757035832,True
random_10_fake_sherbrooke,random,10,fake_sherbrooke,0.3793000000000002,0.2285999999999992,0.1485499999999998,0.0889499999999999,0.0531166666666666,0.0300555555555556,0.0,0.05,0.05,18000.0,556812273,142556,3.232687365711136e-05,0.12626616908442997,True
random_10_fake_torino,random,10,fake_torino,0.3843000000000002,0.2333999999999996,0.1487999999999997,0.0846999999999998,0.04935,0.0298000000000001,0.0,0.05,0.05,15000.0,556812273,142556,2.6939061380926133e-05,0.10522180757035832,True
random_12_fake_fez,random,12,fake_fez,0.7321500000000244,0.4792999999999728,0.3096999999999857,0.1754499999999926,0.1016333333333298,0.0599166666666679,0.0,0.05,0.05,20000.0,10071904351,568426,1.9857217962970703e-06,0.035184878946423984,True
random_12_fake_kyiv,random,12,fake_kyiv,0.7440000000000209,0.4812499999999705,0.3077499999999858,0.1741499999999927,0.1019999999999965,0.061144444444446,0.0,0.05,0.05,20000.0,10071904351,568426,1.9857217962970703e-06,0.035184878946423984,True
random_12_fake_marrakesh,random,12,fake_marrakesh,0.6996000000000205,0.4565499999999752,0.2975499999999861,0.1701499999999933,0.0997999999999967,0.0586666666666677,0.0,0.05,0.05,20000.0,10071904351,568426,1.9857217962970703e-06,0.035184878946423984,True
random_12_fake_sherbrooke,random,12,fake_sherbrooke,0.7403500000000197,0.4876499999999705,0.3108499999999851,0.1762499999999924,0.1019833333333299,0.0613166666666682,0.0,0.05,0.05,20000.0,10071904351,568426,1.9857217962970703e-06,0.035184878946423984,True
random_12_fake_torino,random,12,fake_torino,0.7444000000000216,0.4781499999999721,0.3103499999999848,0.1775499999999923,0.1036833333333299,0.0617888888888903,0.0,0.05,0.05,20000.0,10071904351,568426,1.9857217962970703e-06,0.035184878946423984,True
random_14_fake_fez,random,14,fake_fez,0.8935500000002955,0.7456000000001787,0.5503000000000107,0.3122999999999725,0.1824833333333179,0.0879277777777769,0.0,0.05,0.05,20000.0,179756997562,2271904,1.1126131539386554e-07,0.008803188867135232,True
random_14_fake_kyiv,random,14,fake_kyiv,0.8964500000003038,0.7551500000001856,0.5575500000000148,0.3202499999999714,0.1860833333333174,0.0886666666666654,0.0,0.05,0.05,20000.0,179756997562,2271904,1.1126131539386554e-07,0.008803188867135232,True
random_14_fake_marrakesh,random,14,fake_marrakesh,0.8851000000002839,0.7369000000001662,0.5412499999999996,0.308699999999973,0.1808999999999851,0.0868333333333319,0.0,0.05,0.05,20000.0,179756997562,2271904,1.1126131539386554e-07,0.008803188867135232,True
random_14_fake_sherbrooke,random,14,fake_sherbrooke,0.893400000000292,0.7510500000001775,0.549800000000007,0.3130499999999724,0.1854499999999844,0.0886055555555541,0.0,0.05,0.05,20000.0,179756997562,2271904,1.1126131539386554e-07,0.008803188867135232,True
random_14_fake_torino,random,14,fake_torino,0.8954500000003001,0.7495500000001825,0.5607500000000187,0.3138499999999721,0.1845333333333177,0.0885666666666655,0.0,0.05,0.05,20000.0,179756997562,2271904,1.1126131539386554e-07,0.008803188867135232,True
vqe_4_fake_fez,vqe,4,fake_fez,0.0078499999999999,0.0036499999999999,0.0037,0.0016499999999999,0.0012,0.0004944444444444,0.0,0.05,0.05,1000.0,82707,2818,0.012090875016624952,0.35486160397445,True
vqe_4_fake_kyiv,vqe,4,fake_kyiv,0.0103499999999999,0.0035999999999999,0.00665,0.0015499999999999,0.0014166666666666,0.0010777777777777,0.0,0.05,0.05,1000.0,82707,2818,0.012090875016624952,0.35486160397445,True
vqe_4_fake_marrakesh,vqe,4,fake_marrakesh,0.0131,0.00555,0.00255,0.00135,0.0011166666666666,0.0007499999999999,0.0,0.05,0.05,1000.0,82707,2818,0.012090875016624952,0.35486160397445,True
vqe_4_fake_sherbrooke,vqe,4,fake_sherbrooke,0.0096,0.0043,0.00285,0.0029,0.0021333333333333,0.0006388888888889,0.0,0.05,0.05,1000.0,82707,2818,0.012090875016624952,0.35486160397445,True
vqe_4_fake_torino,vqe,4,fake_torino,0.01475,0.00945,0.0027999999999999,0.0022499999999999,0.0014833333333333,0.0009166666666666,0.0,0.05,0.05,1000.0,82707,2818,0.012090875016624952,0.35486160397445,True
vqe_6_fake_fez,vqe,6,fake_fez,0.0176999999999999,0.00985,0.0073,0.0035499999999999,0.0020666666666666,0.0008222222222222,0.0,0.05,0.05,1000.0,1607222,9472,0.000622191582743392,0.10557432432432433,True
vqe_6_fake_kyiv,vqe,6,fake_kyiv,0.0156,0.0105499999999999,0.0070499999999999,0.0053,0.0021666666666666,0.0010888888888888,0.0,0.05,0.05,1000.0,1607222,9472,0.000622191582743392,0.10557432432432433,True
vqe_6_fake_marrakesh,vqe,6,fake_marrakesh,0.0096499999999999,0.0075,0.0047499999999999,0.0035999999999999,0.0017166666666666,0.0009277777777777,0.0,0.05,0.05,1000.0,1607222,9472,0.000622191582743392,0.10557432432432433,True
vqe_6_fake_sherbrooke,vqe,6,fake_sherbrooke,0.0212,0.01335,0.0087499999999999,0.0058999999999999,0.0042333333333333,0.0018055555555555,0.0,0.05,0.05,1000.0,1607222,9472,0.000622191582743392,0.10557432432432433,True
vqe_6_fake_torino,vqe,6,fake_torino,0.0214999999999999,0.0175499999999999,0.0071499999999999,0.0058499999999999,0.0021499999999999,0.0015111111111111,0.0,0.05,0.05,1000.0,1607222,9472,0.000622191582743392,0.10557432432432433,True
vqe_8_fake_fez,vqe,8,fake_fez,0.0337499999999999,0.02865,0.0129499999999999,0.0089,0.0048333333333333,0.0025944444444444,0.0,0.05,0.05,1000.0,30258158,36089,3.304893840530544e-05,0.02770927429410624,True
vqe_8_fake_kyiv,vqe,8,fake_kyiv,0.0487999999999999,0.0262,0.024,0.01155,0.0058333333333333,0.0036277777777777,0.0,0.05,0.05,1000.0,30258158,36089,3.304893840530544e-05,0.02770927429410624,True
vqe_8_fake_marrakesh,vqe,8,fake_marrakesh,0.02305,0.0113,0.01085,0.0076499999999999,0.0025999999999999,0.0018833333333333,0.0,0.05,0.05,1000.0,30258158,36089,3.304893840530544e-05,0.02770927429410624,True
vqe_8_fake_sherbrooke,vqe,8,fake_sherbrooke,0.0385999999999999,0.0281,0.02225,0.0155,0.0080333333333333,0.0037388888888888,0.0,0.05,0.05,1000.0,30258158,36089,3.304893840530544e-05,0.02770927429410624,True
vqe_8_fake_torino,vqe,8,fake_torino,0.0594499999999999,0.0292,0.02205,0.01515,0.0082666666666666,0.0050722222222222,0.0,0.05,0.05,2500.0,30258158,36089,8.26223460132636e-05,0.0692731857352656,True
vqe_10_fake_fez,vqe,10,fake_fez,0.0428499999999998,0.0372499999999998,0.0249,0.0165,0.0088333333333333,0.0043833333333333,0.0,0.05,0.05,1000.0,556812273,142556,1.7959374253950756e-06,0.007014787171357221,True
vqe_10_fake_kyiv,vqe,10,fake_kyiv,0.0665499999999997,0.0437999999999998,0.03195,0.01925,0.0101666666666666,0.005861111111111,0.0,0.05,0.05,2500.0,556812273,142556,4.489843563487689e-06,0.017536967928393054,True
vqe_10_fake_marrakesh,vqe,10,fake_marrakesh,0.0398999999999999,0.0243,0.0223,0.0085499999999999,0.0047666666666666,0.0024222222222222,0.0,0.05,0.05,1000.0,556812273,142556,1.7959374253950756e-06,0.007014787171357221,True
vqe_10_fake_sherbrooke,vqe,10,fake_sherbrooke,0.0644999999999998,0.0383999999999998,0.0265,0.01555,0.01,0.0053999999999999,0.0,0.05,0.05,2500.0,556812273,142556,4.489843563487689e-06,0.017536967928393054,True
vqe_10_fake_torino,vqe,10,fake_torino,0.0631999999999998,0.0444499999999998,0.02765,0.01735,0.0085666666666666,0.0064222222222222,0.0,0.05,0.05,2500.0,556812273,142556,4.489843563487689e-06,0.017536967928393054,True
vqe_12_fake_fez,vqe,12,fake_fez,0.0753499999999998,0.0421999999999997,0.02785,0.014,0.0074666666666666,0.0055722222222221,0.0,0.05,0.05,2500.0,10071904351,568426,2.482152245371338e-07,0.004398109868302998,True
vqe_12_fake_kyiv,vqe,12,fake_kyiv,0.0729499999999995,0.0563499999999997,0.0364999999999997,0.02065,0.01365,0.0069333333333333,0.0,0.05,0.05,5000.0,10071904351,568426,4.964304490742676e-07,0.008796219736605996,True
vqe_12_fake_marrakesh,vqe,12,fake_marrakesh,0.0441499999999998,0.02635,0.01905,0.01225,0.0051166666666666,0.0034666666666666,0.0,0.05,0.05,1000.0,10071904351,568426,9.928608981485353e-08,0.0017592439473211993,True
vqe_12_fake_sherbrooke,vqe,12,fake_sherbrooke,0.0787999999999996,0.0506499999999997,0.0398999999999997,0.023,0.0121666666666667,0.006761111111111,0.0,0.05,0.05,5000.0,10071904351,568426,4.964304490742676e-07,0.008796219736605996,True
vqe_12_fake_torino,vqe,12,fake_torino,0.0663999999999996,0.0563499999999996,0.0328999999999999,0.0206,0.0108333333333333,0.0061722222222221,0.0,0.05,0.05,5000.0,10071904351,568426,4.964304490742676e-07,0.008796219736605996,True
vqe_14_fake_fez,vqe,14,fake_fez,0.108349999999999,0.076449999999999,0.0494499999999994,0.0293500000000002,0.0170666666666668,0.0091444444444444,0.0,0.05,0.05,5000.0,179756997562,2271904,2.7815328848466385e-08,0.002200797216783808,True
vqe_14_fake_kyiv,vqe,14,fake_kyiv,0.1761499999999972,0.0996999999999986,0.0669999999999988,0.0419999999999994,0.0245666666666668,0.0124777777777779,0.0,0.05,0.05,10000.0,179756997562,2271904,5.563065769693277e-08,0.004401594433567616,True
vqe_14_fake_marrakesh,vqe,14,fake_marrakesh,0.0821999999999993,0.0570499999999995,0.0392999999999997,0.0236000000000002,0.0157000000000001,0.0066111111111111,0.0,0.05,0.05,5000.0,179756997562,2271904,2.7815328848466385e-08,0.002200797216783808,True
vqe_14_fake_sherbrooke,vqe,14,fake_sherbrooke,0.1411499999999982,0.0951999999999987,0.0671499999999989,0.0394999999999996,0.0212333333333335,0.0117444444444446,0.0,0.05,0.05,10000.0,179756997562,2271904,5.563065769693277e-08,0.004401594433567616,True
vqe_14_fake_torino,vqe,14,fake_torino,0.1378499999999983,0.0935499999999987,0.062199999999999,0.0364499999999999,0.0237166666666668,0.011688888888889,0.0,0.05,0.05,10000.0,179756997562,2271904,5.563065769693277e-08,0.004401594433567616,True
