bound_tau,bound_delta,bound,group_mode,calibration,reported_group_col,reported_group_value,test_eval_count,unique_test_traces,success_rate_all,uncovered_rate,success_rate_evaluable,success_rate_before_reference_cap,above_regular_budget_requested_rate,near_reference_cap_requested_rate,gap_uncovered_requested_rate,above_or_equal_reference_cap_requested_rate,reference_cap_rate,median_scaled_budget,mean_scaled_budget,median_scaled_tvd,max_scaled_tvd
0.05,0.05,hoeffding,global,median,size,4,600,30,0.8616666666666667,0.0,0.8616666666666667,0.8616666666666667,0.0,0.0,0.0,0.0,0.0,1000.0,1000.0,0.0308999999999999,0.07015
0.05,0.05,hoeffding,global,median,size,6,600,30,0.3333333333333333,0.0,0.3333333333333333,0.3333333333333333,0.0,0.0,0.0,0.0,0.0,1000.0,1000.0,0.07735,0.1033499999999999
0.05,0.05,hoeffding,global,median,size,8,600,30,0.3,0.0,0.3,0.3,0.0,0.0,0.0,0.0,0.0,1000.0,1000.0,0.15362499999999985,0.2099
0.05,0.05,hoeffding,global,median,size,10,600,30,1.0,0.0,1.0,0.0,1.0,1.0,0.0,0.0,1.0,20000.0,20000.0,0.0,0.0
0.05,0.05,hoeffding,global,median,size,12,600,30,1.0,0.0,1.0,0.0,1.0,0.0,0.0,1.0,1.0,20000.0,20000.0,0.0,0.0
0.05,0.05,hoeffding,global,median,size,14,600,30,1.0,0.0,1.0,0.0,1.0,0.0,0.0,1.0,1.0,20000.0,20000.0,0.0,0.0
0.05,0.05,hoeffding,global,p75,size,4,600,30,0.8616666666666667,0.0,0.8616666666666667,0.8616666666666667,0.0,0.0,0.0,0.0,0.0,1000.0,1000.0,0.0308999999999999,0.07015
0.05,0.05,hoeffding,global,p75,size,6,600,30,0.6866666666666666,0.0,0.6866666666666666,0.6866666666666666,0.0,0.0,0.0,0.0,0.0,2500.0,2500.0,0.04375,0.06595
0.05,0.05,hoeffding,global,p75,size,8,600,30,1.0,0.0,1.0,0.0,1.0,0.0,0.0,1.0,1.0,20000.0,20000.0,0.0,0.0
0.05,0.05,hoeffding,global,p75,size,10,600,30,1.0,0.0,1.0,0.0,1.0,0.0,0.0,1.0,1.0,20000.0,20000.0,0.0,0.0
0.05,0.05,hoeffding,global,p75,size,12,600,30,1.0,0.0,1.0,0.0,1.0,0.0,0.0,1.0,1.0,20000.0,20000.0,0.0,0.0
0.05,0.05,hoeffding,global,p75,size,14,600,30,1.0,0.0,1.0,0.0,1.0,0.0,0.0,1.0,1.0,20000.0,20000.0,0.0,0.0
0.05,0.05,hoeffding,global,p90,size,4,600,30,0.8616666666666667,0.0,0.8616666666666667,0.8616666666666667,0.0,0.0,0.0,0.0,0.0,1000.0,1000.0,0.0308999999999999,0.07015
0.05,0.05,hoeffding,global,p90,size,6,600,30,1.0,0.0,1.0,0.0,1.0,1.0,0.0,0.0,1.0,20000.0,20000.0,0.0,0.0
0.05,0.05,hoeffding,global,p90,size,8,600,30,1.0,0.0,1.0,0.0,1.0,0.0,0.0,1.0,1.0,20000.0,20000.0,0.0,0.0
0.05,0.05,hoeffding,global,p90,size,10,600,30,1.0,0.0,1.0,0.0,1.0,0.0,0.0,1.0,1.0,20000.0,20000.0,0.0,0.0
0.05,0.05,hoeffding,global,p90,size,12,600,30,1.0,0.0,1.0,0.0,1.0,0.0,0.0,1.0,1.0,20000.0,20000.0,0.0,0.0
0.05,0.05,hoeffding,global,p90,size,14,600,30,1.0,0.0,1.0,0.0,1.0,0.0,0.0,1.0,1.0,20000.0,20000.0,0.0,0.0
0.05,0.05,hoeffding,size,median,size,4,600,30,0.8616666666666667,0.0,0.8616666666666667,0.8616666666666667,0.0,0.0,0.0,0.0,0.0,1000.0,1000.0,0.0308999999999999,0.07015
0.05,0.05,hoeffding,size,median,size,6,600,30,0.6866666666666666,0.0,0.6866666666666666,0.6866666666666666,0.0,0.0,0.0,0.0,0.0,2500.0,2500.0,0.04375,0.06595
0.05,0.05,hoeffding,size,median,size,8,600,30,1.0,0.0,1.0,1.0,0.0,0.0,0.0,0.0,0.0,10000.0,10000.0,0.033925,0.0477499999999999
0.05,0.05,hoeffding,size,median,size,10,600,30,0.7783333333333333,0.0,0.7783333333333333,0.7783333333333333,0.0,0.0,0.0,0.0,0.0,15000.0,15000.0,0.04364999999999995,0.0533999999999999
0.05,0.05,hoeffding,size,median,size,12,600,30,1.0,0.0,1.0,0.0,1.0,1.0,0.0,0.0,1.0,20000.0,20000.0,0.0,0.0
0.05,0.05,hoeffding,size,median,size,14,600,30,1.0,0.0,1.0,0.0,1.0,1.0,0.0,0.0,1.0,20000.0,20000.0,0.0,0.0
0.05,0.05,hoeffding,size,p75,size,4,600,30,0.8616666666666667,0.0,0.8616666666666667,0.8616666666666667,0.0,0.0,0.0,0.0,0.0,1000.0,1000.0,0.0308999999999999,0.07015
0.05,0.05,hoeffding,size,p75,size,6,600,30,0.98,0.0,0.98,0.98,0.0,0.0,0.0,0.0,0.0,5000.0,4925.0,0.0288,0.06595
0.05,0.05,hoeffding,size,p75,size,8,600,30,1.0,0.0,1.0,1.0,0.0,0.0,0.0,0.0,0.0,10000.0,10000.0,0.033925,0.0477499999999999
0.05,0.05,hoeffding,size,p75,size,10,600,30,0.8516666666666667,0.0,0.8516666666666667,0.8516666666666667,0.0,0.0,0.0,0.0,0.0,18000.0,16800.0,0.027138888888889,0.0533999999999999
0.05,0.05,hoeffding,size,p75,size,12,600,30,1.0,0.0,1.0,0.0,1.0,0.0,0.0,1.0,1.0,20000.0,20000.0,0.0,0.0
0.05,0.05,hoeffding,size,p75,size,14,600,30,1.0,0.0,1.0,0.0,1.0,0.0,0.0,1.0,1.0,20000.0,20000.0,0.0,0.0
0.05,0.05,hoeffding,size,p90,size,4,600,30,0.9533333333333334,0.0,0.9533333333333334,0.9533333333333334,0.0,0.0,0.0,0.0,0.0,2500.0,2290.0,0.01595,0.07015
0.05,0.05,hoeffding,size,p90,size,6,600,30,1.0,0.0,1.0,1.0,0.0,0.0,0.0,0.0,0.0,5000.0,5000.0,0.028675,0.04145
0.05,0.05,hoeffding,size,p90,size,8,600,30,1.0,0.0,1.0,1.0,0.0,0.0,0.0,0.0,0.0,10000.0,10000.0,0.033925,0.0477499999999999
0.05,0.05,hoeffding,size,p90,size,10,600,30,1.0,0.0,1.0,1.0,0.0,0.0,0.0,0.0,0.0,18000.0,18000.0,0.02506944444444455,0.0310833333333334
0.05,0.05,hoeffding,size,p90,size,12,600,30,1.0,0.0,1.0,0.0,1.0,0.0,0.0,1.0,1.0,20000.0,20000.0,0.0,0.0
0.05,0.05,hoeffding,size,p90,size,14,600,30,1.0,0.0,1.0,0.0,1.0,0.0,0.0,1.0,1.0,20000.0,20000.0,0.0,0.0
0.05,0.05,hoeffding,size_algorithm,median,size,4,600,30,0.9633333333333334,0.0,0.9633333333333334,0.9633333333333334,0.0,0.0,0.0,0.0,0.0,1000.0,1250.0,0.0302499999999999,0.0578
0.05,0.05,hoeffding,size_algorithm,median,size,6,600,30,0.8266666666666667,0.0,0.8266666666666667,0.8266666666666667,0.0,0.0,0.0,0.0,0.0,2500.0,2908.3333333333335,0.0345999999999999,0.0550999999999999
0.05,0.05,hoeffding,size_algorithm,median,size,8,600,30,0.9666666666666667,0.0,0.9666666666666667,0.9666666666666667,0.0,0.0,0.0,0.0,0.0,10000.0,7000.0,0.0391999999999999,0.0594499999999999
0.05,0.05,hoeffding,size_algorithm,median,size,10,600,30,0.9,0.0,0.9,0.9,0.0,0.0,0.0,0.0,0.0,15000.0,11643.333333333334,0.0372499999999998,0.0533999999999999
0.05,0.05,hoeffding,size_algorithm,median,size,12,600,30,0.9283333333333333,0.0,0.9283333333333333,0.42833333333333334,0.5,0.0,0.0,0.5,0.5,19000.0,14487.5,0.0092,0.0528499999999997
0.05,0.05,hoeffding,size_algorithm,median,size,14,600,30,0.9633333333333334,0.0,0.9633333333333334,0.4633333333333333,0.5,0.0,0.0,0.5,0.5,19000.0,15500.0,0.0118000000000001,0.0558499999999995
0.05,0.05,hoeffding,size_algorithm,p75,size,4,600,30,0.9633333333333334,0.0,0.9633333333333334,0.9633333333333334,0.0,0.0,0.0,0.0,0.0,1000.0,1445.0,0.0254,0.0578
0.05,0.05,hoeffding,size_algorithm,p75,size,6,600,30,0.9633333333333334,0.0,0.9633333333333334,0.9633333333333334,0.0,0.0,0.0,0.0,0.0,5000.0,3575.0,0.028675,0.0519499999999999
0.05,0.05,hoeffding,size_algorithm,p75,size,8,600,30,0.9666666666666667,0.0,0.9666666666666667,0.9666666666666667,0.0,0.0,0.0,0.0,0.0,10000.0,7200.0,0.03835,0.0594499999999999
0.05,0.05,hoeffding,size_algorithm,p75,size,10,600,30,0.9633333333333334,0.0,0.9633333333333334,0.9633333333333334,0.0,0.0,0.0,0.0,0.0,15000.0,12223.333333333334,0.0300722222222223,0.0531166666666666
0.05,0.05,hoeffding,size_algorithm,p75,size,12,600,30,1.0,0.0,1.0,0.5,0.5,0.0,0.0,0.5,0.5,19000.0,14666.666666666666,0.0092,0.0398999999999997
0.05,0.05,hoeffding,size_algorithm,p75,size,14,600,30,0.9633333333333334,0.0,0.9633333333333334,0.4633333333333333,0.5,0.0,0.0,0.5,0.5,19000.0,16150.0,0.0076,0.0558499999999995
0.05,0.05,hoeffding,size_algorithm,p90,size,4,600,30,0.9633333333333334,0.0,0.9633333333333334,0.9633333333333334,0.0,0.0,0.0,0.0,0.0,1000.0,1445.0,0.0254,0.0578
0.05,0.05,hoeffding,size_algorithm,p90,size,6,600,30,0.9633333333333334,0.0,0.9633333333333334,0.9633333333333334,0.0,0.0,0.0,0.0,0.0,5000.0,3575.0,0.028675,0.0519499999999999
0.05,0.05,hoeffding,size_algorithm,p90,size,8,600,30,0.9666666666666667,0.0,0.9666666666666667,0.9666666666666667,0.0,0.0,0.0,0.0,0.0,10000.0,7200.0,0.03835,0.0594499999999999
0.05,0.05,hoeffding,size_algorithm,p90,size,10,600,30,0.9633333333333334,0.0,0.9633333333333334,0.9633333333333334,0.0,0.0,0.0,0.0,0.0,15000.0,12223.333333333334,0.0300722222222223,0.0531166666666666
0.05,0.05,hoeffding,size_algorithm,p90,size,12,600,30,1.0,0.0,1.0,0.5,0.5,0.0,0.0,0.5,0.5,19000.0,14666.666666666666,0.0092,0.0398999999999997
0.05,0.05,hoeffding,size_algorithm,p90,size,14,600,30,0.9633333333333334,0.0,0.9633333333333334,0.4633333333333333,0.5,0.0,0.0,0.5,0.5,19000.0,16150.0,0.0076,0.0558499999999995
0.05,0.05,weissman,global,median,size,4,600,30,0.8616666666666667,0.0,0.8616666666666667,0.8616666666666667,0.0,0.0,0.0,0.0,0.0,1000.0,1000.0,0.0308999999999999,0.07015
0.05,0.05,weissman,global,median,size,6,600,30,0.3333333333333333,0.0,0.3333333333333333,0.3333333333333333,0.0,0.0,0.0,0.0,0.0,1000.0,1000.0,0.07735,0.1033499999999999
0.05,0.05,weissman,global,median,size,8,600,30,0.37,0.0,0.37,0.37,0.0,0.0,0.0,0.0,0.0,5000.0,5000.0,0.058825,0.08165
0.05,0.05,weissman,global,median,size,10,600,30,0.7783333333333333,0.0,0.7783333333333333,0.7783333333333333,0.0,0.0,0.0,0.0,0.0,15000.0,15000.0,0.04364999999999995,0.0533999999999999
0.05,0.05,weissman,global,median,size,12,600,30,1.0,0.0,1.0,0.0,1.0,0.0,0.0,1.0,1.0,20000.0,20000.0,0.0,0.0
0.05,0.05,weissman,global,median,size,14,600,30,1.0,0.0,1.0,0.0,1.0,0.0,0.0,1.0,1.0,20000.0,20000.0,0.0,0.0
0.05,0.05,weissman,global,p75,size,4,600,30,0.8616666666666667,0.0,0.8616666666666667,0.8616666666666667,0.0,0.0,0.0,0.0,0.0,1000.0,1000.0,0.0308999999999999,0.07015
0.05,0.05,weissman,global,p75,size,6,600,30,1.0,0.0,1.0,1.0,0.0,0.0,0.0,0.0,0.0,5000.0,5000.0,0.028675,0.04145
0.05,0.05,weissman,global,p75,size,8,600,30,1.0,0.0,1.0,1.0,0.0,0.0,0.0,0.0,0.0,10000.0,10000.0,0.033925,0.0477499999999999
0.05,0.05,weissman,global,p75,size,10,600,30,1.0,0.0,1.0,0.0,1.0,0.0,0.0,1.0,1.0,20000.0,20000.0,0.0,0.0
0.05,0.05,weissman,global,p75,size,12,600,30,1.0,0.0,1.0,0.0,1.0,0.0,0.0,1.0,1.0,20000.0,20000.0,0.0,0.0
0.05,0.05,weissman,global,p75,size,14,600,30,1.0,0.0,1.0,0.0,1.0,0.0,0.0,1.0,1.0,20000.0,20000.0,0.0,0.0
0.05,0.05,weissman,global,p90,size,4,600,30,1.0,0.0,1.0,1.0,0.0,0.0,0.0,0.0,0.0,2500.0,2500.0,0.01595,0.03605
0.05,0.05,weissman,global,p90,size,6,600,30,1.0,0.0,1.0,1.0,0.0,0.0,0.0,0.0,0.0,5000.0,5000.0,0.028675,0.04145
0.05,0.05,weissman,global,p90,size,8,600,30,1.0,0.0,1.0,1.0,0.0,0.0,0.0,0.0,0.0,15000.0,15000.0,0.0199083333333333,0.0269499999999999
0.05,0.05,weissman,global,p90,size,10,600,30,1.0,0.0,1.0,0.0,1.0,0.0,0.0,1.0,1.0,20000.0,20000.0,0.0,0.0
0.05,0.05,weissman,global,p90,size,12,600,30,1.0,0.0,1.0,0.0,1.0,0.0,0.0,1.0,1.0,20000.0,20000.0,0.0,0.0
0.05,0.05,weissman,global,p90,size,14,600,30,1.0,0.0,1.0,0.0,1.0,0.0,0.0,1.0,1.0,20000.0,20000.0,0.0,0.0
0.05,0.05,weissman,size,median,size,4,600,30,1.0,0.0,1.0,1.0,0.0,0.0,0.0,0.0,0.0,2500.0,2500.0,0.01595,0.03605
0.05,0.05,weissman,size,median,size,6,600,30,0.6866666666666666,0.0,0.6866666666666666,0.6866666666666666,0.0,0.0,0.0,0.0,0.0,2500.0,2500.0,0.04375,0.06595
0.05,0.05,weissman,size,median,size,8,600,30,1.0,0.0,1.0,1.0,0.0,0.0,0.0,0.0,0.0,10000.0,10000.0,0.033925,0.0477499999999999
0.05,0.05,weissman,size,median,size,10,600,30,0.7783333333333333,0.0,0.7783333333333333,0.7783333333333333,0.0,0.0,0.0,0.0,0.0,15000.0,15000.0,0.04364999999999995,0.0533999999999999
0.05,0.05,weissman,size,median,size,12,600,30,1.0,0.0,1.0,0.0,1.0,1.0,0.0,0.0,1.0,20000.0,20000.0,0.0,0.0
0.05,0.05,weissman,size,median,size,14,600,30,1.0,0.0,1.0,0.0,1.0,1.0,0.0,0.0,1.0,20000.0,20000.0,0.0,0.0
0.05,0.05,weissman,size,p75,size,4,600,30,1.0,0.0,1.0,1.0,0.0,0.0,0.0,0.0,0.0,2500.0,2500.0,0.01595,0.03605
0.05,0.05,weissman,size,p75,size,6,600,30,0.98,0.0,0.98,0.98,0.0,0.0,0.0,0.0,0.0,5000.0,4925.0,0.0288,0.06595
0.05,0.05,weissman,size,p75,size,8,600,30,1.0,0.0,1.0,1.0,0.0,0.0,0.0,0.0,0.0,10000.0,10000.0,0.033925,0.0477499999999999
0.05,0.05,weissman,size,p75,size,10,600,30,0.8516666666666667,0.0,0.8516666666666667,0.8516666666666667,0.0,0.0,0.0,0.0,0.0,18000.0,16800.0,0.027138888888889,0.0533999999999999
0.05,0.05,weissman,size,p75,size,12,600,30,1.0,0.0,1.0,0.0,1.0,0.0,0.0,1.0,1.0,20000.0,20000.0,0.0,0.0
0.05,0.05,weissman,size,p75,size,14,600,30,1.0,0.0,1.0,0.0,1.0,0.0,0.0,1.0,1.0,20000.0,20000.0,0.0,0.0
0.05,0.05,weissman,size,p90,size,4,600,30,1.0,0.0,1.0,1.0,0.0,0.0,0.0,0.0,0.0,2500.0,2500.0,0.01595,0.03605
0.05,0.05,weissman,size,p90,size,6,600,30,1.0,0.0,1.0,1.0,0.0,0.0,0.0,0.0,0.0,5000.0,5000.0,0.028675,0.04145
0.05,0.05,weissman,size,p90,size,8,600,30,1.0,0.0,1.0,1.0,0.0,0.0,0.0,0.0,0.0,10000.0,10000.0,0.033925,0.0477499999999999
0.05,0.05,weissman,size,p90,size,10,600,30,1.0,0.0,1.0,1.0,0.0,0.0,0.0,0.0,0.0,18000.0,18000.0,0.02506944444444455,0.0310833333333334
0.05,0.05,weissman,size,p90,size,12,600,30,1.0,0.0,1.0,0.0,1.0,0.0,0.0,1.0,1.0,20000.0,20000.0,0.0,0.0
0.05,0.05,weissman,size,p90,size,14,600,30,1.0,0.0,1.0,0.0,1.0,0.0,0.0,1.0,1.0,20000.0,20000.0,0.0,0.0
0.05,0.05,weissman,size_algorithm,median,size,4,600,30,1.0,0.0,1.0,1.0,0.0,0.0,0.0,0.0,0.0,2500.0,2500.0,0.01595,0.03605
0.05,0.05,weissman,size_algorithm,median,size,6,600,30,0.8266666666666667,0.0,0.8266666666666667,0.8266666666666667,0.0,0.0,0.0,0.0,0.0,2500.0,2908.3333333333335,0.0345999999999999,0.0550999999999999
0.05,0.05,weissman,size_algorithm,median,size,8,600,30,0.9666666666666667,0.0,0.9666666666666667,0.9666666666666667,0.0,0.0,0.0,0.0,0.0,10000.0,7000.0,0.0391999999999999,0.0594499999999999
0.05,0.05,weissman,size_algorithm,median,size,10,600,30,0.9,0.0,0.9,0.9,0.0,0.0,0.0,0.0,0.0,15000.0,11643.333333333334,0.0372499999999998,0.0533999999999999
0.05,0.05,weissman,size_algorithm,median,size,12,600,30,0.9283333333333333,0.0,0.9283333333333333,0.42833333333333334,0.5,0.0,0.0,0.5,0.5,19000.0,14487.5,0.0092,0.0528499999999997
0.05,0.05,weissman,size_algorithm,median,size,14,600,30,0.9633333333333334,0.0,0.9633333333333334,0.4633333333333333,0.5,0.0,0.0,0.5,0.5,19000.0,15500.0,0.0118000000000001,0.0558499999999995
0.05,0.05,weissman,size_algorithm,p75,size,4,600,30,1.0,0.0,1.0,1.0,0.0,0.0,0.0,0.0,0.0,2500.0,2500.0,0.01595,0.03605
0.05,0.05,weissman,size_algorithm,p75,size,6,600,30,0.9633333333333334,0.0,0.9633333333333334,0.9633333333333334,0.0,0.0,0.0,0.0,0.0,5000.0,3575.0,0.028675,0.0519499999999999
0.05,0.05,weissman,size_algorithm,p75,size,8,600,30,0.9666666666666667,0.0,0.9666666666666667,0.9666666666666667,0.0,0.0,0.0,0.0,0.0,10000.0,7200.0,0.03835,0.0594499999999999
0.05,0.05,weissman,size_algorithm,p75,size,10,600,30,0.9633333333333334,0.0,0.9633333333333334,0.9633333333333334,0.0,0.0,0.0,0.0,0.0,15000.0,12223.333333333334,0.0300722222222223,0.0531166666666666
0.05,0.05,weissman,size_algorithm,p75,size,12,600,30,1.0,0.0,1.0,0.5,0.5,0.0,0.0,0.5,0.5,19000.0,14666.666666666666,0.0092,0.0398999999999997
0.05,0.05,weissman,size_algorithm,p75,size,14,600,30,0.9633333333333334,0.0,0.9633333333333334,0.4633333333333333,0.5,0.0,0.0,0.5,0.5,19000.0,16150.0,0.0076,0.0558499999999995
0.05,0.05,weissman,size_algorithm,p90,size,4,600,30,1.0,0.0,1.0,1.0,0.0,0.0,0.0,0.0,0.0,2500.0,2500.0,0.01595,0.03605
0.05,0.05,weissman,size_algorithm,p90,size,6,600,30,0.9633333333333334,0.0,0.9633333333333334,0.9633333333333334,0.0,0.0,0.0,0.0,0.0,5000.0,3575.0,0.028675,0.0519499999999999
0.05,0.05,weissman,size_algorithm,p90,size,8,600,30,0.9666666666666667,0.0,0.9666666666666667,0.9666666666666667,0.0,0.0,0.0,0.0,0.0,10000.0,7200.0,0.03835,0.0594499999999999
0.05,0.05,weissman,size_algorithm,p90,size,10,600,30,0.9633333333333334,0.0,0.9633333333333334,0.9633333333333334,0.0,0.0,0.0,0.0,0.0,15000.0,12223.333333333334,0.0300722222222223,0.0531166666666666
0.05,0.05,weissman,size_algorithm,p90,size,12,600,30,1.0,0.0,1.0,0.5,0.5,0.0,0.0,0.5,0.5,19000.0,14666.666666666666,0.0092,0.0398999999999997
0.05,0.05,weissman,size_algorithm,p90,size,14,600,30,0.9633333333333334,0.0,0.9633333333333334,0.4633333333333333,0.5,0.0,0.0,0.5,0.5,19000.0,16150.0,0.0076,0.0558499999999995
0.05,0.05,hoeffding,global,median,algorithm,dj,600,30,1.0,0.0,1.0,0.5,0.5,0.16666666666666666,0.0,0.3333333333333333,0.5,10500.0,10500.0,0.00319999999999995,0.0448999999999999
0.05,0.05,hoeffding,global,median,algorithm,qaoa,600,30,0.6666666666666666,0.0,0.6666666666666666,0.16666666666666666,0.5,0.16666666666666666,0.0,0.3333333333333333,0.5,10500.0,10500.0,0.00889999999999995,0.1475499999999998
0.05,0.05,hoeffding,global,median,algorithm,qft,600,30,0.565,0.0,0.565,0.065,0.5,0.16666666666666666,0.0,0.3333333333333333,0.5,10500.0,10500.0,0.016275,0.2099
0.05,0.05,hoeffding,global,median,algorithm,qnn,600,30,0.63,0.0,0.63,0.13,0.5,0.16666666666666666,0.0,0.3333333333333333,0.5,10500.0,10500.0,0.01512499999999995,0.1911999999999999
0.05,0.05,hoeffding,global,median,algorithm,random,600,30,0.6666666666666666,0.0,0.6666666666666666,0.16666666666666666,0.5,0.16666666666666666,0.0,0.3333333333333333,0.5,10500.0,10500.0,0.01504999999999995,0.1961999999999999
0.05,0.05,hoeffding,global,median,algorithm,vqe,600,30,0.9666666666666667,0.0,0.9666666666666667,0.4666666666666667,0.5,0.16666666666666666,0.0,0.3333333333333333,0.5,10500.0,10500.0,0.00392499999999995,0.0594499999999999
0.05,0.05,hoeffding,global,p75,algorithm,dj,600,30,1.0,0.0,1.0,0.3333333333333333,0.6666666666666666,0.0,0.0,0.6666666666666666,0.6666666666666666,20000.0,13916.666666666666,0.0,0.0154499999999999
0.05,0.05,hoeffding,global,p75,algorithm,qaoa,600,30,0.9633333333333334,0.0,0.9633333333333334,0.2966666666666667,0.6666666666666666,0.0,0.0,0.6666666666666666,0.6666666666666666,20000.0,13916.666666666666,0.0,0.0519499999999999
0.05,0.05,hoeffding,global,p75,algorithm,qft,600,30,0.7583333333333333,0.0,0.7583333333333333,0.09166666666666666,0.6666666666666666,0.0,0.0,0.6666666666666666,0.6666666666666666,20000.0,13916.666666666666,0.0,0.07015
0.05,0.05,hoeffding,global,p75,algorithm,qnn,600,30,0.8883333333333333,0.0,0.8883333333333333,0.22166666666666668,0.6666666666666666,0.0,0.0,0.6666666666666666,0.6666666666666666,20000.0,13916.666666666666,0.0,0.0578
0.05,0.05,hoeffding,global,p75,algorithm,random,600,30,0.9383333333333334,0.0,0.9383333333333334,0.27166666666666667,0.6666666666666666,0.0,0.0,0.6666666666666666,0.6666666666666666,20000.0,13916.666666666666,0.0,0.0548999999999999
0.05,0.05,hoeffding,global,p75,algorithm,vqe,600,30,1.0,0.0,1.0,0.3333333333333333,0.6666666666666666,0.0,0.0,0.6666666666666666,0.6666666666666666,20000.0,13916.666666666666,0.0,0.0175499999999999
0.05,0.05,hoeffding,global,p90,algorithm,dj,600,30,1.0,0.0,1.0,0.16666666666666666,0.8333333333333334,0.16666666666666666,0.0,0.6666666666666666,0.8333333333333334,20000.0,16833.333333333332,0.0,0.0154499999999999
0.05,0.05,hoeffding,global,p90,algorithm,qaoa,600,30,1.0,0.0,1.0,0.16666666666666666,0.8333333333333334,0.16666666666666666,0.0,0.6666666666666666,0.8333333333333334,20000.0,16833.333333333332,0.0,0.03895
0.05,0.05,hoeffding,global,p90,algorithm,qft,600,30,0.8983333333333333,0.0,0.8983333333333333,0.065,0.8333333333333334,0.16666666666666666,0.0,0.6666666666666666,0.8333333333333334,20000.0,16833.333333333332,0.0,0.07015
0.05,0.05,hoeffding,global,p90,algorithm,qnn,600,30,0.9633333333333334,0.0,0.9633333333333334,0.13,0.8333333333333334,0.16666666666666666,0.0,0.6666666666666666,0.8333333333333334,20000.0,16833.333333333332,0.0,0.0578
0.05,0.05,hoeffding,global,p90,algorithm,random,600,30,1.0,0.0,1.0,0.16666666666666666,0.8333333333333334,0.16666666666666666,0.0,0.6666666666666666,0.8333333333333334,20000.0,16833.333333333332,0.0,0.0409
0.05,0.05,hoeffding,global,p90,algorithm,vqe,600,30,1.0,0.0,1.0,0.16666666666666666,0.8333333333333334,0.16666666666666666,0.0,0.6666666666666666,0.8333333333333334,20000.0,16833.333333333332,0.0,0.01475
0.05,0.05,hoeffding,size,median,algorithm,dj,600,30,1.0,0.0,1.0,0.6666666666666666,0.3333333333333333,0.3333333333333333,0.0,0.0,0.3333333333333333,12500.0,11416.666666666666,0.0063999999999999,0.0154499999999999
0.05,0.05,hoeffding,size,median,algorithm,qaoa,600,30,0.9633333333333334,0.0,0.9633333333333334,0.63,0.3333333333333333,0.3333333333333333,0.0,0.0,0.3333333333333333,12500.0,11416.666666666666,0.02745,0.0519499999999999
0.05,0.05,hoeffding,size,median,algorithm,qft,600,30,0.6366666666666667,0.0,0.6366666666666667,0.30333333333333334,0.3333333333333333,0.3333333333333333,0.0,0.0,0.3333333333333333,12500.0,11416.666666666666,0.0477499999999999,0.07015
0.05,0.05,hoeffding,size,median,algorithm,qnn,600,30,0.825,0.0,0.825,0.49166666666666664,0.3333333333333333,0.3333333333333333,0.0,0.0,0.3333333333333333,12500.0,11416.666666666666,0.0432999999999999,0.0578
0.05,0.05,hoeffding,size,median,algorithm,random,600,30,0.9016666666666666,0.0,0.9016666666666666,0.5683333333333334,0.3333333333333333,0.3333333333333333,0.0,0.0,0.3333333333333333,12500.0,11416.666666666666,0.03835,0.0548999999999999
0.05,0.05,hoeffding,size,median,algorithm,vqe,600,30,1.0,0.0,1.0,0.6666666666666666,0.3333333333333333,0.3333333333333333,0.0,0.0,0.3333333333333333,12500.0,11416.666666666666,0.0085666666666666,0.0175499999999999
0.05,0.05,hoeffding,size,p75,algorithm,dj,600,30,1.0,0.0,1.0,0.6666666666666666,0.3333333333333333,0.0,0.0,0.3333333333333333,0.3333333333333333,12500.0,12120.833333333334,0.00502499999999995,0.0154499999999999
0.05,0.05,hoeffding,size,p75,algorithm,qaoa,600,30,0.995,0.0,0.995,0.6616666666666666,0.3333333333333333,0.0,0.0,0.3333333333333333,0.3333333333333333,12500.0,12120.833333333334,0.023525,0.0519499999999999
0.05,0.05,hoeffding,size,p75,algorithm,qft,600,30,0.8266666666666667,0.0,0.8266666666666667,0.49333333333333335,0.3333333333333333,0.0,0.0,0.3333333333333333,0.3333333333333333,12500.0,12120.833333333334,0.0382,0.07015
0.05,0.05,hoeffding,size,p75,algorithm,qnn,600,30,0.9083333333333333,0.0,0.9083333333333333,0.575,0.3333333333333333,0.0,0.0,0.3333333333333333,0.3333333333333333,12500.0,12120.833333333334,0.0302499999999999,0.0578
0.05,0.05,hoeffding,size,p75,algorithm,random,600,30,0.9633333333333334,0.0,0.9633333333333334,0.63,0.3333333333333333,0.0,0.0,0.3333333333333333,0.3333333333333333,12500.0,12120.833333333334,0.0316,0.0548999999999999
0.05,0.05,hoeffding,size,p75,algorithm,vqe,600,30,1.0,0.0,1.0,0.6666666666666666,0.3333333333333333,0.0,0.0,0.3333333333333333,0.3333333333333333,12500.0,12120.833333333334,0.0070499999999999,0.0175499999999999
0.05,0.05,hoeffding,size,p90,algorithm,dj,600,30,1.0,0.0,1.0,0.6666666666666666,0.3333333333333333,0.0,0.0,0.3333333333333333,0.3333333333333333,14000.0,12548.333333333334,0.0045,0.0154499999999999
0.05,0.05,hoeffding,size,p90,algorithm,qaoa,600,30,1.0,0.0,1.0,0.6666666666666666,0.3333333333333333,0.0,0.0,0.3333333333333333,0.3333333333333333,14000.0,12548.333333333334,0.0195,0.03895
0.05,0.05,hoeffding,size,p90,algorithm,qft,600,30,0.9766666666666667,0.0,0.9766666666666667,0.6433333333333333,0.3333333333333333,0.0,0.0,0.3333333333333333,0.3333333333333333,14000.0,12548.333333333334,0.0300722222222223,0.07015
0.05,0.05,hoeffding,size,p90,algorithm,qnn,600,30,0.9766666666666667,0.0,0.9766666666666667,0.6433333333333333,0.3333333333333333,0.0,0.0,0.3333333333333333,0.3333333333333333,14000.0,12548.333333333334,0.0281,0.0578
0.05,0.05,hoeffding,size,p90,algorithm,random,600,30,1.0,0.0,1.0,0.6666666666666666,0.3333333333333333,0.0,0.0,0.3333333333333333,0.3333333333333333,14000.0,12548.333333333334,0.0268333333333334,0.04395
0.05,0.05,hoeffding,size,p90,algorithm,vqe,600,30,1.0,0.0,1.0,0.6666666666666666,0.3333333333333333,0.0,0.0,0.3333333333333333,0.3333333333333333,14000.0,12548.333333333334,0.0047499999999999,0.0155
0.05,0.05,hoeffding,size_algorithm,median,algorithm,dj,600,30,0.8916666666666667,0.0,0.8916666666666667,0.8916666666666667,0.0,0.0,0.0,0.0,0.0,1750.0,2404.1666666666665,0.02545,0.0558499999999995
0.05,0.05,hoeffding,size_algorithm,median,algorithm,qaoa,600,30,0.9633333333333334,0.0,0.9633333333333334,0.9633333333333334,0.0,0.0,0.0,0.0,0.0,12500.0,10750.0,0.0322,0.0519499999999999
0.05,0.05,hoeffding,size_algorithm,median,algorithm,qft,600,30,1.0,0.0,1.0,0.6666666666666666,0.3333333333333333,0.0,0.0,0.3333333333333333,0.3333333333333333,14000.0,12583.333333333334,0.0300722222222223,0.0477499999999999
0.05,0.05,hoeffding,size_algorithm,median,algorithm,qnn,600,30,0.825,0.0,0.825,0.49166666666666664,0.3333333333333333,0.0,0.0,0.3333333333333333,0.3333333333333333,12500.0,11955.833333333334,0.0302499999999999,0.0578
0.05,0.05,hoeffding,size_algorithm,median,algorithm,random,600,30,0.9016666666666666,0.0,0.9016666666666666,0.5683333333333334,0.3333333333333333,0.0,0.0,0.3333333333333333,0.3333333333333333,12500.0,11679.166666666666,0.03565,0.0548999999999999
0.05,0.05,hoeffding,size_algorithm,median,algorithm,vqe,600,30,0.9666666666666667,0.0,0.9666666666666667,0.9666666666666667,0.0,0.0,0.0,0.0,0.0,1750.0,3416.6666666666665,0.02785,0.0594499999999999
0.05,0.05,hoeffding,size_algorithm,p75,algorithm,dj,600,30,0.9633333333333334,0.0,0.9633333333333334,0.9633333333333334,0.0,0.0,0.0,0.0,0.0,1750.0,3233.3333333333335,0.02335,0.0558499999999995
0.05,0.05,hoeffding,size_algorithm,p75,algorithm,qaoa,600,30,0.9633333333333334,0.0,0.9633333333333334,0.9633333333333334,0.0,0.0,0.0,0.0,0.0,12500.0,11075.0,0.0302611111111118,0.0519499999999999
0.05,0.05,hoeffding,size_algorithm,p75,algorithm,qft,600,30,1.0,0.0,1.0,0.6666666666666666,0.3333333333333333,0.0,0.0,0.3333333333333333,0.3333333333333333,14000.0,12583.333333333334,0.0300722222222223,0.0477499999999999
0.05,0.05,hoeffding,size_algorithm,p75,algorithm,qnn,600,30,0.9633333333333334,0.0,0.9633333333333334,0.63,0.3333333333333333,0.0,0.0,0.3333333333333333,0.3333333333333333,14000.0,12528.333333333334,0.0281,0.0578
0.05,0.05,hoeffding,size_algorithm,p75,algorithm,random,600,30,0.9633333333333334,0.0,0.9633333333333334,0.63,0.3333333333333333,0.0,0.0,0.3333333333333333,0.3333333333333333,12500.0,12223.333333333334,0.0300999999999999,0.0531166666666666
0.05,0.05,hoeffding,size_algorithm,p75,algorithm,vqe,600,30,0.9666666666666667,0.0,0.9666666666666667,0.9666666666666667,0.0,0.0,0.0,0.0,0.0,2500.0,3616.6666666666665,0.0262,0.0594499999999999
0.05,0.05,hoeffding,size_algorithm,p90,algorithm,dj,600,30,0.9633333333333334,0.0,0.9633333333333334,0.9633333333333334,0.0,0.0,0.0,0.0,0.0,1750.0,3233.3333333333335,0.02335,0.0558499999999995
0.05,0.05,hoeffding,size_algorithm,p90,algorithm,qaoa,600,30,0.9633333333333334,0.0,0.9633333333333334,0.9633333333333334,0.0,0.0,0.0,0.0,0.0,12500.0,11075.0,0.0302611111111118,0.0519499999999999
0.05,0.05,hoeffding,size_algorithm,p90,algorithm,qft,600,30,1.0,0.0,1.0,0.6666666666666666,0.3333333333333333,0.0,0.0,0.3333333333333333,0.3333333333333333,14000.0,12583.333333333334,0.0300722222222223,0.0477499999999999
0.05,0.05,hoeffding,size_algorithm,p90,algorithm,qnn,600,30,0.9633333333333334,0.0,0.9633333333333334,0.63,0.3333333333333333,0.0,0.0,0.3333333333333333,0.3333333333333333,14000.0,12528.333333333334,0.0281,0.0578
0.05,0.05,hoeffding,size_algorithm,p90,algorithm,random,600,30,0.9633333333333334,0.0,0.9633333333333334,0.63,0.3333333333333333,0.0,0.0,0.3333333333333333,0.3333333333333333,12500.0,12223.333333333334,0.0300999999999999,0.0531166666666666
0.05,0.05,hoeffding,size_algorithm,p90,algorithm,vqe,600,30,0.9666666666666667,0.0,0.9666666666666667,0.9666666666666667,0.0,0.0,0.0,0.0,0.0,2500.0,3616.6666666666665,0.0262,0.0594499999999999
0.05,0.05,weissman,global,median,algorithm,dj,600,30,1.0,0.0,1.0,0.6666666666666666,0.3333333333333333,0.0,0.0,0.3333333333333333,0.3333333333333333,10000.0,10333.333333333334,0.0076999999999999,0.0242999999999999
0.05,0.05,weissman,global,median,algorithm,qaoa,600,30,0.7033333333333334,0.0,0.7033333333333334,0.37,0.3333333333333333,0.0,0.0,0.3333333333333333,0.3333333333333333,10000.0,10333.333333333334,0.0332166666666666,0.0833
0.05,0.05,weissman,global,median,algorithm,qft,600,30,0.44333333333333336,0.0,0.44333333333333336,0.11,0.3333333333333333,0.0,0.0,0.3333333333333333,0.3333333333333333,10000.0,10333.333333333334,0.0511666666666667,0.0997499999999999
0.05,0.05,weissman,global,median,algorithm,qnn,600,30,0.5666666666666667,0.0,0.5666666666666667,0.23333333333333334,0.3333333333333333,0.0,0.0,0.3333333333333333,0.3333333333333333,10000.0,10333.333333333334,0.0476333333333333,0.1033499999999999
0.05,0.05,weissman,global,median,algorithm,random,600,30,0.63,0.0,0.63,0.2966666666666667,0.3333333333333333,0.0,0.0,0.3333333333333333,0.3333333333333333,10000.0,10333.333333333334,0.043075,0.0975
0.05,0.05,weissman,global,median,algorithm,vqe,600,30,1.0,0.0,1.0,0.6666666666666666,0.3333333333333333,0.0,0.0,0.3333333333333333,0.3333333333333333,10000.0,10333.333333333334,0.0096499999999999,0.024
0.05,0.05,weissman,global,p75,algorithm,dj,600,30,1.0,0.0,1.0,0.5,0.5,0.0,0.0,0.5,0.5,15000.0,12666.666666666666,0.00225,0.0154499999999999
0.05,0.05,weissman,global,p75,algorithm,qaoa,600,30,1.0,0.0,1.0,0.5,0.5,0.0,0.0,0.5,0.5,15000.0,12666.666666666666,0.00889999999999995,0.03895
0.05,0.05,weissman,global,p75,algorithm,qft,600,30,0.8983333333333333,0.0,0.8983333333333333,0.3983333333333333,0.5,0.0,0.0,0.5,0.5,15000.0,12666.666666666666,0.016275,0.07015
0.05,0.05,weissman,global,p75,algorithm,qnn,600,30,0.9633333333333334,0.0,0.9633333333333334,0.4633333333333333,0.5,0.0,0.0,0.5,0.5,15000.0,12666.666666666666,0.014275,0.0578
0.05,0.05,weissman,global,p75,algorithm,random,600,30,1.0,0.0,1.0,0.5,0.5,0.0,0.0,0.5,0.5,15000.0,12666.666666666666,0.01364999999999995,0.04395
0.05,0.05,weissman,global,p75,algorithm,vqe,600,30,1.0,0.0,1.0,0.5,0.5,0.0,0.0,0.5,0.5,15000.0,12666.666666666666,0.00237499999999995,0.0155
0.05,0.05,weissman,global,p90,algorithm,dj,600,30,1.0,0.0,1.0,0.5,0.5,0.0,0.0,0.5,0.5,17500.0,13750.0,0.00082499999999995,0.0122499999999999
0.05,0.05,weissman,global,p90,algorithm,qaoa,600,30,1.0,0.0,1.0,0.5,0.5,0.0,0.0,0.5,0.5,17500.0,13750.0,0.00675,0.0295999999999999
0.05,0.05,weissman,global,p90,algorithm,qft,600,30,1.0,0.0,1.0,0.5,0.5,0.0,0.0,0.5,0.5,17500.0,13750.0,0.007975,0.04145
0.05,0.05,weissman,global,p90,algorithm,qnn,600,30,1.0,0.0,1.0,0.5,0.5,0.0,0.0,0.5,0.5,17500.0,13750.0,0.010275,0.0387499999999999
0.05,0.05,weissman,global,p90,algorithm,random,600,30,1.0,0.0,1.0,0.5,0.5,0.0,0.0,0.5,0.5,17500.0,13750.0,0.00412499999999995,0.03525
0.05,0.05,weissman,global,p90,algorithm,vqe,600,30,1.0,0.0,1.0,0.5,0.5,0.0,0.0,0.5,0.5,17500.0,13750.0,0.00129999999999995,0.00945
0.05,0.05,weissman,size,median,algorithm,dj,600,30,1.0,0.0,1.0,0.6666666666666666,0.3333333333333333,0.3333333333333333,0.0,0.0,0.3333333333333333,12500.0,11666.666666666666,0.0050333333333333,0.0130999999999999
0.05,0.05,weissman,size,median,algorithm,qaoa,600,30,0.9633333333333334,0.0,0.9633333333333334,0.63,0.3333333333333333,0.3333333333333333,0.0,0.0,0.3333333333333333,12500.0,11666.666666666666,0.02355,0.0519499999999999
0.05,0.05,weissman,size,median,algorithm,qft,600,30,0.7383333333333333,0.0,0.7383333333333333,0.405,0.3333333333333333,0.3333333333333333,0.0,0.0,0.3333333333333333,12500.0,11666.666666666666,0.03982499999999995,0.06595
0.05,0.05,weissman,size,median,algorithm,qnn,600,30,0.8616666666666667,0.0,0.8616666666666667,0.5283333333333333,0.3333333333333333,0.3333333333333333,0.0,0.0,0.3333333333333333,12500.0,11666.666666666666,0.035699999999999954,0.0550999999999999
0.05,0.05,weissman,size,median,algorithm,random,600,30,0.9016666666666666,0.0,0.9016666666666666,0.5683333333333334,0.3333333333333333,0.3333333333333333,0.0,0.0,0.3333333333333333,12500.0,11666.666666666666,0.0318,0.0548999999999999
0.05,0.05,weissman,size,median,algorithm,vqe,600,30,1.0,0.0,1.0,0.6666666666666666,0.3333333333333333,0.3333333333333333,0.0,0.0,0.3333333333333333,12500.0,11666.666666666666,0.00555,0.0175499999999999
0.05,0.05,weissman,size,p75,algorithm,dj,600,30,1.0,0.0,1.0,0.6666666666666666,0.3333333333333333,0.0,0.0,0.3333333333333333,0.3333333333333333,12500.0,12370.833333333334,0.00465,0.0122499999999999
0.05,0.05,weissman,size,p75,algorithm,qaoa,600,30,0.995,0.0,0.995,0.6616666666666666,0.3333333333333333,0.0,0.0,0.3333333333333333,0.3333333333333333,12500.0,12370.833333333334,0.0195,0.0519499999999999
0.05,0.05,weissman,size,p75,algorithm,qft,600,30,0.9283333333333333,0.0,0.9283333333333333,0.595,0.3333333333333333,0.0,0.0,0.3333333333333333,0.3333333333333333,12500.0,12370.833333333334,0.03225,0.06595
0.05,0.05,weissman,size,p75,algorithm,qnn,600,30,0.945,0.0,0.945,0.6116666666666667,0.3333333333333333,0.0,0.0,0.3333333333333333,0.3333333333333333,12500.0,12370.833333333334,0.0281944444444446,0.0550999999999999
0.05,0.05,weissman,size,p75,algorithm,random,600,30,0.9633333333333334,0.0,0.9633333333333334,0.63,0.3333333333333333,0.0,0.0,0.3333333333333333,0.3333333333333333,12500.0,12370.833333333334,0.0268333333333334,0.0548999999999999
0.05,0.05,weissman,size,p75,algorithm,vqe,600,30,1.0,0.0,1.0,0.6666666666666666,0.3333333333333333,0.0,0.0,0.3333333333333333,0.3333333333333333,12500.0,12370.833333333334,0.00475833333333325,0.0175499999999999
0.05,0.05,weissman,size,p90,algorithm,dj,600,30,1.0,0.0,1.0,0.6666666666666666,0.3333333333333333,0.0,0.0,0.3333333333333333,0.3333333333333333,14000.0,12583.333333333334,0.0045,0.0122499999999999
0.05,0.05,weissman,size,p90,algorithm,qaoa,600,30,1.0,0.0,1.0,0.6666666666666666,0.3333333333333333,0.0,0.0,0.3333333333333333,0.3333333333333333,14000.0,12583.333333333334,0.01875,0.0322
0.05,0.05,weissman,size,p90,algorithm,qft,600,30,1.0,0.0,1.0,0.6666666666666666,0.3333333333333333,0.0,0.0,0.3333333333333333,0.3333333333333333,14000.0,12583.333333333334,0.0300722222222223,0.0477499999999999
0.05,0.05,weissman,size,p90,algorithm,qnn,600,30,1.0,0.0,1.0,0.6666666666666666,0.3333333333333333,0.0,0.0,0.3333333333333333,0.3333333333333333,14000.0,12583.333333333334,0.0281,0.0432999999999999
0.05,0.05,weissman,size,p90,algorithm,random,600,30,1.0,0.0,1.0,0.6666666666666666,0.3333333333333333,0.0,0.0,0.3333333333333333,0.3333333333333333,14000.0,12583.333333333334,0.0268333333333334,0.04395
0.05,0.05,weissman,size,p90,algorithm,vqe,600,30,1.0,0.0,1.0,0.6666666666666666,0.3333333333333333,0.0,0.0,0.3333333333333333,0.3333333333333333,14000.0,12583.333333333334,0.0047499999999999,0.0155
0.05,0.05,weissman,size_algorithm,median,algorithm,dj,600,30,0.8916666666666667,0.0,0.8916666666666667,0.8916666666666667,0.0,0.0,0.0,0.0,0.0,2500.0,2654.1666666666665,0.02545,0.0558499999999995
0.05,0.05,weissman,size_algorithm,median,algorithm,qaoa,600,30,0.9633333333333334,0.0,0.9633333333333334,0.9633333333333334,0.0,0.0,0.0,0.0,0.0,12500.0,11000.0,0.03185,0.0519499999999999
0.05,0.05,weissman,size_algorithm,median,algorithm,qft,600,30,1.0,0.0,1.0,0.6666666666666666,0.3333333333333333,0.0,0.0,0.3333333333333333,0.3333333333333333,14000.0,12583.333333333334,0.0300722222222223,0.0477499999999999
0.05,0.05,weissman,size_algorithm,median,algorithm,qnn,600,30,0.8616666666666667,0.0,0.8616666666666667,0.5283333333333333,0.3333333333333333,0.0,0.0,0.3333333333333333,0.3333333333333333,12500.0,12205.833333333334,0.0281944444444446,0.0550999999999999
0.05,0.05,weissman,size_algorithm,median,algorithm,random,600,30,0.9016666666666666,0.0,0.9016666666666666,0.5683333333333334,0.3333333333333333,0.0,0.0,0.3333333333333333,0.3333333333333333,12500.0,11929.166666666666,0.029775000000000003,0.0548999999999999
0.05,0.05,weissman,size_algorithm,median,algorithm,vqe,600,30,0.9666666666666667,0.0,0.9666666666666667,0.9666666666666667,0.0,0.0,0.0,0.0,0.0,2500.0,3666.6666666666665,0.02785,0.0594499999999999
0.05,0.05,weissman,size_algorithm,p75,algorithm,dj,600,30,0.9633333333333334,0.0,0.9633333333333334,0.9633333333333334,0.0,0.0,0.0,0.0,0.0,2500.0,3483.3333333333335,0.02335,0.0558499999999995
0.05,0.05,weissman,size_algorithm,p75,algorithm,qaoa,600,30,0.9633333333333334,0.0,0.9633333333333334,0.9633333333333334,0.0,0.0,0.0,0.0,0.0,12500.0,11325.0,0.02885,0.0519499999999999
0.05,0.05,weissman,size_algorithm,p75,algorithm,qft,600,30,1.0,0.0,1.0,0.6666666666666666,0.3333333333333333,0.0,0.0,0.3333333333333333,0.3333333333333333,14000.0,12583.333333333334,0.0300722222222223,0.0477499999999999
0.05,0.05,weissman,size_algorithm,p75,algorithm,qnn,600,30,1.0,0.0,1.0,0.6666666666666666,0.3333333333333333,0.0,0.0,0.3333333333333333,0.3333333333333333,14000.0,12583.333333333334,0.0281,0.0432999999999999
0.05,0.05,weissman,size_algorithm,p75,algorithm,random,600,30,0.9633333333333334,0.0,0.9633333333333334,0.63,0.3333333333333333,0.0,0.0,0.3333333333333333,0.3333333333333333,12500.0,12473.333333333334,0.0268333333333334,0.0531166666666666
0.05,0.05,weissman,size_algorithm,p75,algorithm,vqe,600,30,0.9666666666666667,0.0,0.9666666666666667,0.9666666666666667,0.0,0.0,0.0,0.0,0.0,2500.0,3866.6666666666665,0.0262,0.0594499999999999
0.05,0.05,weissman,size_algorithm,p90,algorithm,dj,600,30,0.9633333333333334,0.0,0.9633333333333334,0.9633333333333334,0.0,0.0,0.0,0.0,0.0,2500.0,3483.3333333333335,0.02335,0.0558499999999995
0.05,0.05,weissman,size_algorithm,p90,algorithm,qaoa,600,30,0.9633333333333334,0.0,0.9633333333333334,0.9633333333333334,0.0,0.0,0.0,0.0,0.0,12500.0,11325.0,0.02885,0.0519499999999999
0.05,0.05,weissman,size_algorithm,p90,algorithm,qft,600,30,1.0,0.0,1.0,0.6666666666666666,0.3333333333333333,0.0,0.0,0.3333333333333333,0.3333333333333333,14000.0,12583.333333333334,0.0300722222222223,0.0477499999999999
0.05,0.05,weissman,size_algorithm,p90,algorithm,qnn,600,30,1.0,0.0,1.0,0.6666666666666666,0.3333333333333333,0.0,0.0,0.3333333333333333,0.3333333333333333,14000.0,12583.333333333334,0.0281,0.0432999999999999
0.05,0.05,weissman,size_algorithm,p90,algorithm,random,600,30,0.9633333333333334,0.0,0.9633333333333334,0.63,0.3333333333333333,0.0,0.0,0.3333333333333333,0.3333333333333333,12500.0,12473.333333333334,0.0268333333333334,0.0531166666666666
0.05,0.05,weissman,size_algorithm,p90,algorithm,vqe,600,30,0.9666666666666667,0.0,0.9666666666666667,0.9666666666666667,0.0,0.0,0.0,0.0,0.0,2500.0,3866.6666666666665,0.0262,0.0594499999999999
0.05,0.05,hoeffding,global,median,backend,fake_fez,700,36,0.73,0.0,0.73,0.24428571428571427,0.4857142857142857,0.16428571428571428,0.0,0.32142857142857145,0.4857142857142857,1000.0,10228.57142857143,0.0064,0.1985499999999999
0.05,0.05,hoeffding,global,median,backend,fake_kyiv,701,36,0.7546362339514978,0.0,0.7546362339514978,0.23823109843081314,0.5164051355206848,0.16405135520684735,0.0,0.35235378031383735,0.5164051355206848,20000.0,10811.69757489301,0.0,0.2099
0.05,0.05,hoeffding,global,median,backend,fake_marrakesh,712,36,0.7373595505617978,0.0,0.7373595505617978,0.21769662921348315,0.5196629213483146,0.175561797752809,0.0,0.3441011235955056,0.5196629213483146,20000.0,10873.595505617977,0.0,0.2082000000000001
0.05,0.05,hoeffding,global,median,backend,fake_sherbrooke,732,36,0.7663934426229508,0.0,0.7663934426229508,0.2896174863387978,0.476775956284153,0.15846994535519127,0.0,0.31830601092896177,0.476775956284153,1000.0,10058.743169398907,0.0063999999999999,0.20195
0.05,0.05,hoeffding,global,median,backend,fake_torino,755,36,0.7562913907284768,0.0,0.7562913907284768,0.2543046357615894,0.5019867549668874,0.17086092715231788,0.0,0.33112582781456956,0.5019867549668874,20000.0,10537.74834437086,0.0,0.20785
0.05,0.05,hoeffding,global,p75,backend,fake_fez,700,36,0.9157142857142857,0.0,0.9157142857142857,0.25285714285714284,0.6628571428571428,0.0,0.0,0.6628571428571428,0.6628571428571428,20000.0,13834.285714285714,0.0,0.06405
0.05,0.05,hoeffding,global,p75,backend,fake_kyiv,701,36,0.9714693295292439,0.0,0.9714693295292439,0.29101283880171186,0.6804564907275321,0.0,0.0,0.6804564907275321,0.6804564907275321,20000.0,14187.589158345221,0.0,0.0522
0.05,0.05,hoeffding,global,p75,backend,fake_marrakesh,712,36,0.8820224719101124,0.0,0.8820224719101124,0.21207865168539325,0.6699438202247191,0.0,0.0,0.6699438202247191,0.6699438202247191,20000.0,13971.207865168539,0.0,0.07015
0.05,0.05,hoeffding,global,p75,backend,fake_sherbrooke,732,36,0.9139344262295082,0.0,0.9139344262295082,0.25546448087431695,0.6584699453551912,0.0,0.0,0.6584699453551912,0.6584699453551912,20000.0,13769.125683060109,0.0,0.0591999999999999
0.05,0.05,hoeffding,global,p75,backend,fake_torino,755,36,0.9403973509933775,0.0,0.9403973509933775,0.2781456953642384,0.6622516556291391,0.0,0.0,0.6622516556291391,0.6622516556291391,20000.0,13833.112582781458,0.0,0.0636
0.05,0.05,hoeffding,global,p90,backend,fake_fez,700,36,0.9742857142857143,0.0,0.9742857142857143,0.15142857142857144,0.8228571428571428,0.16,0.0,0.6628571428571428,0.8228571428571428,20000.0,16634.285714285714,0.0,0.05205
0.05,0.05,hoeffding,global,p90,backend,fake_kyiv,701,36,0.9714693295292439,0.0,0.9714693295292439,0.11840228245363767,0.8530670470756063,0.17261055634807418,0.0,0.6804564907275321,0.8530670470756063,20000.0,17208.27389443652,0.0,0.0522
0.05,0.05,hoeffding,global,p90,backend,fake_marrakesh,712,36,0.9367977528089888,0.0,0.9367977528089888,0.10533707865168539,0.8314606741573034,0.16151685393258428,0.0,0.6699438202247191,0.8314606741573034,20000.0,16797.752808988764,0.0,0.07015
0.05,0.05,hoeffding,global,p90,backend,fake_sherbrooke,732,36,1.0,0.0,1.0,0.16939890710382513,0.8306010928961749,0.1721311475409836,0.0,0.6584699453551912,0.8306010928961749,20000.0,16781.420765027324,0.0,0.04915
0.05,0.05,hoeffding,global,p90,backend,fake_torino,755,36,1.0,0.0,1.0,0.17086092715231788,0.8291390728476821,0.16688741721854305,0.0,0.6622516556291391,0.8291390728476821,20000.0,16753.64238410596,0.0,0.0327
0.05,0.05,hoeffding,size,median,backend,fake_fez,700,36,0.9157142857142857,0.0,0.9157142857142857,0.5942857142857143,0.32142857142857145,0.32142857142857145,0.0,0.0,0.32142857142857145,10000.0,11241.42857142857,0.0114999999999999,0.06405
0.05,0.05,hoeffding,size,median,backend,fake_kyiv,701,36,0.9172610556348074,0.0,0.9172610556348074,0.5649072753209701,0.35235378031383735,0.35235378031383735,0.0,0.0,0.35235378031383735,15000.0,11726.818830242511,0.01155,0.0533999999999999
0.05,0.05,hoeffding,size,median,backend,fake_marrakesh,712,36,0.8609550561797753,0.0,0.8609550561797753,0.5168539325842697,0.3441011235955056,0.3441011235955056,0.0,0.0,0.3441011235955056,15000.0,11590.58988764045,0.0075,0.07015
0.05,0.05,hoeffding,size,median,backend,fake_sherbrooke,732,36,0.8360655737704918,0.0,0.8360655737704918,0.51775956284153,0.31830601092896177,0.31830601092896177,0.0,0.0,0.31830601092896177,10000.0,11159.83606557377,0.01335,0.0591999999999999
0.05,0.05,hoeffding,size,median,backend,fake_torino,755,36,0.909933774834437,0.0,0.909933774834437,0.5788079470198676,0.33112582781456956,0.33112582781456956,0.0,0.0,0.33112582781456956,15000.0,11376.15894039735,0.01475,0.0636
0.05,0.05,hoeffding,size,p75,backend,fake_fez,700,36,0.97,0.0,0.97,0.6485714285714286,0.32142857142857145,0.0,0.0,0.32142857142857145,0.32142857142857145,10000.0,12021.42857142857,0.0089,0.06405
0.05,0.05,hoeffding,size,p75,backend,fake_kyiv,701,36,0.9372325249643366,0.0,0.9372325249643366,0.5848787446504993,0.35235378031383735,0.0,0.0,0.35235378031383735,0.35235378031383735,15000.0,12425.106990014265,0.0103499999999999,0.0533999999999999
0.05,0.05,hoeffding,size,p75,backend,fake_marrakesh,712,36,0.9213483146067416,0.0,0.9213483146067416,0.577247191011236,0.3441011235955056,0.0,0.0,0.3441011235955056,0.3441011235955056,15000.0,12308.286516853932,0.0062333333333332505,0.07015
0.05,0.05,hoeffding,size,p75,backend,fake_sherbrooke,732,36,0.9344262295081968,0.0,0.9344262295081968,0.6161202185792349,0.31830601092896177,0.0,0.0,0.31830601092896177,0.31830601092896177,10000.0,11790.983606557376,0.0122499999999999,0.0548999999999999
0.05,0.05,hoeffding,size,p75,backend,fake_torino,755,36,0.9801324503311258,0.0,0.9801324503311258,0.6490066225165563,0.33112582781456956,0.0,0.0,0.33112582781456956,0.33112582781456956,15000.0,12073.509933774834,0.0089,0.0636
0.05,0.05,hoeffding,size,p90,backend,fake_fez,700,36,0.9957142857142857,0.0,0.9957142857142857,0.6742857142857143,0.32142857142857145,0.0,0.0,0.32142857142857145,0.32142857142857145,10000.0,12367.857142857143,0.0082499999999999,0.05205
0.05,0.05,hoeffding,size,p90,backend,fake_kyiv,701,36,0.9942938659058488,0.0,0.9942938659058488,0.6419400855920114,0.35235378031383735,0.0,0.0,0.35235378031383735,0.35235378031383735,18000.0,12840.941512125535,0.0070499999999999,0.0522
0.05,0.05,hoeffding,size,p90,backend,fake_marrakesh,712,36,0.9705056179775281,0.0,0.9705056179775281,0.6264044943820225,0.3441011235955056,0.0,0.0,0.3441011235955056,0.3441011235955056,18000.0,12712.780898876405,0.0047499999999999,0.07015
0.05,0.05,hoeffding,size,p90,backend,fake_sherbrooke,732,36,1.0,0.0,1.0,0.6816939890710383,0.31830601092896177,0.0,0.0,0.31830601092896177,0.31830601092896177,10000.0,12293.032786885246,0.0122499999999999,0.0477499999999999
0.05,0.05,hoeffding,size,p90,backend,fake_torino,755,36,1.0,0.0,1.0,0.6688741721854304,0.33112582781456956,0.0,0.0,0.33112582781456956,0.33112582781456956,18000.0,12536.423841059603,0.0089,0.04375
0.05,0.05,hoeffding,size_algorithm,median,backend,fake_fez,700,36,0.9671428571428572,0.0,0.9671428571428572,0.8185714285714286,0.14857142857142858,0.0,0.0,0.14857142857142858,0.14857142857142858,5000.0,8873.57142857143,0.0288277777777779,0.05055
0.05,0.05,hoeffding,size_algorithm,median,backend,fake_kyiv,701,36,0.9087018544935807,0.0,0.9087018544935807,0.7289586305278174,0.1797432239657632,0.0,0.0,0.1797432239657632,0.1797432239657632,5000.0,9011.412268188302,0.0345999999999999,0.0558499999999995
0.05,0.05,hoeffding,size_algorithm,median,backend,fake_marrakesh,712,36,0.9424157303370787,0.0,0.9424157303370787,0.7837078651685393,0.15870786516853932,0.0,0.0,0.15870786516853932,0.15870786516853932,5000.0,8595.505617977527,0.02355,0.0578
0.05,0.05,hoeffding,size_algorithm,median,backend,fake_sherbrooke,732,36,0.8907103825136612,0.0,0.8907103825136612,0.7199453551912568,0.17076502732240437,0.0,0.0,0.17076502732240437,0.17076502732240437,5000.0,8609.289617486338,0.0383999999999998,0.0548999999999999
0.05,0.05,hoeffding,size_algorithm,median,backend,fake_torino,755,36,0.9165562913907285,0.0,0.9165562913907285,0.7417218543046358,0.17483443708609273,0.0,0.0,0.17483443708609273,0.17483443708609273,5000.0,8904.635761589405,0.0322,0.0594499999999999
0.05,0.05,hoeffding,size_algorithm,p75,backend,fake_fez,700,36,1.0,0.0,1.0,0.8514285714285714,0.14857142857142858,0.0,0.0,0.14857142857142858,0.14857142857142858,10000.0,9374.285714285714,0.02785,0.0459
0.05,0.05,hoeffding,size_algorithm,p75,backend,fake_kyiv,701,36,0.9686162624821684,0.0,0.9686162624821684,0.7888730385164051,0.1797432239657632,0.0,0.0,0.1797432239657632,0.1797432239657632,5000.0,9444.365192582025,0.0310833333333334,0.0558499999999995
0.05,0.05,hoeffding,size_algorithm,p75,backend,fake_marrakesh,712,36,0.9691011235955056,0.0,0.9691011235955056,0.8103932584269663,0.15870786516853932,0.0,0.0,0.15870786516853932,0.15870786516853932,5000.0,8936.095505617977,0.02335,0.0578
0.05,0.05,hoeffding,size_algorithm,p75,backend,fake_sherbrooke,732,36,0.9398907103825137,0.0,0.9398907103825137,0.7691256830601093,0.17076502732240437,0.0,0.0,0.17076502732240437,0.17076502732240437,5000.0,8974.726775956284,0.0346,0.0531166666666666
0.05,0.05,hoeffding,size_algorithm,p75,backend,fake_torino,755,36,0.9735099337748344,0.0,0.9735099337748344,0.7986754966887417,0.17483443708609273,0.0,0.0,0.17483443708609273,0.17483443708609273,5000.0,9326.490066225166,0.0300722222222223,0.0594499999999999
0.05,0.05,hoeffding,size_algorithm,p90,backend,fake_fez,700,36,1.0,0.0,1.0,0.8514285714285714,0.14857142857142858,0.0,0.0,0.14857142857142858,0.14857142857142858,10000.0,9374.285714285714,0.02785,0.0459
0.05,0.05,hoeffding,size_algorithm,p90,backend,fake_kyiv,701,36,0.9686162624821684,0.0,0.9686162624821684,0.7888730385164051,0.1797432239657632,0.0,0.0,0.1797432239657632,0.1797432239657632,5000.0,9444.365192582025,0.0310833333333334,0.0558499999999995
0.05,0.05,hoeffding,size_algorithm,p90,backend,fake_marrakesh,712,36,0.9691011235955056,0.0,0.9691011235955056,0.8103932584269663,0.15870786516853932,0.0,0.0,0.15870786516853932,0.15870786516853932,5000.0,8936.095505617977,0.02335,0.0578
0.05,0.05,hoeffding,size_algorithm,p90,backend,fake_sherbrooke,732,36,0.9398907103825137,0.0,0.9398907103825137,0.7691256830601093,0.17076502732240437,0.0,0.0,0.17076502732240437,0.17076502732240437,5000.0,8974.726775956284,0.0346,0.0531166666666666
0.05,0.05,hoeffding,size_algorithm,p90,backend,fake_torino,755,36,0.9735099337748344,0.0,0.9735099337748344,0.7986754966887417,0.17483443708609273,0.0,0.0,0.17483443708609273,0.17483443708609273,5000.0,9326.490066225166,0.0300722222222223,0.0594499999999999
0.05,0.05,weissman,global,median,backend,fake_fez,700,36,0.73,0.0,0.73,0.4085714285714286,0.32142857142857145,0.0,0.0,0.32142857142857145,0.32142857142857145,5000.0,10115.714285714286,0.0194,0.09875
0.05,0.05,weissman,global,median,backend,fake_kyiv,701,36,0.7004279600570613,0.0,0.7004279600570613,0.34807417974322397,0.35235378031383735,0.0,0.0,0.35235378031383735,0.35235378031383735,15000.0,10647.646219686163,0.0156,0.0887499999999999
0.05,0.05,weissman,global,median,backend,fake_marrakesh,712,36,0.7471910112359551,0.0,0.7471910112359551,0.40308988764044945,0.3441011235955056,0.0,0.0,0.3441011235955056,0.3441011235955056,15000.0,10596.91011235955,0.01024999999999995,0.0984499999999999
0.05,0.05,weissman,global,median,backend,fake_sherbrooke,732,36,0.6885245901639344,0.0,0.6885245901639344,0.3702185792349727,0.31830601092896177,0.0,0.0,0.31830601092896177,0.31830601092896177,5000.0,9993.169398907105,0.02225,0.0997499999999999
0.05,0.05,weissman,global,median,backend,fake_torino,755,36,0.752317880794702,0.0,0.752317880794702,0.42119205298013246,0.33112582781456956,0.0,0.0,0.33112582781456956,0.33112582781456956,15000.0,10324.503311258279,0.0214999999999999,0.1033499999999999
0.05,0.05,weissman,global,p75,backend,fake_fez,700,36,0.9742857142857143,0.0,0.9742857142857143,0.48857142857142855,0.4857142857142857,0.0,0.0,0.4857142857142857,0.4857142857142857,10000.0,12462.857142857143,0.0053999999999999,0.05205
0.05,0.05,weissman,global,p75,backend,fake_kyiv,701,36,0.9714693295292439,0.0,0.9714693295292439,0.4550641940085592,0.5164051355206848,0.0,0.0,0.5164051355206848,0.5164051355206848,20000.0,12978.601997146932,0.0,0.0522
0.05,0.05,weissman,global,p75,backend,fake_marrakesh,712,36,0.9367977528089888,0.0,0.9367977528089888,0.41713483146067415,0.5196629213483146,0.0,0.0,0.5196629213483146,0.5196629213483146,20000.0,12872.191011235955,0.0,0.07015
0.05,0.05,weissman,global,p75,backend,fake_sherbrooke,732,36,1.0,0.0,1.0,0.523224043715847,0.476775956284153,0.0,0.0,0.476775956284153,0.476775956284153,10000.0,12382.513661202185,0.0063999999999999,0.04915
0.05,0.05,weissman,global,p75,backend,fake_torino,755,36,1.0,0.0,1.0,0.49801324503311256,0.5019867549668874,0.0,0.0,0.5019867549668874,0.5019867549668874,20000.0,12647.682119205298,0.0,0.04375
0.05,0.05,weissman,global,p90,backend,fake_fez,700,36,1.0,0.0,1.0,0.5142857142857142,0.4857142857142857,0.0,0.0,0.4857142857142857,0.4857142857142857,15000.0,13614.285714285714,0.0035,0.04
0.05,0.05,weissman,global,p90,backend,fake_kyiv,701,36,1.0,0.0,1.0,0.48359486447931527,0.5164051355206848,0.0,0.0,0.5164051355206848,0.5164051355206848,20000.0,14019.25820256776,0.0,0.0355
0.05,0.05,weissman,global,p90,backend,fake_marrakesh,712,36,1.0,0.0,1.0,0.4803370786516854,0.5196629213483146,0.0,0.0,0.5196629213483146,0.5196629213483146,20000.0,13876.404494382023,0.0,0.04145
0.05,0.05,weissman,global,p90,backend,fake_sherbrooke,732,36,1.0,0.0,1.0,0.523224043715847,0.476775956284153,0.0,0.0,0.476775956284153,0.476775956284153,15000.0,13545.081967213115,0.0043,0.0386999999999999
0.05,0.05,weissman,global,p90,backend,fake_torino,755,36,1.0,0.0,1.0,0.49801324503311256,0.5019867549668874,0.0,0.0,0.5019867549668874,0.5019867549668874,20000.0,13705.298013245034,0.0,0.0387499999999999
0.05,0.05,weissman,size,median,backend,fake_fez,700,36,0.9414285714285714,0.0,0.9414285714285714,0.62,0.32142857142857145,0.32142857142857145,0.0,0.0,0.32142857142857145,10000.0,11507.142857142857,0.0089,0.06405
0.05,0.05,weissman,size,median,backend,fake_kyiv,701,36,0.9457917261055635,0.0,0.9457917261055635,0.5934379457917262,0.35235378031383735,0.35235378031383735,0.0,0.0,0.35235378031383735,15000.0,11947.2182596291,0.0105499999999999,0.0533999999999999
0.05,0.05,weissman,size,median,backend,fake_marrakesh,712,36,0.9241573033707865,0.0,0.9241573033707865,0.5800561797752809,0.3441011235955056,0.3441011235955056,0.0,0.0,0.3441011235955056,15000.0,11843.398876404495,0.00649999999999995,0.06595
0.05,0.05,weissman,size,median,backend,fake_sherbrooke,732,36,0.8360655737704918,0.0,0.8360655737704918,0.51775956284153,0.31830601092896177,0.31830601092896177,0.0,0.0,0.31830601092896177,10000.0,11413.934426229509,0.01335,0.0591999999999999
0.05,0.05,weissman,size,median,backend,fake_torino,755,36,0.909933774834437,0.0,0.909933774834437,0.5788079470198676,0.33112582781456956,0.33112582781456956,0.0,0.0,0.33112582781456956,15000.0,11632.450331125829,0.0107499999999999,0.0636
0.05,0.05,weissman,size,p75,backend,fake_fez,700,36,0.9957142857142857,0.0,0.9957142857142857,0.6742857142857143,0.32142857142857145,0.0,0.0,0.32142857142857145,0.32142857142857145,10000.0,12287.142857142857,0.0082499999999999,0.06405
0.05,0.05,weissman,size,p75,backend,fake_kyiv,701,36,0.9657631954350927,0.0,0.9657631954350927,0.6134094151212554,0.35235378031383735,0.0,0.0,0.35235378031383735,0.35235378031383735,15000.0,12645.506419400856,0.0091499999999999,0.0533999999999999
0.05,0.05,weissman,size,p75,backend,fake_marrakesh,712,36,0.9845505617977528,0.0,0.9845505617977528,0.6404494382022472,0.3441011235955056,0.0,0.0,0.3441011235955056,0.3441011235955056,15000.0,12561.095505617977,0.0047666666666666,0.06595
0.05,0.05,weissman,size,p75,backend,fake_sherbrooke,732,36,0.9344262295081968,0.0,0.9344262295081968,0.6161202185792349,0.31830601092896177,0.0,0.0,0.31830601092896177,0.31830601092896177,10000.0,12045.081967213115,0.0122499999999999,0.0548999999999999
0.05,0.05,weissman,size,p75,backend,fake_torino,755,36,0.9801324503311258,0.0,0.9801324503311258,0.6490066225165563,0.33112582781456956,0.0,0.0,0.33112582781456956,0.33112582781456956,15000.0,12329.80132450331,0.0089,0.0636
0.05,0.05,weissman,size,p90,backend,fake_fez,700,36,1.0,0.0,1.0,0.6785714285714286,0.32142857142857145,0.0,0.0,0.32142857142857145,0.32142857142857145,10000.0,12400.0,0.0082499999999999,0.0459
0.05,0.05,weissman,size,p90,backend,fake_kyiv,701,36,1.0,0.0,1.0,0.6476462196861626,0.35235378031383735,0.0,0.0,0.35235378031383735,0.35235378031383735,18000.0,12870.89871611983,0.0070499999999999,0.04395
0.05,0.05,weissman,size,p90,backend,fake_marrakesh,712,36,1.0,0.0,1.0,0.6558988764044944,0.3441011235955056,0.0,0.0,0.3441011235955056,0.3441011235955056,18000.0,12773.876404494382,0.00469999999999995,0.0439
0.05,0.05,weissman,size,p90,backend,fake_sherbrooke,732,36,1.0,0.0,1.0,0.6816939890710383,0.31830601092896177,0.0,0.0,0.31830601092896177,0.31830601092896177,10000.0,12319.672131147541,0.0122499999999999,0.0477499999999999
0.05,0.05,weissman,size,p90,backend,fake_torino,755,36,1.0,0.0,1.0,0.6688741721854304,0.33112582781456956,0.0,0.0,0.33112582781456956,0.33112582781456956,18000.0,12562.25165562914,0.0089,0.04375
0.05,0.05,weissman,size_algorithm,median,backend,fake_fez,700,36,0.9671428571428572,0.0,0.9671428571428572,0.8185714285714286,0.14857142857142858,0.0,0.0,0.14857142857142858,0.14857142857142858,5000.0,9100.714285714286,0.028147222222222303,0.05055
0.05,0.05,weissman,size_algorithm,median,backend,fake_kyiv,701,36,0.9087018544935807,0.0,0.9087018544935807,0.7289586305278174,0.1797432239657632,0.0,0.0,0.1797432239657632,0.1797432239657632,5000.0,9189.015691868759,0.0336,0.0558499999999995
0.05,0.05,weissman,size_algorithm,median,backend,fake_marrakesh,712,36,0.973314606741573,0.0,0.973314606741573,0.8146067415730337,0.15870786516853932,0.0,0.0,0.15870786516853932,0.15870786516853932,5000.0,8799.859550561798,0.0235388888888893,0.0539
0.05,0.05,weissman,size_algorithm,median,backend,fake_sherbrooke,732,36,0.8907103825136612,0.0,0.8907103825136612,0.7199453551912568,0.17076502732240437,0.0,0.0,0.17076502732240437,0.17076502732240437,5000.0,8824.453551912567,0.0358,0.0548999999999999
0.05,0.05,weissman,size_algorithm,median,backend,fake_torino,755,36,0.9165562913907285,0.0,0.9165562913907285,0.7417218543046358,0.17483443708609273,0.0,0.0,0.17483443708609273,0.17483443708609273,5000.0,9121.192052980132,0.0302611111111118,0.0594499999999999
0.05,0.05,weissman,size_algorithm,p75,backend,fake_fez,700,36,1.0,0.0,1.0,0.8514285714285714,0.14857142857142858,0.0,0.0,0.14857142857142858,0.14857142857142858,10000.0,9547.857142857143,0.02745,0.0459
0.05,0.05,weissman,size_algorithm,p75,backend,fake_kyiv,701,36,0.9686162624821684,0.0,0.9686162624821684,0.7888730385164051,0.1797432239657632,0.0,0.0,0.1797432239657632,0.1797432239657632,5000.0,9592.011412268188,0.0306833333333335,0.0558499999999995
0.05,0.05,weissman,size_algorithm,p75,backend,fake_marrakesh,712,36,1.0,0.0,1.0,0.8412921348314607,0.15870786516853932,0.0,0.0,0.15870786516853932,0.15870786516853932,5000.0,9140.449438202248,0.02335,0.0439
0.05,0.05,weissman,size_algorithm,p75,backend,fake_sherbrooke,732,36,0.9398907103825137,0.0,0.9398907103825137,0.7691256830601093,0.17076502732240437,0.0,0.0,0.17076502732240437,0.17076502732240437,5000.0,9153.005464480875,0.0299111111111112,0.0531166666666666
0.05,0.05,weissman,size_algorithm,p75,backend,fake_torino,755,36,0.9735099337748344,0.0,0.9735099337748344,0.7986754966887417,0.17483443708609273,0.0,0.0,0.17483443708609273,0.17483443708609273,5000.0,9501.324503311258,0.0298000000000001,0.0594499999999999
0.05,0.05,weissman,size_algorithm,p90,backend,fake_fez,700,36,1.0,0.0,1.0,0.8514285714285714,0.14857142857142858,0.0,0.0,0.14857142857142858,0.14857142857142858,10000.0,9547.857142857143,0.02745,0.0459
0.05,0.05,weissman,size_algorithm,p90,backend,fake_kyiv,701,36,0.9686162624821684,0.0,0.9686162624821684,0.7888730385164051,0.1797432239657632,0.0,0.0,0.1797432239657632,0.1797432239657632,5000.0,9592.011412268188,0.0306833333333335,0.0558499999999995
0.05,0.05,weissman,size_algorithm,p90,backend,fake_marrakesh,712,36,1.0,0.0,1.0,0.8412921348314607,0.15870786516853932,0.0,0.0,0.15870786516853932,0.15870786516853932,5000.0,9140.449438202248,0.02335,0.0439
0.05,0.05,weissman,size_algorithm,p90,backend,fake_sherbrooke,732,36,0.9398907103825137,0.0,0.9398907103825137,0.7691256830601093,0.17076502732240437,0.0,0.0,0.17076502732240437,0.17076502732240437,5000.0,9153.005464480875,0.0299111111111112,0.0531166666666666
0.05,0.05,weissman,size_algorithm,p90,backend,fake_torino,755,36,0.9735099337748344,0.0,0.9735099337748344,0.7986754966887417,0.17483443708609273,0.0,0.0,0.17483443708609273,0.17483443708609273,5000.0,9501.324503311258,0.0298000000000001,0.0594499999999999
