min_abs_restart_delta,policy,failure_fraction,runs,defined_runs,defined_rate,median_handoff_transfer_coeff,mean_handoff_transfer_coeff,median_abs_delta_tvd
0.005,controller_reset,0.1,720,602,0.8361111111111111,0.9098505297617436,0.9119508221307931,0.04689067150063045
0.005,controller_reset,0.25,720,602,0.8361111111111111,0.7694989732940983,0.7724878741246324,0.0433245724346076
0.005,controller_reset,0.5,720,602,0.8361111111111111,0.5415664757143563,0.5660558771206311,0.0364641193039843
0.005,controller_reset,0.75,720,602,0.8361111111111111,0.322193777671151,0.35857174725086133,0.0219402919735626
0.005,controller_reset,0.9,720,602,0.8361111111111111,0.21355098596480998,0.25034633106684373,0.0135987410284094
0.005,epoch_local,0.1,720,602,0.8361111111111111,0.9154981996919842,0.9176395816136653,0.0477287427720343
0.005,epoch_local,0.25,720,602,0.8361111111111111,0.804954832981418,0.8043744508852442,0.04445749999999995
0.005,epoch_local,0.5,720,602,0.8361111111111111,0.6697241683224224,0.6699276146732946,0.04071285490722105
0.005,epoch_local,0.75,720,602,0.8361111111111111,0.5721700510726071,0.572507857741315,0.036678005050505
0.005,epoch_local,0.9,720,602,0.8361111111111111,0.527458406948305,0.5277721742848934,0.033237242293587
0.005,fixed_decay_0.25,0.1,720,602,0.8361111111111111,0.9778355084041621,0.9800932921935129,0.0516184552613341
0.005,fixed_decay_0.25,0.25,720,602,0.8361111111111111,0.9413400498995141,0.9421205923398547,0.04929614020749955
0.005,fixed_decay_0.25,0.5,720,602,0.8361111111111111,0.8829892293012025,0.8857267078989309,0.0458053478907944
0.005,fixed_decay_0.25,0.75,720,602,0.8361111111111111,0.8249626964556049,0.8258583693857237,0.045439868421052604
0.005,fixed_decay_0.25,0.9,720,602,0.8361111111111111,0.7844460610829886,0.7931879417094773,0.0449054588124549
0.005,fixed_decay_0.5,0.1,720,602,0.8361111111111111,0.9546539881016263,0.9549684714330672,0.05021848120485365
0.005,fixed_decay_0.5,0.25,720,602,0.8361111111111111,0.8840073742945671,0.8851187594311645,0.04621858103546755
0.005,fixed_decay_0.5,0.5,720,602,0.8361111111111111,0.7657729026204482,0.7711233369395736,0.043963772434422455
0.005,fixed_decay_0.5,0.75,720,602,0.8361111111111111,0.6455895274858943,0.6702312507048865,0.04078453071784775
0.005,fixed_decay_0.5,0.9,720,602,0.8361111111111111,0.5796277174805298,0.6042600951019679,0.03834846335453995
0.005,fixed_decay_0.75,0.1,720,602,0.8361111111111111,0.9316345485252613,0.9343351675417442,0.048538526958509
0.005,fixed_decay_0.75,0.25,720,602,0.8361111111111111,0.8263881881050446,0.8286446945694703,0.04450404102678345
0.005,fixed_decay_0.75,0.5,720,602,0.8361111111111111,0.6530236980232507,0.6717752365414031,0.040298823452689
0.005,fixed_decay_0.75,0.75,720,602,0.8361111111111111,0.4779407083211555,0.5110575210542322,0.03232579311680135
0.005,fixed_decay_0.75,0.9,720,602,0.8361111111111111,0.3776794937416834,0.41843121306532377,0.0256268972379775
0.005,full_restart,0.1,720,602,0.8361111111111111,1.0,1.0,0.05319392857142855
0.005,full_restart,0.25,720,602,0.8361111111111111,1.0,1.0,0.05319392857142855
0.005,full_restart,0.5,720,602,0.8361111111111111,1.0,1.0,0.05319392857142855
0.005,full_restart,0.75,720,602,0.8361111111111111,1.0,1.0,0.05319392857142855
0.005,full_restart,0.9,720,602,0.8361111111111111,1.0,1.0,0.05319392857142855
0.005,naive_continuation,0.1,720,602,0.8361111111111111,0.9098505297617436,0.9119508221307931,0.04689067150063045
0.005,naive_continuation,0.25,720,602,0.8361111111111111,0.7694989732940983,0.7724878741246324,0.0433245724346076
0.005,naive_continuation,0.5,720,602,0.8361111111111111,0.5415664757143563,0.5660558771206311,0.0364641193039843
0.005,naive_continuation,0.75,720,602,0.8361111111111111,0.3186234519343035,0.35518897873151256,0.021600946376116
0.005,naive_continuation,0.9,720,602,0.8361111111111111,0.2066534504897755,0.23710852482374098,0.013136123949579751
0.005,shift_aware_decay,0.1,720,602,0.8361111111111111,0.9337573375631842,0.9325910067398142,0.04786538288856315
0.005,shift_aware_decay,0.25,720,602,0.8361111111111111,0.8037498201019679,0.8078887427583872,0.0441995325659731
0.005,shift_aware_decay,0.5,720,602,0.8361111111111111,0.5923908830600204,0.6265390047217363,0.03843290616337195
0.005,shift_aware_decay,0.75,720,602,0.8361111111111111,0.40294858170622905,0.43859904604179883,0.02539287826063175
0.005,shift_aware_decay,0.9,720,602,0.8361111111111111,0.29713391164600833,0.3371362556536473,0.017918928030689348
0.01,controller_reset,0.1,720,556,0.7722222222222223,0.9096352467524382,0.9110375540690148,0.04689067150063045
0.01,controller_reset,0.25,720,556,0.7722222222222223,0.7686040118197723,0.771374571588802,0.0433245724346076
0.01,controller_reset,0.5,720,556,0.7722222222222223,0.5419019365928033,0.5610953901954849,0.0364641193039843
0.01,controller_reset,0.75,720,556,0.7722222222222223,0.3234223231986384,0.35996683272744784,0.0219402919735626
0.01,controller_reset,0.9,720,556,0.7722222222222223,0.21355098596480998,0.25071692695038494,0.0135987410284094
0.01,epoch_local,0.1,720,556,0.7722222222222223,0.9151642973420221,0.915156521464251,0.0477287427720343
0.01,epoch_local,0.25,720,556,0.7722222222222223,0.8042259384350443,0.8038260211910174,0.04445749999999995
0.01,epoch_local,0.5,720,556,0.7722222222222223,0.6690152218633366,0.6683251122879135,0.04071285490722105
0.01,epoch_local,0.75,720,556,0.7722222222222223,0.571521414749858,0.5722913777554055,0.036678005050505
0.01,epoch_local,0.9,720,556,0.7722222222222223,0.5267429700091283,0.5269096975085932,0.033237242293587
0.01,fixed_decay_0.25,0.1,720,556,0.7722222222222223,0.9777406540939488,0.9780619468042288,0.0516184552613341
0.01,fixed_decay_0.25,0.25,720,556,0.7722222222222223,0.9414273741071133,0.9431897954801162,0.04929614020749955
0.01,fixed_decay_0.25,0.5,720,556,0.7722222222222223,0.8816371767774696,0.882469144655712,0.0458053478907944
0.01,fixed_decay_0.25,0.75,720,556,0.7722222222222223,0.8237887766121794,0.8232912627668058,0.045439868421052604
0.01,fixed_decay_0.25,0.9,720,556,0.7722222222222223,0.7835321218598077,0.7894172145770756,0.0449054588124549
0.01,fixed_decay_0.5,0.1,720,556,0.7722222222222223,0.9548962354740127,0.9558686571818662,0.05021848120485365
0.01,fixed_decay_0.5,0.25,720,556,0.7722222222222223,0.8826904618337361,0.8842415965933961,0.04621858103546755
0.01,fixed_decay_0.5,0.5,720,556,0.7722222222222223,0.7639203190421793,0.7679276430277576,0.043963772434422455
0.01,fixed_decay_0.5,0.75,720,556,0.7722222222222223,0.6453735630350317,0.6654413378775275,0.04078453071784775
0.01,fixed_decay_0.5,0.9,720,556,0.7722222222222223,0.5808503412353898,0.6013948940125455,0.03834846335453995
0.01,fixed_decay_0.75,0.1,720,556,0.7722222222222223,0.9320714108559103,0.9344887349481571,0.048538526958509
0.01,fixed_decay_0.75,0.25,720,556,0.7722222222222223,0.8257546813849728,0.8277779965009454,0.04450404102678345
0.01,fixed_decay_0.75,0.5,720,556,0.7722222222222223,0.6522187241647484,0.6676582667585391,0.040298823452689
0.01,fixed_decay_0.75,0.75,720,556,0.7722222222222223,0.47880891653693325,0.5104267093828663,0.03232579311680135
0.01,fixed_decay_0.75,0.9,720,556,0.7722222222222223,0.3776794937416834,0.4166076881226795,0.0256268972379775
0.01,full_restart,0.1,720,556,0.7722222222222223,1.0,1.0,0.05319392857142855
0.01,full_restart,0.25,720,556,0.7722222222222223,1.0,1.0,0.05319392857142855
0.01,full_restart,0.5,720,556,0.7722222222222223,1.0,1.0,0.05319392857142855
0.01,full_restart,0.75,720,556,0.7722222222222223,1.0,1.0,0.05319392857142855
0.01,full_restart,0.9,720,556,0.7722222222222223,1.0,1.0,0.05319392857142855
0.01,naive_continuation,0.1,720,556,0.7722222222222223,0.9096352467524382,0.9110375540690148,0.04689067150063045
0.01,naive_continuation,0.25,720,556,0.7722222222222223,0.7686040118197723,0.771374571588802,0.0433245724346076
0.01,naive_continuation,0.5,720,556,0.7722222222222223,0.5419019365928033,0.5610953901954849,0.0364641193039843
0.01,naive_continuation,0.75,720,556,0.7722222222222223,0.32177176590220424,0.3568088319218723,0.021600946376116
0.01,naive_continuation,0.9,720,556,0.7722222222222223,0.2066534504897755,0.2385252043026418,0.013136123949579751
0.01,shift_aware_decay,0.1,720,556,0.7722222222222223,0.9335897396307373,0.933740123250634,0.04786538288856315
0.01,shift_aware_decay,0.25,720,556,0.7722222222222223,0.8033569100346363,0.8101343702462639,0.0441995325659731
0.01,shift_aware_decay,0.5,720,556,0.7722222222222223,0.5947525281398165,0.624838219519523,0.03843290616337195
0.01,shift_aware_decay,0.75,720,556,0.7722222222222223,0.40370323619487536,0.44338373154164706,0.02539287826063175
0.01,shift_aware_decay,0.9,720,556,0.7722222222222223,0.297826563510188,0.3421497960807904,0.017918928030689348
0.02,controller_reset,0.1,720,478,0.6638888888888889,0.9085422535326919,0.9076045376598554,0.04689067150063045
0.02,controller_reset,0.25,720,478,0.6638888888888889,0.7652061581052436,0.7707271896046,0.0433245724346076
0.02,controller_reset,0.5,720,478,0.6638888888888889,0.5425172166345174,0.5597895684280492,0.0364641193039843
0.02,controller_reset,0.75,720,478,0.6638888888888889,0.33027160564182717,0.3607658824406615,0.0219402919735626
0.02,controller_reset,0.9,720,478,0.6638888888888889,0.21311818982347258,0.25334901672317867,0.0135987410284094
0.02,epoch_local,0.1,720,478,0.6638888888888889,0.914012571519323,0.912556758316498,0.0477287427720343
0.02,epoch_local,0.25,720,478,0.6638888888888889,0.8045106433750383,0.8025155626897523,0.04445749999999995
0.02,epoch_local,0.5,720,478,0.6638888888888889,0.6697241683224224,0.6681899739191267,0.04071285490722105
0.02,epoch_local,0.75,720,478,0.6638888888888889,0.571521414749858,0.5728855924493723,0.036678005050505
0.02,epoch_local,0.9,720,478,0.6638888888888889,0.5264214812855681,0.5270947824354189,0.033237242293587
0.02,fixed_decay_0.25,0.1,720,478,0.6638888888888889,0.9769799529372507,0.9766723737673791,0.0516184552613341
0.02,fixed_decay_0.25,0.25,720,478,0.6638888888888889,0.9413400498995141,0.9420487683201457,0.04929614020749955
0.02,fixed_decay_0.25,0.5,720,478,0.6638888888888889,0.8813393632473521,0.8809289371064327,0.0458053478907944
0.02,fixed_decay_0.25,0.75,720,478,0.6638888888888889,0.8239861660722952,0.8237576231883618,0.045439868421052604
0.02,fixed_decay_0.25,0.9,720,478,0.6638888888888889,0.7835321218598077,0.7896385168219378,0.0449054588124549
0.02,fixed_decay_0.5,0.1,720,478,0.6638888888888889,0.9538953149152389,0.9542078144196502,0.05021848120485365
0.02,fixed_decay_0.5,0.25,720,478,0.6638888888888889,0.8821127343823629,0.8814529132113303,0.04621858103546755
0.02,fixed_decay_0.5,0.5,720,478,0.6638888888888889,0.7651589599302315,0.7683743876703985,0.043963772434422455
0.02,fixed_decay_0.5,0.75,720,478,0.6638888888888889,0.6453229057211681,0.6646303735280752,0.04078453071784775
0.02,fixed_decay_0.5,0.9,720,478,0.6638888888888889,0.5787399688591349,0.6000590331545361,0.03834846335453995
0.02,fixed_decay_0.75,0.1,720,478,0.6638888888888889,0.9309825993192508,0.9311087476236797,0.048538526958509
0.02,fixed_decay_0.75,0.25,720,478,0.6638888888888889,0.8230436567392618,0.8259640888548022,0.04450404102678345
0.02,fixed_decay_0.75,0.5,720,478,0.6638888888888889,0.6495349570233623,0.663664024089798,0.040298823452689
0.02,fixed_decay_0.75,0.75,720,478,0.6638888888888889,0.479606280466461,0.5082227961323641,0.03232579311680135
0.02,fixed_decay_0.75,0.9,720,478,0.6638888888888889,0.3776794937416834,0.4144108309325219,0.0256268972379775
0.02,full_restart,0.1,720,478,0.6638888888888889,1.0,1.0,0.05319392857142855
0.02,full_restart,0.25,720,478,0.6638888888888889,1.0,1.0,0.05319392857142855
0.02,full_restart,0.5,720,478,0.6638888888888889,1.0,1.0,0.05319392857142855
0.02,full_restart,0.75,720,478,0.6638888888888889,1.0,1.0,0.05319392857142855
0.02,full_restart,0.9,720,478,0.6638888888888889,1.0,1.0,0.05319392857142855
0.02,naive_continuation,0.1,720,478,0.6638888888888889,0.9085422535326919,0.9076045376598554,0.04689067150063045
0.02,naive_continuation,0.25,720,478,0.6638888888888889,0.7652061581052436,0.7707271896046,0.0433245724346076
0.02,naive_continuation,0.5,720,478,0.6638888888888889,0.5425172166345174,0.5597895684280492,0.0364641193039843
0.02,naive_continuation,0.75,720,478,0.6638888888888889,0.32750525228855565,0.35776130650268984,0.021600946376116
0.02,naive_continuation,0.9,720,478,0.6638888888888889,0.20970597427885637,0.24721297436279946,0.013136123949579751
0.02,shift_aware_decay,0.1,720,478,0.6638888888888889,0.9291125855902586,0.9316223245438131,0.04786538288856315
0.02,shift_aware_decay,0.25,720,478,0.6638888888888889,0.7977427635186267,0.8111853771345037,0.0441995325659731
0.02,shift_aware_decay,0.5,720,478,0.6638888888888889,0.5969839118872993,0.6262347430506837,0.03843290616337195
0.02,shift_aware_decay,0.75,720,478,0.6638888888888889,0.4094795443428282,0.44818798538211574,0.02539287826063175
0.02,shift_aware_decay,0.9,720,478,0.6638888888888889,0.30528836671426435,0.3512947437820136,0.017918928030689348
