policy,failure_fraction,runs,median_final_tvd_to_aer,mean_final_tvd_to_aer,q25_final_tvd_to_aer,q75_final_tvd_to_aer,p95_final_tvd_to_aer,median_final_tvd_to_aer_ci_low,median_final_tvd_to_aer_ci_high,median_delta_tvd_vs_no_failure,mean_delta_tvd_vs_no_failure,q25_delta_tvd_vs_no_failure,q75_delta_tvd_vs_no_failure,p95_delta_tvd_vs_no_failure,median_delta_tvd_vs_no_failure_ci_low,median_delta_tvd_vs_no_failure_ci_high,median_abs_delta_tvd,mean_abs_delta_tvd,q25_abs_delta_tvd,q75_abs_delta_tvd,p95_abs_delta_tvd,median_abs_delta_tvd_ci_low,median_abs_delta_tvd_ci_high,median_handoff_transfer_coeff,mean_handoff_transfer_coeff,q25_handoff_transfer_coeff,q75_handoff_transfer_coeff,p95_handoff_transfer_coeff,median_handoff_transfer_coeff_ci_low,median_handoff_transfer_coeff_ci_high,median_target_evidence_share,mean_target_evidence_share,q25_target_evidence_share,q75_target_evidence_share,p95_target_evidence_share,median_target_evidence_share_ci_low,median_target_evidence_share_ci_high,median_handoff_response_minus_target_evidence_share,mean_handoff_response_minus_target_evidence_share,q25_handoff_response_minus_target_evidence_share,q75_handoff_response_minus_target_evidence_share,p95_handoff_response_minus_target_evidence_share,median_handoff_response_minus_target_evidence_share_ci_low,median_handoff_response_minus_target_evidence_share_ci_high,median_physical_shots_total,mean_physical_shots_total,q25_physical_shots_total,q75_physical_shots_total,p95_physical_shots_total,median_physical_shots_total_ci_low,median_physical_shots_total_ci_high,median_post_failure_shots,mean_post_failure_shots,q25_post_failure_shots,q75_post_failure_shots,p95_post_failure_shots,median_post_failure_shots_ci_low,median_post_failure_shots_ci_high,median_shot_overhead_vs_no_failure,mean_shot_overhead_vs_no_failure,q25_shot_overhead_vs_no_failure,q75_shot_overhead_vs_no_failure,p95_shot_overhead_vs_no_failure,median_shot_overhead_vs_no_failure_ci_low,median_shot_overhead_vs_no_failure_ci_high,median_discarded_or_downweighted_shots,mean_discarded_or_downweighted_shots,q25_discarded_or_downweighted_shots,q75_discarded_or_downweighted_shots,p95_discarded_or_downweighted_shots,median_discarded_or_downweighted_shots_ci_low,median_discarded_or_downweighted_shots_ci_high,target_violation_rate
controller_reset,0.1,720,0.2328925,0.2936935772069259,0.12502613240418115,0.3945310564475977,0.7611738608402637,0.1638973214285714,0.30193688113691547,-0.0041019476224224,-0.001166372067378681,-0.050576266638918246,0.045082026563412425,0.15067937114934482,-0.00920985598001288,-0.00101322584603645,0.04689067150063045,0.06405821218351201,0.0141538203463203,0.09392666758730858,0.18380133509388785,0.027530309329689712,0.0651916126073542,0.9096352467524382,0.9110375540690148,0.8745343421848579,0.9463175627006346,1.058867375304381,0.9050109313713591,0.9165502641631539,0.9090909090909091,0.9067204560568334,0.8988095238095238,0.9141183035714285,0.9361702127659575,0.9073112715535225,0.9090909090909091,0.0010760594542993385,0.004706889616055115,-0.02465930033631139,0.03453807473850687,0.15053599376059051,-0.0012909119447965245,0.005756673126938561,7775.0,10974.166666666666,3700.0,21737.5,22000.0,4650.0,16450.0,7100.0,9948.611111111111,3300.0,20000.0,20000.0,4250.0,15100.0,350.0,551.9444444444445,-250.0,2000.0,2054.9999999999955,150.0,1000.0,0.0,0.0,0.0,0.0,0.0,0.0,0.0,0.9069444444444444
controller_reset,0.25,720,0.23340995216515606,0.2922850160083098,0.12722640725288825,0.38647444444444445,0.7692026141975307,0.16296701388888885,0.30444031070084476,-0.0069816179001720505,-0.0025749332659948214,-0.0461306451612903,0.03711135246043265,0.13054424390064662,-0.01231857543053295,-0.003163758624240509,0.0433245724346076,0.056028926260665,0.014378038628038624,0.08065160415289699,0.1599709020737325,0.029972532178217774,0.05469142401960784,0.7686040118197723,0.771374571588802,0.7135795683105428,0.8254938511239729,1.0255804170450569,0.7555177485251061,0.7776385792146654,0.7763975155279503,0.770818005107809,0.7428224687933426,0.8,0.8348156301596037,0.7633568075117371,0.7950056818181819,0.0012594113282923258,0.0017432637852090045,-0.035001562031756694,0.04026779484658763,0.25159899678342784,-0.0031665100220876915,0.006430855511039224,7650.0,11785.138888888889,3950.0,22800.0,25000.0,4650.0,16702.499999999985,5900.0,9193.75,3037.5,17837.5,20000.0,3650.0,12300.0,450.0,1362.9166666666667,-250.0,3550.0,5000.0,250.0,1050.0,0.0,0.0,0.0,0.0,0.0,0.0,0.0,0.9
controller_reset,0.5,720,0.2451600142335374,0.2912966425993481,0.12638045494313208,0.3911430399563581,0.7712481375379938,0.1644066187943262,0.3006503225806451,-0.0070539249607577004,-0.0035633066749564462,-0.03935459718478585,0.02607786820766285,0.09584366338754972,-0.012843977708115649,-0.0028973394280525,0.0364641193039843,0.04296474127162944,0.0121500834007713,0.06387046255820038,0.12248278916494124,0.0224812981574539,0.0425930851063829,0.5419019365928033,0.5610953901954849,0.4656523079814227,0.6414031914077667,0.9378652379284496,0.5259010832525639,0.5610782628185933,0.5576072157930565,0.5622865901514195,0.5,0.6405246030759026,0.6668699186991868,0.5294117647058824,0.5926303085162555,-0.0024775969053205116,0.00038099406142670547,-0.049092462521354366,0.042772434497126866,0.3462094998427182,-0.006784431196651619,0.0014975484445883813,7950.0,12691.111111111111,4200.0,23100.0,29750.0,5050.0,16725.624999999996,4200.0,7488.611111111111,2250.0,13175.0,19750.0,2850.0,8300.0,550.0,2268.8888888888887,-50.0,3662.5,9750.0,300.0,1225.0,0.0,0.0,0.0,0.0,0.0,0.0,0.0,0.9
controller_reset,0.75,720,0.23835985334713589,0.29146687281624034,0.12678561736770688,0.3886731002605179,0.773163354387203,0.16626754442925495,0.3031128776581349,-0.004860636666330249,-0.003393076458064279,-0.025686049539432952,0.013644180856233,0.06633223129899694,-0.008951809810756627,-0.00229592266775775,0.0219402919735626,0.029822593011082185,0.00769696274272415,0.043638055447641926,0.08653765407141187,0.0156176470588235,0.02964638849807128,0.3234223231986384,0.35996683272744784,0.24589678448222826,0.4439624150638275,0.7598489576653547,0.2996311082954538,0.35519889640953894,0.3531172948221205,0.3616236298017077,0.26745406824146983,0.4708994708994709,0.53125,0.311090701479923,0.4026946406647334,-0.0010674588260749518,-0.0023713112584366185,-0.04097599181703962,0.034064509831058284,0.29711387332953776,-0.004901997122576204,0.001061884549542774,8025.0,12831.736111111111,4387.5,23100.0,29850.0,5299.375,16800.0,2600.0,5026.736111111111,1350.0,8612.5,14850.0,1900.0,4225.0,650.0,2409.5138888888887,100.0,3800.0,9850.0,400.0,1350.0,0.0,0.0,0.0,0.0,0.0,0.0,0.0,0.8986111111111111
controller_reset,0.9,720,0.24295221830985908,0.29224205620812393,0.12839250000000002,0.38946746023713125,0.770797557199211,0.16599179524089303,0.3010036370339448,-0.0029532699252504,-0.0026178930661806543,-0.016859477490683478,0.00790285078598155,0.05697458439281932,-0.0061011828564704424,-0.0017593661971831,0.0135987410284094,0.022297375015400977,0.004277889497997249,0.03200418282876062,0.07186122997664973,0.00911523142597465,0.0179076689774696,0.21355098596480998,0.25071692695038494,0.12664678852796446,0.33588548528569484,0.6454851397481243,0.18560679298788077,0.25086100224130864,0.24860135545111428,0.2569966474881891,0.14083666677871526,0.37823834196891193,0.4510275263951734,0.20238009221029452,0.30284818395610136,-0.002738906426789166,-0.007160653678845646,-0.03987249247009798,0.02647027288270256,0.25937967517408744,-0.006470715476490926,0.0010750983727327301,8300.0,12983.472222222223,4587.5,23325.0,29850.0,5424.375,17000.0,1650.0,3619.3055555555557,850.0,5875.0,11850.0,1200.0,2400.0,775.0,2561.25,300.0,3962.5,9850.0,524.375,1700.0,0.0,0.0,0.0,0.0,0.0,0.0,0.0,0.9125
epoch_local,0.1,720,0.2313763710834728,0.2934533924454275,0.12544850498338866,0.3964947663971249,0.7611723584109795,0.1644897959183673,0.30080491578014185,-0.0048599300111105,-0.0014065568288770672,-0.050184358196748255,0.0460233933374318,0.1522668141275136,-0.00870438412102427,-0.0022778509458371244,0.0477287427720343,0.06449580203241836,0.014267171018240475,0.0948538636363635,0.18468596807586976,0.027953759287402857,0.06501660853587728,0.9151642973420221,0.915156521464251,0.8857441214054745,0.9464368427983701,1.0467227515171165,0.9114289421886205,0.9219292826331951,0.9090909090909091,0.9118234015746888,0.9078763598941488,0.9200884955752213,0.9402985074626866,0.9090909090909091,0.9112021673787926,0.0020614156159924346,0.0034996043886419167,-0.020727923820120703,0.029103559853035144,0.13515318322655634,0.00034310374224089113,0.0052685125089064755,8350.0,11447.777777777777,3850.0,22000.0,22000.0,5175.0,18050.624999999996,7625.0,10422.222222222223,3525.0,20000.0,20000.0,4875.0,16425.0,1050.0,1025.5555555555557,100.0,2000.0,2907.499999999993,575.0,1900.0,0.0,0.0,0.0,0.0,0.0,0.0,0.0,0.9041666666666667
epoch_local,0.25,720,0.23326640804597695,0.2916722500785286,0.12607142857142856,0.3869885635359116,0.7676960182926826,0.1590289741712155,0.3036712912087912,-0.007899668158446001,-0.0031876991957759944,-0.047086602112676,0.03765694258331005,0.13264096344580284,-0.0127529787234042,-0.004360791249455431,0.04445749999999995,0.05827863314264351,0.015344638979000826,0.08362142329371858,0.16275850823683477,0.030688124999999903,0.05594311580411669,0.8042259384350443,0.8038260211910174,0.7574385422040439,0.8550981127910822,1.015317828971158,0.7991161497582038,0.8094699556819871,0.8,0.8006558226413577,0.7922960029471358,0.813953488372093,0.8522727272727273,0.8,0.8,0.0003453935697039223,0.003715258696004911,-0.03279848490668902,0.03489476146667905,0.227421909586637,-0.005813211275178531,0.00471560563526896,9450.0,13013.611111111111,4450.0,25000.0,25000.0,5725.0,21025.624999999996,7625.0,10422.222222222223,3525.0,20000.0,20000.0,4798.75,16650.0,2000.0,2591.3888888888887,750.0,5000.0,5000.0,1424.375,4050.0,0.0,0.0,0.0,0.0,0.0,0.0,0.0,0.8944444444444445
epoch_local,0.5,720,0.2370687111637704,0.2897282631515062,0.1268297825776338,0.3858980698424749,0.77282747596255,0.1642857142857143,0.29669448065314485,-0.00966269532522125,-0.005131686122798353,-0.04470149527632593,0.02964898508998735,0.11410724665135853,-0.0156793085106382,-0.0054761904761905,0.04071285490722105,0.050626109994474026,0.014519096607669625,0.0724540595042176,0.14035661466932794,0.029576002192982405,0.05004553979329628,0.6690152218633366,0.6683251122879135,0.6039119472004525,0.7346020740029425,0.9399130350967311,0.6645209686779717,0.6762872520537468,0.6666666666666666,0.6663635661423288,0.6523638666103841,0.6842105263157895,0.741182323675739,0.6666666666666666,0.6666666666666666,-0.0013252589097195178,0.0023809708652670347,-0.028928437186987316,0.03738257851461202,0.2752101442961104,-0.005771720789639741,0.003106303199017779,11350.0,15624.722222222223,5500.0,30000.0,30000.0,7000.0,25300.0,7625.0,10422.222222222223,3525.0,20000.0,20000.0,4800.0,16350.0,3875.0,5202.5,1700.0,10000.0,10000.0,2600.0,8225.0,0.0,0.0,0.0,0.0,0.0,0.0,0.0,0.8986111111111111
epoch_local,0.75,720,0.23940117925387533,0.28854210901651384,0.12664179104477608,0.3873139891171061,0.7714768571428572,0.1620556562336542,0.29912690738763453,-0.01033786912622535,-0.006317840257790724,-0.04392857142857137,0.0256473809523809,0.09766038212439038,-0.015310446311858066,-0.005830590266344864,0.036678005050505,0.04510694157714479,0.01342737135176645,0.06530973516149247,0.12271676298701288,0.027226430647840468,0.046167066880276046,0.571521414749858,0.5722913777554055,0.5094707253332086,0.6407397096356715,0.8763252311051242,0.5677240546622002,0.5768659738156302,0.5714285714285714,0.5718940106638299,0.5558773058773059,0.5905844155844155,0.6562568832599119,0.5714285714285714,0.5714285714285714,-0.0004932576526119337,0.0006030630417375061,-0.031368305992616,0.03562226807614535,0.3088882418529407,-0.003214860071591552,0.002464079121642899,13125.0,18227.222222222223,6537.5,35000.0,35000.0,7975.0,29451.249999999993,7625.0,10422.222222222223,3525.0,20000.0,20000.0,4850.0,16350.0,5750.0,7805.0,2600.0,15000.0,15000.0,3450.0,12225.624999999996,0.0,0.0,0.0,0.0,0.0,0.0,0.0,0.9013888888888889
epoch_local,0.9,720,0.24170434017595305,0.2880320536959643,0.12724214285714278,0.3842393965745563,0.7728044663695296,0.1636363290200326,0.29954846662323414,-0.01069681372549015,-0.00682789557834027,-0.040847299771166974,0.02321001657233575,0.0905637922719539,-0.01554423458436035,-0.0058184020932478,0.033237242293587,0.04248427860927559,0.013161192306071325,0.062063801485091025,0.1148118785014005,0.02498052539214661,0.04319288034585184,0.5267429700091283,0.5269096975085932,0.4602070982779797,0.5871844118724732,0.8569979020860039,0.5240310863700396,0.5286510405647232,0.5263157894736842,0.527421140849575,0.5106382978723404,0.5461383447370888,0.6147650565442272,0.5263157894736842,0.5263157894736842,0.00038956526989886164,-0.0004209203962573275,-0.033321833361066394,0.028431226732752612,0.3306821126123197,-0.0017584615346913357,0.0010628975265015717,14225.0,19786.38888888889,7137.5,38000.0,38000.0,8749.375,31800.0,7625.0,10422.222222222223,3525.0,20000.0,20000.0,4850.0,16350.0,6875.0,9364.166666666666,3200.0,18000.0,18000.0,4275.0,14800.0,0.0,0.0,0.0,0.0,0.0,0.0,0.0,0.9013888888888889
fixed_decay_0.25,0.1,720,0.23388980241159185,0.2943709564790317,0.12131513292433538,0.39935733674463936,0.769092460326222,0.16181695121951217,0.30751878048780484,-0.0013174980007996501,-0.0004889927952728979,-0.05206584176048313,0.05063067173443455,0.16288119431025924,-0.0037870611187104638,-0.00032655476592565,0.0516184552613341,0.06821855039948231,0.011305387176641226,0.101334840050818,0.19881807079203764,0.02847977897252694,0.06864975432900917,0.9777406540939488,0.9780619468042288,0.9667259292125998,0.987854246681441,1.0254570955566265,0.9757041367016929,0.9798181363012802,0.975609756097561,0.9759812054032266,0.9744763694951665,0.9781827127912373,0.984375,0.975609756097561,0.9756795422031473,0.0005652214859910853,0.002110767853019819,-0.006891700736418177,0.010630382311832887,0.05067106846205044,-5.198914521875597e-05,0.0018986174717555704,8300.0,11332.986111111111,3800.0,22000.0,22000.0,5175.0,17600.0,7525.0,10307.430555555555,3450.0,20000.0,20000.0,4695.0,15900.0,850.0,910.7638888888889,0.0,2000.0,2750.0,500.0,1550.0,562.5,769.1666666666666,253.125,1500.0,1500.0,337.5,1200.0,0.9138888888888889
fixed_decay_0.25,0.25,720,0.2335219637364416,0.2936561612268158,0.12385055649478723,0.3944613001202887,0.7623421804226711,0.16345780084693282,0.30467081640510196,-0.0034117743061615998,-0.0012037880474888042,-0.05089066447880945,0.04743443044740138,0.15680277704964238,-0.0067458823529411,-0.00052249654162455,0.04929614020749955,0.0661554108537632,0.01402866917211935,0.0976817170818505,0.19406424958172777,0.027584857896488443,0.06749746765808443,0.9414273741071133,0.9431897954801162,0.9217592611874101,0.9615749103815425,1.048432016331354,0.9384202127971794,0.9439207496084485,0.9411764705882353,0.9388961528426317,0.9347296075239646,0.9433088362987638,0.9572649572649573,0.9403628321228967,0.9411764705882353,0.0001693574264035047,0.0045454798415247724,-0.012350182845408175,0.018984669847423974,0.10921571504362482,-0.0016788142411412466,0.002320280191422719,9300.0,12710.069444444445,4400.0,25000.0,25000.0,5300.0,19301.249999999993,7400.0,10118.680555555555,3350.0,20000.0,20000.0,4250.0,15402.499999999985,1650.0,2287.847222222222,500.0,5000.0,5000.0,1050.0,2900.0,1406.25,1943.5416666666667,637.5,3750.0,3750.0,862.5,3093.75,0.9069444444444444
fixed_decay_0.25,0.5,720,0.2332209595959596,0.2925520764832102,0.12621932317230686,0.39111286495573416,0.7642238888888888,0.16109445620458834,0.29713760353820445,-0.00597427263005535,-0.0023078727910944355,-0.04805793321826475,0.0442542498201681,0.1472512298735312,-0.012064041364734178,-0.0018705691800438896,0.0458053478907944,0.06288320447044637,0.01563875,0.09252103770124095,0.1777910446261315,0.030634357825980122,0.06321359967016202,0.8816371767774696,0.882469144655712,0.8482896497531351,0.9133399371145747,1.0547442990420586,0.8769788740912983,0.8857549398540436,0.8853095706935509,0.8792322046910372,0.8683932626933466,0.8888888888888888,0.9115646258503401,0.8794855104891313,0.8888888888888888,-0.00015949926100849998,0.004062883616930136,-0.019594970489437702,0.0256306013060017,0.1718802936194215,-0.0018615211071327867,0.002221499702954599,10425.0,15012.986111111111,5200.0,29087.5,30000.0,6350.0,22350.0,6750.0,9810.486111111111,3200.0,19850.0,20000.0,4300.0,14600.0,3100.0,4590.763888888889,1237.5,10000.0,10000.0,1950.0,5801.87499999999,2850.0,3901.875,1303.125,7500.0,7500.0,1818.75,6150.0,0.9013888888888889
fixed_decay_0.25,0.75,720,0.23057485805750438,0.29166705105456775,0.12578106805619532,0.3910615030122556,0.7634192507567279,0.1619618472162278,0.3000479616306954,-0.0071882429896918,-0.0031928982197368433,-0.0475016498758872,0.03982673539823857,0.13902501233856862,-0.01218761650646791,-0.0042217863873018,0.045439868421052604,0.05985258045834409,0.015083454519018175,0.0866041317075832,0.17067584756245446,0.031048143137451217,0.0578613316488361,0.8237887766121794,0.8232912627668058,0.7745701334540462,0.870093536493043,1.0318187668451604,0.8156232708223258,0.8307492966273061,0.8291419183621888,0.8224251205317363,0.8028167402695467,0.8421052631578947,0.8702928870292888,0.8184438040345822,0.8421052631578947,0.0011895717937767114,0.001682999490265472,-0.028100035868297957,0.027634696364343764,0.18971350368726575,-0.0012475774900902765,0.00429710499072089,11700.0,17307.152777777777,5800.0,33050.0,35000.0,7350.0,25850.0,6150.0,9502.152777777777,3150.0,19137.5,20000.0,4050.0,13650.0,4350.0,6884.930555555556,2100.0,14137.5,15000.0,2650.0,9250.0,4275.0,5853.75,1968.75,11250.0,11250.0,2625.0,9150.0,0.8944444444444445
fixed_decay_0.25,0.9,720,0.2304962335556367,0.2911455738860473,0.12645242682814933,0.3889816747487525,0.7660947608932904,0.1628457057654075,0.3016929419338435,-0.008134739058805449,-0.0037143753882572807,-0.04846671310832022,0.03634638892365472,0.1335530109799374,-0.0129653061224489,-0.0047142857142857,0.0449054588124549,0.057974903507811607,0.014796785180483326,0.08329692537550054,0.16399927034346837,0.03187107008546155,0.0563116576819407,0.7835321218598077,0.7894172145770756,0.7388723983697411,0.8408106374424403,1.0331201628337752,0.7753702488009537,0.7968504042711855,0.7963140404884712,0.7898036026101007,0.7668978144843974,0.8163265306122449,0.8470971867007672,0.7837837837837838,0.8133266523193564,0.001675393129256575,0.0006253072360011898,-0.02930018170959736,0.031003001250018425,0.2167936322215303,-0.0007670715781162851,0.0050381187944223416,12700.0,18682.430555555555,6337.5,35312.5,38000.0,7700.0,27825.0,5950.0,9318.263888888889,3100.0,18500.0,20000.0,3750.0,12901.249999999993,5250.0,8260.208333333334,2637.5,16500.0,18000.0,3300.0,11200.0,5118.75,7023.125,2353.125,13500.0,13500.0,3225.0,11233.593749999987,0.8986111111111111
fixed_decay_0.5,0.1,720,0.2349745567913717,0.29405905866878906,0.1222170357870606,0.3950986634269633,0.7654504724005174,0.16380029194416565,0.30601615402141713,-0.00278431385972915,-0.0008008906055155303,-0.05185989233467675,0.04809776284109145,0.15914886110831056,-0.005586083730040552,-0.00053557475228885,0.05021848120485365,0.06685975983212611,0.013053705924082325,0.09863958333333328,0.19634089566347623,0.02785479788918851,0.06741655471538843,0.9548962354740127,0.9558686571818662,0.9350970267455555,0.9745674824040267,1.0456564816437983,0.9527895127662254,0.9583814433051498,0.9523809523809523,0.9524206293848105,0.9487497351133715,0.9565217391304348,0.9690721649484536,0.9523809523809523,0.9523809523809523,0.0016628443897402367,0.003463402139365859,-0.012320918867211594,0.019413437662853222,0.08905024892983632,-6.846993645304167e-05,0.004084239976874713,8200.0,11205.277777777777,3750.0,22000.0,22000.0,4800.0,17100.0,7400.0,10179.722222222223,3387.5,20000.0,20000.0,4350.0,15150.0,650.0,783.0555555555555,-50.0,2000.0,2450.0,350.0,1350.0,375.0,512.7777777777778,168.75,1000.0,1000.0,225.0,812.5,0.9083333333333333
fixed_decay_0.5,0.25,720,0.2334149074074074,0.29283470572870085,0.12583197973555618,0.39148965047393364,0.7643822222222222,0.165390259294394,0.3010087084822658,-0.005564184610967551,-0.0020252435456036863,-0.04891081550056078,0.04381130346040845,0.1467067499934813,-0.0126094444444444,-0.0018557370700357637,0.04621858103546755,0.06279011261766843,0.01526165769664285,0.09239437499999993,0.1773081658986173,0.028743851549080622,0.0628445921506359,0.8826904618337361,0.8842415965933961,0.8502907799368639,0.9163351812365372,1.0441871412924657,0.875754961173426,0.8885248609831441,0.8872285632531078,0.8806513376483107,0.870160544962859,0.8888888888888888,0.9138023730070449,0.8809523809523809,0.8888888888888888,0.0014963649992808525,0.004485537822139713,-0.02253687267094373,0.03123294664603901,0.1587151804747958,-0.0039803159334746985,0.004539873002029071,8575.0,12412.569444444445,4250.0,24312.5,25000.0,5200.0,18600.0,6750.0,9821.180555555555,3200.0,20000.0,20000.0,4250.0,14600.0,1200.0,1990.3472222222222,250.0,5000.0,5000.0,700.0,2325.0,937.5,1295.6944444444443,425.0,2500.0,2500.0,574.6875,2062.5,0.9069444444444444
fixed_decay_0.5,0.5,720,0.2316969611163296,0.2913192847640988,0.12593527322404371,0.3865063555302598,0.7683267398373982,0.16096720930232555,0.3001541255289139,-0.0082041214367582,-0.0035406645102058327,-0.0473674556543046,0.035615298980151776,0.12998894111605763,-0.013054647218669984,-0.004375,0.043963772434422455,0.056436590202498554,0.0141037058614821,0.08136848595362461,0.16057116129463175,0.031458783372686275,0.055780633134098104,0.7639203190421793,0.7679276430277576,0.7075935219087071,0.8188548010815816,1.0303427799792395,0.7551525139437956,0.7772368567152412,0.7741935483870968,0.7681550859318553,0.7393428692819713,0.8,0.8320149068322981,0.7619820141034783,0.7942386831275721,5.137103285529632e-05,0.0010461778861218592,-0.03281505422730771,0.037435324773905376,0.23472648865384732,-0.002339395459507169,0.00397826617415678,9550.0,14381.736111111111,4850.0,27687.5,30000.0,5950.0,20606.874999999964,5850.0,9179.236111111111,3037.5,17862.5,20000.0,3650.0,12400.0,2225.0,3959.5138888888887,987.5,8012.5,10000.0,1500.0,3975.0,1900.0,2601.25,868.75,5000.0,5000.0,1212.5,4075.0,0.8958333333333334
fixed_decay_0.5,0.75,720,0.2364391843942335,0.29033591403068176,0.12663329275961188,0.3877764150920414,0.7722243299690115,0.1626149559468781,0.2990047158771765,-0.0085048188246982,-0.00452403524362284,-0.04397447512939037,0.0307266732205702,0.11386938016528908,-0.014170823029717138,-0.0046333772092799,0.04078453071784775,0.0503029510149361,0.0135730886068995,0.07129255050505047,0.1435383988607962,0.02843239361708666,0.0511842366502,0.6453735630350317,0.6654413378775275,0.5912129209912321,0.7348834256172311,0.9886502237628774,0.6356088943310115,0.6632058526267698,0.6608537417544924,0.6633868073232361,0.6174648257459368,0.7272727272727273,0.7567567567567568,0.6385542168674698,0.6945010183299389,0.0014521979969980836,0.002973193705874937,-0.03691088548304977,0.04276520038452486,0.2747118827998805,-0.0015063642926795295,0.0032933462366796507,10700.0,16217.569444444445,5500.0,30375.0,35000.0,6850.0,22625.0,4950.0,8412.569444444445,2637.5,15675.0,20000.0,3300.0,10250.0,3050.0,5795.347222222223,1600.0,10787.5,15000.0,2275.0,6000.624999999996,2850.0,3902.5,1312.5,7500.0,7500.0,1750.0,6125.624999999996,0.8986111111111111
fixed_decay_0.5,0.9,720,0.24128469311490258,0.28999317179596257,0.12736357558139536,0.390060083181663,0.7732663154111624,0.166706693989071,0.3002555993228341,-0.0084694957621356,-0.00486677747834198,-0.0436131600888914,0.027433837655121602,0.10381460659161477,-0.013617672631876923,-0.0049737992747764005,0.03834846335453995,0.04635944364820861,0.012893989144743049,0.06876514618329463,0.13318834281132963,0.02613742497786436,0.0463279796640141,0.5808503412353898,0.6013948940125455,0.5116841809394371,0.6758722013595608,0.9821990561679067,0.5637846976136782,0.597849776149588,0.5988394887477456,0.602282764443249,0.5432651557029666,0.6785714285714286,0.7143923240938166,0.5754584447415331,0.6311475409836066,0.0012742388088280154,0.0014412736208999162,-0.03900024259082219,0.04226729357823941,0.2983095272998009,-0.003459674079497377,0.006740152044954373,11225.0,17253.125,5800.0,31650.0,38000.0,7050.0,24025.0,4350.0,7888.958333333333,2400.0,14450.0,20000.0,3150.0,8975.624999999996,3625.0,6830.902777777777,1950.0,12450.0,18000.0,2600.0,7400.0,3412.5,4682.083333333333,1568.75,9000.0,9000.0,2100.0,7325.0,0.9
fixed_decay_0.75,0.1,720,0.2329756947684326,0.29379959477436657,0.1239349112426035,0.3953291695725586,0.7608154444747915,0.16514729307389853,0.3012968590116279,-0.0035289635364635,-0.001060354499938024,-0.051237847270200046,0.0465617289317632,0.1544433221143587,-0.007376515988372052,-0.00063004752885045,0.048538526958509,0.06551083170378817,0.01423098837209295,0.09659100764431643,0.18914988731541568,0.0286128803963198,0.06585438731626087,0.9320714108559103,0.9344887349481571,0.9044098087452261,0.9614882831682778,1.0595977111593644,0.9284631270524755,0.9374992788948535,0.9302325581395349,0.929425151508915,0.9241052612289029,0.9352850027670171,0.9523809523809523,0.9302325581395349,0.9302325581395349,0.0020336933596509232,0.005243898465281659,-0.019046369031110955,0.02822441219455521,0.12765487570250958,-0.0007340342177107329,0.005219190853318234,8075.0,11098.333333333334,3750.0,21962.5,22000.0,4875.0,17050.0,7400.0,10072.777777777777,3350.0,20000.0,20000.0,4300.0,15150.0,550.0,676.1111111111111,-112.5,2000.0,2252.4999999999977,250.0,1250.0,187.5,256.3888888888889,84.375,500.0,500.0,112.5,400.0,0.9083333333333333
fixed_decay_0.75,0.25,720,0.23269032818285124,0.2924403623636307,0.12619033047735617,0.3907274774774775,0.7641651959386346,0.15967802762192487,0.2988683815558386,-0.0061543791082103,-0.0024195869106738723,-0.0463861447316737,0.040655226117005276,0.13844979624521053,-0.01232770909977697,-0.0028836200690065786,0.04450404102678345,0.05949846578684201,0.0153212639884595,0.08640024887224503,0.16860939972611064,0.02923811872672943,0.05683161704874945,0.8257546813849728,0.8277779965009454,0.7806012102682724,0.872968159278919,1.0405090798038465,0.8194355887973175,0.8329126143557012,0.8315466636092639,0.8246268779109547,0.8047337278106509,0.8421052631578947,0.8739495798319328,0.8211920529801324,0.8421052631578947,0.002564268869884201,0.004128106541857392,-0.0283598802040175,0.03603689142661337,0.21455096017491432,-0.0016224148446185125,0.007129031763419521,8000.0,12104.236111111111,4087.5,24000.0,25000.0,5275.0,17450.0,6250.0,9512.847222222223,3150.0,19137.5,20000.0,3950.0,13450.0,750.0,1682.013888888889,50.0,4762.5,5000.0,499.37500000000006,1400.6249999999966,468.75,647.8472222222222,212.5,1250.0,1250.0,287.5,1012.5,0.9
fixed_decay_0.75,0.5,720,0.2369401430672194,0.29102753485963545,0.1270295108695652,0.38869366616998635,0.7734004038106237,0.16238806383486498,0.29825037688589584,-0.00803402735021165,-0.0038324144146691702,-0.0428484926423117,0.0312224135006784,0.1133974926532983,-0.0137002575970284,-0.0039087381239127,0.040298823452689,0.04984221136066361,0.013380472281733651,0.07133489284613005,0.14199039423429077,0.0290835579514824,0.0507694805194805,0.6522187241647484,0.6676582667585391,0.5887102346309862,0.7323362896550979,0.9693679945108178,0.639677714997048,0.6714735047057698,0.6599797394666629,0.6633521888979806,0.617220981705645,0.7272727272727273,0.7567567567567568,0.6390754889211417,0.695532417580655,-0.0006681161305162608,0.0057479376222507065,-0.03807706509897163,0.0463215163139758,0.2847873709788945,-0.0029307381216685676,0.001940352137978052,8800.0,13613.680555555555,4600.0,25487.5,30000.0,5574.375,18725.624999999996,4950.0,8411.180555555555,2600.0,15675.0,20000.0,3300.0,10250.0,1350.0,3191.4583333333335,450.0,6000.0,10000.0,950.0,2275.0,950.0,1300.625,434.375,2500.0,2500.0,587.5,2031.25,0.8986111111111111
fixed_decay_0.75,0.75,720,0.24313767806622982,0.2902875086729691,0.12478268641470888,0.38724202409014274,0.7737860137787904,0.16456698635134875,0.30024838509287344,-0.00784953848543485,-0.004572440601335455,-0.038543196335990695,0.021820324014390248,0.0891163780485365,-0.0122376757650951,-0.004325269113986499,0.03232579311680135,0.04021000474144834,0.011170343912374026,0.06108639882720762,0.11446656213368424,0.021944853086161776,0.04074020569473292,0.47880891653693325,0.5104267093828663,0.41425691413634097,0.5891936201730997,0.9041131630768673,0.4601935585879244,0.5058615259561491,0.5047573876973537,0.5109915042351182,0.4415004638218924,0.5989304812834224,0.6342572062084256,0.47545145855841947,0.5413741003905325,0.00045224335388607817,0.0007726752697960607,-0.0365176112618401,0.041957992593671,0.31140780170198207,-0.0015739378039245633,0.002826153587036112,9550.0,14680.208333333334,4950.0,26550.0,33550.0,5900.0,19775.0,3800.0,6875.208333333333,2100.0,12012.5,18550.0,2600.0,7025.624999999996,2050.0,4257.986111111111,1000.0,7212.5,13550.0,1450.0,3200.6249999999964,1425.0,1951.25,656.25,3750.0,3750.0,906.25,3118.75,0.9013888888888889
fixed_decay_0.75,0.9,720,0.2368691632894292,0.29029820497513054,0.12613521235521233,0.38845394254548665,0.7741208152218357,0.1644553801838102,0.3058156243826725,-0.0069462239947107995,-0.004561744299174033,-0.031676754547873574,0.0157372525202952,0.07525468529089169,-0.009996168006612427,-0.0035893067033975,0.0256268972379775,0.034255791816600954,0.0089930349480095,0.050293089260289525,0.10006502989036364,0.01865621035555155,0.033249134928835605,0.3776794937416834,0.4166076881226795,0.31859540489114574,0.5006153219243288,0.8388521127964432,0.3635065552731739,0.4060575098347619,0.41610210951893367,0.419149988717191,0.3323160743104683,0.5238095238095238,0.5673056057866183,0.3778777120705682,0.46153846153846156,-0.0013183290853286678,-0.0013254648884546535,-0.04432764288234023,0.03811530288307373,0.3034555570338416,-0.00442725611235487,0.001522389667188484,9675.0,15120.416666666666,5100.0,27400.0,34302.5,6049.375,20451.87499999999,3000.0,5756.25,1650.0,10062.5,16302.499999999998,2150.0,5600.0,2350.0,4698.194444444444,1150.0,8062.5,14302.499999999998,1600.0,3850.0,1706.25,2341.0416666666665,784.375,4500.0,4500.0,1062.5,3675.0,0.9013888888888889
full_restart,0.1,720,0.23544676423679517,0.2948599492743046,0.12191071428571428,0.4012956159420289,0.7710841780303028,0.1651237234042553,0.31201,0.0,-3.854941057726238e-19,-0.05309446428571428,0.05309446428571428,0.16680616513761448,0.0,0.0,0.05319392857142855,0.06969295206102942,0.0112899999999999,0.10349525185364283,0.2038239636009152,0.0289358301880581,0.07150347910093666,1.0,1.0,1.0,1.0,1.0,1.0,1.0,1.0,1.0,1.0,1.0,1.0,1.0,1.0,0.0,0.0,0.0,0.0,0.0,0.0,0.0,8350.0,11447.777777777777,3850.0,22000.0,22000.0,5175.0,18275.0,7625.0,10422.222222222223,3525.0,20000.0,20000.0,4850.0,16250.0,1050.0,1025.5555555555557,100.0,2000.0,2907.499999999993,600.0,1925.0,750.0,1025.5555555555557,337.5,2000.0,2000.0,450.0,1625.0,0.9166666666666666
full_restart,0.25,720,0.23544676423679517,0.2948599492743046,0.12191071428571428,0.4012956159420289,0.7710841780303028,0.1635009322033898,0.3121801327433628,0.0,-3.854941057726238e-19,-0.05309446428571428,0.05309446428571428,0.16680616513761448,0.0,0.0,0.05319392857142855,0.06969295206102942,0.0112899999999999,0.10349525185364283,0.2038239636009152,0.03050893727749341,0.07150347910093666,1.0,1.0,1.0,1.0,1.0,1.0,1.0,1.0,1.0,1.0,1.0,1.0,1.0,1.0,0.0,0.0,0.0,0.0,0.0,0.0,0.0,9450.0,13013.611111111111,4450.0,25000.0,25000.0,5800.0,21025.0,7625.0,10422.222222222223,3525.0,20000.0,20000.0,4800.0,16653.749999999978,2000.0,2591.3888888888887,750.0,5000.0,5000.0,1400.0,4075.0,1875.0,2591.3888888888887,850.0,5000.0,5000.0,1150.0,4100.0,0.9166666666666666
full_restart,0.5,720,0.23544676423679517,0.2948599492743046,0.12191071428571428,0.4012956159420289,0.7710841780303028,0.1635009322033898,0.3119925663716814,0.0,-3.854941057726238e-19,-0.05309446428571428,0.05309446428571428,0.16680616513761448,0.0,0.0,0.05319392857142855,0.06969295206102942,0.0112899999999999,0.10349525185364283,0.2038239636009152,0.02975993716218364,0.07088974393530995,1.0,1.0,1.0,1.0,1.0,1.0,1.0,1.0,1.0,1.0,1.0,1.0,1.0,1.0,0.0,0.0,0.0,0.0,0.0,0.0,0.0,11350.0,15624.722222222223,5500.0,30000.0,30000.0,7050.0,24650.0,7625.0,10422.222222222223,3525.0,20000.0,20000.0,4750.0,16350.0,3875.0,5202.5,1700.0,10000.0,10000.0,2550.0,7800.0,3800.0,5202.5,1737.5,10000.0,10000.0,2400.0,8200.0,0.9166666666666666
full_restart,0.75,720,0.23544676423679517,0.2948599492743046,0.12191071428571428,0.4012956159420289,0.7710841780303028,0.1651237234042553,0.31219800221238936,0.0,-3.854941057726238e-19,-0.05309446428571428,0.05309446428571428,0.16680616513761448,0.0,0.0,0.05319392857142855,0.06969295206102942,0.0112899999999999,0.10349525185364283,0.2038239636009152,0.0285996957342766,0.07088974393530995,1.0,1.0,1.0,1.0,1.0,1.0,1.0,1.0,1.0,1.0,1.0,1.0,1.0,1.0,0.0,0.0,0.0,0.0,0.0,0.0,0.0,13125.0,18227.222222222223,6537.5,35000.0,35000.0,8150.0,29053.749999999978,7625.0,10422.222222222223,3525.0,20000.0,20000.0,4600.0,16426.87499999999,5750.0,7805.0,2600.0,15000.0,15000.0,3650.0,12050.0,5700.0,7805.0,2625.0,15000.0,15000.0,3623.75,12151.249999999993,0.9166666666666666
full_restart,0.9,720,0.23544676423679517,0.2948599492743046,0.12191071428571428,0.4012956159420289,0.7710841780303028,0.1635009322033898,0.3121975663716814,0.0,-3.854941057726238e-19,-0.05309446428571428,0.05309446428571428,0.16680616513761448,0.0,0.0,0.05319392857142855,0.06969295206102942,0.0112899999999999,0.10349525185364283,0.2038239636009152,0.03066914165829993,0.07150545462341323,1.0,1.0,1.0,1.0,1.0,1.0,1.0,1.0,1.0,1.0,1.0,1.0,1.0,1.0,0.0,0.0,0.0,0.0,0.0,0.0,0.0,14225.0,19786.38888888889,7137.5,38000.0,38000.0,8750.0,32100.0,7625.0,10422.222222222223,3525.0,20000.0,20000.0,4800.0,16425.0,6875.0,9364.166666666666,3200.0,18000.0,18000.0,4250.0,14803.124999999984,6825.0,9364.166666666666,3137.5,18000.0,18000.0,4300.0,14975.0,0.9166666666666666
naive_continuation,0.1,720,0.2328925,0.2936935772069259,0.12502613240418115,0.3945310564475977,0.7611738608402637,0.16255646983857264,0.30485409116917794,-0.0041019476224224,-0.001166372067378681,-0.050576266638918246,0.045082026563412425,0.15067937114934482,-0.009210925773694376,-0.0008753107658157,0.04689067150063045,0.06405821218351201,0.0141538203463203,0.09392666758730858,0.18380133509388785,0.0275555555555555,0.0654987689725641,0.9096352467524382,0.9110375540690148,0.8745343421848579,0.9463175627006346,1.058867375304381,0.9049708908454348,0.9165666191928372,0.9090909090909091,0.9067204560568334,0.8988095238095238,0.9141183035714285,0.9361702127659575,0.9071787555228277,0.9090909090909091,0.0010760594542993385,0.004706889616055115,-0.02465930033631139,0.03453807473850687,0.15053599376059051,-0.0016094077956757546,0.005635295768575077,7775.0,10974.166666666666,3700.0,21737.5,22000.0,4700.0,16050.0,7100.0,9948.611111111111,3300.0,20000.0,20000.0,4274.375,14851.874999999989,350.0,551.9444444444445,-250.0,2000.0,2054.9999999999955,150.0,950.6249999999966,0.0,0.0,0.0,0.0,0.0,0.0,0.0,0.9069444444444444
naive_continuation,0.25,720,0.23340995216515606,0.2922850160083098,0.12722640725288825,0.38647444444444445,0.7692026141975307,0.16351112435400514,0.29781177978046125,-0.0069816179001720505,-0.0025749332659948214,-0.0461306451612903,0.03711135246043265,0.13054424390064662,-0.01237951117641655,-0.00316379363608275,0.0433245724346076,0.056028926260665,0.014378038628038624,0.08065160415289699,0.1599709020737325,0.0297587499999999,0.054667374999999976,0.7686040118197723,0.771374571588802,0.7135795683105428,0.8254938511239729,1.0255804170450569,0.755696487259778,0.7773671103414842,0.7763975155279503,0.770818005107809,0.7428224687933426,0.8,0.8348156301596037,0.7640822725745642,0.7963588703897115,0.0012594113282923258,0.0017432637852090045,-0.035001562031756694,0.04026779484658763,0.25159899678342784,-0.0031048718521567986,0.006385201691323234,7650.0,11785.138888888889,3950.0,22800.0,25000.0,4600.0,16675.624999999996,5900.0,9193.75,3037.5,17837.5,20000.0,3624.375,12475.624999999996,450.0,1362.9166666666667,-250.0,3550.0,5000.0,250.0,1050.0,0.0,0.0,0.0,0.0,0.0,0.0,0.0,0.9
naive_continuation,0.5,720,0.2451600142335374,0.2912966425993481,0.12638045494313208,0.3911430399563581,0.7712481375379938,0.1652339460175525,0.29810188887598776,-0.0070539249607577004,-0.0035633066749564462,-0.03935459718478585,0.02607786820766285,0.09584366338754972,-0.012978138359956658,-0.0029921085887288,0.0364641193039843,0.04296474127162944,0.0121500834007713,0.06387046255820038,0.12248278916494124,0.024056769630213026,0.042474681951023954,0.5419019365928033,0.5610953901954849,0.4656523079814227,0.6414031914077667,0.9378652379284496,0.5259010832525639,0.5595158528613693,0.5576072157930565,0.5622865901514195,0.5,0.6405246030759026,0.6668699186991868,0.5294116517921665,0.5896442310914162,-0.0024775969053205116,0.00038099406142670547,-0.049092462521354366,0.042772434497126866,0.3462094998427182,-0.006784431196651619,0.0014869965628106219,7950.0,12691.111111111111,4200.0,23100.0,29750.0,5050.0,16650.624999999996,4200.0,7488.611111111111,2250.0,13175.0,19750.0,2950.0,8300.0,550.0,2268.8888888888887,-50.0,3662.5,9750.0,300.0,1175.0,0.0,0.0,0.0,0.0,0.0,0.0,0.0,0.9
naive_continuation,0.75,720,0.23911962759462754,0.29150163296857146,0.12678561736770688,0.3886731002605179,0.773163354387203,0.168183265625,0.3050393700787401,-0.004751708683473349,-0.003358316305733107,-0.025686049539432952,0.013644180856233,0.06633223129899694,-0.00848291453664358,-0.002282505763438329,0.021600946376116,0.029776544453635735,0.007676793794440775,0.043638055447641926,0.08653765407141187,0.01539776271621695,0.02937879185002889,0.32177176590220424,0.3568088319218723,0.24410640875211326,0.44130496769187855,0.7598489576653547,0.29792479271848127,0.35443057197366196,0.3509630319975148,0.3573705096559481,0.2655452806122449,0.4708994708994709,0.53125,0.30811499597603503,0.40119760479041916,-0.0013471093145212276,-0.0028206972491988743,-0.042774612427434355,0.03379748235551551,0.29711387332953776,-0.006276197899135805,0.00043395641957783004,8025.0,12819.236111111111,4300.0,23100.0,29850.0,5424.375,16800.0,2600.0,5014.236111111111,1350.0,8612.5,14850.0,1900.0,4250.0,650.0,2397.0138888888887,100.0,3800.0,9850.0,400.0,1400.0,0.0,0.0,0.0,0.0,0.0,0.0,0.0,0.8986111111111111
naive_continuation,0.9,720,0.24295221830985908,0.2924244649628674,0.12884864658787643,0.38946746023713125,0.770797557199211,0.16426669148302553,0.302020051203277,-0.0026766274446593,-0.0024354843114371945,-0.016785077101192175,0.007703753218459075,0.05697458439281932,-0.0050833333333333,-0.00122850050658555,0.013136123949579751,0.022066670937179893,0.0039999444777911,0.03200418282876062,0.07186122997664973,0.00804530050505046,0.0178189096706644,0.2066534504897755,0.2385252043026418,0.11526601204386482,0.3264168988116416,0.6342170410922754,0.17444212123501177,0.2421795763234533,0.22641576048580708,0.24265195312284066,0.1288687881429817,0.3653588195841717,0.4510275263951734,0.1799410817707533,0.28994082840236685,-0.0027707478321265452,-0.007857772421397858,-0.03987249247009798,0.025030994340956528,0.2589325747094772,-0.008063590855913972,0.0010750983727327301,8300.0,12947.986111111111,4450.0,23325.0,29850.0,5450.0,16950.624999999996,1650.0,3583.8194444444443,800.0,5875.0,11850.0,1200.0,2375.0,775.0,2525.7638888888887,200.0,3962.5,9850.0,500.0,1551.2499999999932,0.0,0.0,0.0,0.0,0.0,0.0,0.0,0.9138888888888889
shift_aware_decay,0.1,720,0.2338507484699922,0.29393720639934784,0.1237518564991546,0.3951478491076044,0.7616110695559863,0.16552427397332137,0.3003656034731876,-0.0039303561379964505,-0.0009227428749567636,-0.051527963391675875,0.0466047653893822,0.15464183877859608,-0.0088517077061438,-0.00086403277997915,0.04786538288856315,0.06564539435181764,0.014334724442652599,0.09638619643057353,0.19577068281853727,0.025992193571283757,0.06620726104453226,0.9335897396307373,0.933740123250634,0.9002392929760252,0.9708959583405858,1.05941584265923,0.9240752886310742,0.945079745999593,0.919144567686069,0.9266369575926262,0.9129783500981129,0.9379508233673279,0.9752918807197308,0.9181894017758502,0.9237500648568197,0.0018039120370926254,0.005282806898779595,-0.016804947148263194,0.0281562134712392,0.12581135936130694,-5.20013958119625e-05,0.004976486354747462,7925.0,11061.458333333334,3750.0,21737.5,22000.0,4700.0,16700.0,7250.0,10035.902777777777,3350.0,20000.0,20000.0,4300.0,15150.0,500.0,639.2361111111111,-150.0,2000.0,2250.0,200.0,1175.6249999999966,141.6389761443179,147.05927161003535,75.52798275280327,215.13165087642756,286.47349919395725,104.17750619661275,177.152784066082,0.9083333333333333
shift_aware_decay,0.25,720,0.2342657536645596,0.2931219151458465,0.12840098873121,0.3895349451823838,0.7689916792878138,0.16440748014463355,0.3031050261324743,-0.00682746063173855,-0.0017380341284581001,-0.046322049623978595,0.03766838602167283,0.13712847207683598,-0.012929965539124389,-0.0030574079719583,0.0441995325659731,0.0589916907927041,0.014840485668632775,0.08481199802672068,0.17253024077070783,0.02965439938325976,0.056979987963447554,0.8033569100346363,0.8101343702462639,0.7494844174350754,0.8835406780535329,1.025492034756403,0.7866663724484246,0.8236327496745977,0.8076729319671192,0.8033952820506783,0.766738529957261,0.8223523663150185,0.9111215864062884,0.7912230004305854,0.8088718034154607,0.0010109642607711855,0.002096772315079842,-0.029541374519624214,0.03429935041550364,0.22542883136530997,-0.00505094969365816,0.004598403319407862,7775.0,11928.541666666666,4000.0,23050.0,25000.0,5200.0,16650.0,5925.0,9337.152777777777,3100.0,18050.0,20000.0,3850.0,12750.0,550.0,1506.3194444444443,-100.0,3937.5,5000.0,350.0,1350.0,228.11121953270094,242.41555937869788,108.40383804813428,312.21851776141546,573.8169893785653,179.2768293763017,261.95737842823866,0.8986111111111111
shift_aware_decay,0.5,720,0.24578691497082267,0.29294967441963193,0.1272273866336635,0.3902480633592008,0.774163625606232,0.16231466737398878,0.3018669694247965,-0.0070563521567851,-0.0019102748546726291,-0.041951375707190174,0.0292922288950394,0.10864912078071896,-0.0135226466558293,-0.0031445192653486997,0.03843290616337195,0.04801567780747461,0.01275082711883855,0.06897531549889906,0.13630617303835482,0.025453620958813747,0.045797345663608505,0.5947525281398165,0.624838219519523,0.509348524583801,0.7475144407479247,0.9371993884419401,0.572244907837614,0.6373046113450509,0.616354968940056,0.6131101185082568,0.529523723685239,0.6739226490340722,0.8203460584600059,0.5835919461806873,0.6519685844629244,-0.0005858110774452086,0.0030728595777501605,-0.04834143568632926,0.04547421556644614,0.32638806733734116,-0.004226756773021867,0.002805761491878278,8350.0,13021.666666666666,4400.0,23512.5,30000.0,5450.0,16825.624999999996,4500.0,7819.166666666667,2450.0,13562.5,20000.0,3250.0,8425.0,800.0,2599.4444444444443,87.5,4350.0,10000.0,400.0,1750.0,327.8550740844737,400.46534406251936,143.50652995073924,536.6743455778378,1052.3114366775928,265.41361794955685,368.131115012596,0.9013888888888889
shift_aware_decay,0.75,720,0.2439196837734989,0.2939830981666512,0.12873615031760438,0.39185909529713536,0.7831906952721648,0.16812668188438185,0.31011825824703304,-0.0051073580636536,-0.0008768511076533882,-0.03059949638520405,0.016969905210740276,0.09380092808274122,-0.00904039575947917,-0.00235011381126725,0.02539287826063175,0.03666790676460121,0.00857865266904435,0.054899251235079646,0.11219662726865794,0.01748031160982922,0.034151192272529815,0.40370323619487536,0.44338373154164706,0.29173137937796645,0.5901681795182196,0.8406761000102779,0.3730380405432766,0.452657127950068,0.43280712442838426,0.4310973088327955,0.312083194609253,0.5101091580576764,0.7320300657874013,0.3855625107676185,0.48293100070322126,-0.0006921346658732563,-0.0020733239807711394,-0.04353834929662173,0.032332499341576795,0.31113524295613054,-0.0020906141383134763,0.0013966220652612549,8600.0,13321.736111111111,4700.0,23850.0,30250.0,6050.0,17001.249999999993,3200.0,5516.736111111111,1700.0,9525.0,15250.0,2374.375,4900.0,1200.0,2899.5138888888887,350.0,4862.5,10250.0,700.0,2150.0,409.05780613055185,556.8217261350107,166.42432942295818,784.2177074328622,1550.9827959358463,342.3071442332461,468.64260882823584,0.9
shift_aware_decay,0.9,720,0.24525488999783074,0.2947715897958044,0.12947248828150193,0.3941946996575718,0.7741727477673224,0.16789029808198305,0.3158639255166491,-0.0035031312929380996,-8.83594785001337e-05,-0.021627013772473225,0.0121020633195379,0.08600770894583087,-0.006739690802984756,-0.00186204972928205,0.017918928030689348,0.030020078167685312,0.005510942650778825,0.0431121777020107,0.09455476158240798,0.011869832495275446,0.0247531454857484,0.297826563510188,0.3421497960807904,0.17617781998651222,0.5062694386932243,0.7871976321102937,0.2580982542425131,0.346661197944466,0.3239183134661318,0.33206606448279036,0.19976810689519842,0.4131144884104868,0.6835762618747143,0.2765908958389876,0.38950849748384764,-0.0013173328025087305,-0.0074205748271067296,-0.04268090260421073,0.026690251053449104,0.2624494234645592,-0.006907429884654523,0.0009226828178449664,8650.0,13519.305555555555,4887.5,24050.0,30300.0,6375.0,17426.249999999993,2200.0,4155.138888888889,1137.5,6800.0,12300.0,1600.0,3350.0,1425.0,3097.0833333333335,450.0,4975.0,10300.0,924.375,2400.0,451.1034250461071,652.6355022154582,194.49475412087207,926.5746592755171,1859.8779028111237,384.6024001888752,538.3552854073948,0.9152777777777777
