policy_id,failure_fraction,rows,random_expected_tvd_n,random_expected_tvd_min,random_expected_tvd_q25,random_expected_tvd_median,random_expected_tvd_mean,random_expected_tvd_q75,random_expected_tvd_max,random_expected_tvd_std,best_tvd_n,best_tvd_min,best_tvd_q25,best_tvd_median,best_tvd_mean,best_tvd_q75,best_tvd_max,best_tvd_std,r_tvd_n,r_tvd_min,r_tvd_q25,r_tvd_median,r_tvd_mean,r_tvd_q75,r_tvd_max,r_tvd_std,candidate_tvd_gap_min_n,candidate_tvd_gap_min_min,candidate_tvd_gap_min_q25,candidate_tvd_gap_min_median,candidate_tvd_gap_min_mean,candidate_tvd_gap_min_q75,candidate_tvd_gap_min_max,candidate_tvd_gap_min_std,candidate_tvd_gap_mean_n,candidate_tvd_gap_mean_min,candidate_tvd_gap_mean_q25,candidate_tvd_gap_mean_median,candidate_tvd_gap_mean_mean,candidate_tvd_gap_mean_q75,candidate_tvd_gap_mean_max,candidate_tvd_gap_mean_std,candidate_tvd_gap_median_n,candidate_tvd_gap_median_min,candidate_tvd_gap_median_q25,candidate_tvd_gap_median_median,candidate_tvd_gap_median_mean,candidate_tvd_gap_median_q75,candidate_tvd_gap_median_max,candidate_tvd_gap_median_std,candidate_tvd_gap_max_n,candidate_tvd_gap_max_min,candidate_tvd_gap_max_q25,candidate_tvd_gap_max_median,candidate_tvd_gap_max_mean,candidate_tvd_gap_max_q75,candidate_tvd_gap_max_max,candidate_tvd_gap_max_std,candidate_tvd_gap_std_n,candidate_tvd_gap_std_min,candidate_tvd_gap_std_q25,candidate_tvd_gap_std_median,candidate_tvd_gap_std_mean,candidate_tvd_gap_std_q75,candidate_tvd_gap_std_max,candidate_tvd_gap_std_std,random_minus_best_tvd_shots_n,random_minus_best_tvd_shots_min,random_minus_best_tvd_shots_q25,random_minus_best_tvd_shots_median,random_minus_best_tvd_shots_mean,random_minus_best_tvd_shots_q75,random_minus_best_tvd_shots_max,random_minus_best_tvd_shots_std,random_expected_physical_shots_n,random_expected_physical_shots_min,random_expected_physical_shots_q25,random_expected_physical_shots_median,random_expected_physical_shots_mean,random_expected_physical_shots_q75,random_expected_physical_shots_max,random_expected_physical_shots_std,best_physical_shots_n,best_physical_shots_min,best_physical_shots_q25,best_physical_shots_median,best_physical_shots_mean,best_physical_shots_q75,best_physical_shots_max,best_physical_shots_std,r_shots_n,r_shots_min,r_shots_q25,r_shots_median,r_shots_mean,r_shots_q75,r_shots_max,r_shots_std,r_shots_fraction_of_source_no_failure_n,r_shots_fraction_of_source_no_failure_min,r_shots_fraction_of_source_no_failure_q25,r_shots_fraction_of_source_no_failure_median,r_shots_fraction_of_source_no_failure_mean,r_shots_fraction_of_source_no_failure_q75,r_shots_fraction_of_source_no_failure_max,r_shots_fraction_of_source_no_failure_std,candidate_shot_gap_min_n,candidate_shot_gap_min_min,candidate_shot_gap_min_q25,candidate_shot_gap_min_median,candidate_shot_gap_min_mean,candidate_shot_gap_min_q75,candidate_shot_gap_min_max,candidate_shot_gap_min_std,candidate_shot_gap_mean_n,candidate_shot_gap_mean_min,candidate_shot_gap_mean_q25,candidate_shot_gap_mean_median,candidate_shot_gap_mean_mean,candidate_shot_gap_mean_q75,candidate_shot_gap_mean_max,candidate_shot_gap_mean_std,candidate_shot_gap_median_n,candidate_shot_gap_median_min,candidate_shot_gap_median_q25,candidate_shot_gap_median_median,candidate_shot_gap_median_mean,candidate_shot_gap_median_q75,candidate_shot_gap_median_max,candidate_shot_gap_median_std,candidate_shot_gap_max_n,candidate_shot_gap_max_min,candidate_shot_gap_max_q25,candidate_shot_gap_max_median,candidate_shot_gap_max_mean,candidate_shot_gap_max_q75,candidate_shot_gap_max_max,candidate_shot_gap_max_std,candidate_shot_gap_std_n,candidate_shot_gap_std_min,candidate_shot_gap_std_q25,candidate_shot_gap_std_median,candidate_shot_gap_std_mean,candidate_shot_gap_std_q75,candidate_shot_gap_std_max,candidate_shot_gap_std_std,shot_practical_threshold_n,shot_practical_threshold_min,shot_practical_threshold_q25,shot_practical_threshold_median,shot_practical_threshold_mean,shot_practical_threshold_q75,shot_practical_threshold_max,shot_practical_threshold_std,random_minus_best_shots_tvd_n,random_minus_best_shots_tvd_min,random_minus_best_shots_tvd_q25,random_minus_best_shots_tvd_median,random_minus_best_shots_tvd_mean,random_minus_best_shots_tvd_q75,random_minus_best_shots_tvd_max,random_minus_best_shots_tvd_std,random_delta_tvd_vs_no_failure_n,random_delta_tvd_vs_no_failure_min,random_delta_tvd_vs_no_failure_q25,random_delta_tvd_vs_no_failure_median,random_delta_tvd_vs_no_failure_mean,random_delta_tvd_vs_no_failure_q75,random_delta_tvd_vs_no_failure_max,random_delta_tvd_vs_no_failure_std,best_tvd_delta_vs_no_failure_n,best_tvd_delta_vs_no_failure_min,best_tvd_delta_vs_no_failure_q25,best_tvd_delta_vs_no_failure_median,best_tvd_delta_vs_no_failure_mean,best_tvd_delta_vs_no_failure_q75,best_tvd_delta_vs_no_failure_max,best_tvd_delta_vs_no_failure_std,shot_oracle_tvd_delta_vs_no_failure_n,shot_oracle_tvd_delta_vs_no_failure_min,shot_oracle_tvd_delta_vs_no_failure_q25,shot_oracle_tvd_delta_vs_no_failure_median,shot_oracle_tvd_delta_vs_no_failure_mean,shot_oracle_tvd_delta_vs_no_failure_q75,shot_oracle_tvd_delta_vs_no_failure_max,shot_oracle_tvd_delta_vs_no_failure_std,random_delta_shots_vs_no_failure_n,random_delta_shots_vs_no_failure_min,random_delta_shots_vs_no_failure_q25,random_delta_shots_vs_no_failure_median,random_delta_shots_vs_no_failure_mean,random_delta_shots_vs_no_failure_q75,random_delta_shots_vs_no_failure_max,random_delta_shots_vs_no_failure_std,best_tvd_delta_shots_vs_no_failure_n,best_tvd_delta_shots_vs_no_failure_min,best_tvd_delta_shots_vs_no_failure_q25,best_tvd_delta_shots_vs_no_failure_median,best_tvd_delta_shots_vs_no_failure_mean,best_tvd_delta_shots_vs_no_failure_q75,best_tvd_delta_shots_vs_no_failure_max,best_tvd_delta_shots_vs_no_failure_std,best_shots_delta_vs_no_failure_n,best_shots_delta_vs_no_failure_min,best_shots_delta_vs_no_failure_q25,best_shots_delta_vs_no_failure_median,best_shots_delta_vs_no_failure_mean,best_shots_delta_vs_no_failure_q75,best_shots_delta_vs_no_failure_max,best_shots_delta_vs_no_failure_std,p_random_within_tvd_threshold,p_random_within_shot_threshold,p_random_within_both_thresholds
fixed_10k_discard,0.1,180,180,0.021611249999999974,0.1280284375,0.24974999999999997,0.3020897222222222,0.39530656249999996,0.89929125,0.22924323904721264,180,0.018775,0.07893,0.16520749999999995,0.23592127777777772,0.282395,0.887155,0.21683610658069208,180,0.0003437500000000038,0.02460093749999998,0.06565125,0.06616844444444443,0.09558531249999996,0.23302,0.04782690696325841,180,0.0,0.0,0.0,0.0,0.0,0.0,0.0,180,0.0003437499999999899,0.02460093749999996,0.06565124999999997,0.06616844444444443,0.09558531249999999,0.23301999999999998,0.047826906963258406,180,0.00021249999999994884,0.027815624999999983,0.06634499999999996,0.07111776388888888,0.10319999999999996,0.29506249999999995,0.05477645743957612,180,0.0007549999999999779,0.0442,0.11940000000000003,0.12243825,0.16976000000000002,0.341955,0.08647242905853587,180,0.0003222932153593403,0.021292964900418678,0.055254482976355934,0.056496727655193285,0.08119954067412438,0.17347810411187342,0.04001955365318205,180,0.0,0.0,0.0,0.0,0.0,0.0,0.0,180,11000.0,11000.0,11000.0,11000.0,11000.0,11000.0,0.0,180,11000.0,11000.0,11000.0,11000.0,11000.0,11000.0,0.0,180,0.0,0.0,0.0,0.0,0.0,0.0,0.0,180,0.0,0.0,0.0,0.0,0.0,0.0,0.0,180,0.0,0.0,0.0,0.0,0.0,0.0,0.0,180,0.0,0.0,0.0,0.0,0.0,0.0,0.0,180,0.0,0.0,0.0,0.0,0.0,0.0,0.0,180,0.0,0.0,0.0,0.0,0.0,0.0,0.0,180,0.0,0.0,0.0,0.0,0.0,0.0,0.0,180,500.0,500.0,500.0,500.0,500.0,500.0,0.0,180,0.0,0.0,0.0,0.0,0.0,0.0,0.0,180,-0.18884999999999996,-0.047318124999999996,-0.0025506250000000286,4.934324553889585e-18,0.04676312499999998,0.25484125,0.07755060157330813,180,-0.341955,-0.11985000000000001,-0.04317499999999995,-0.06616844444444443,-0.003026250000000008,0.09560000000000002,0.08716280418138381,180,-0.18884999999999996,-0.047318124999999996,-0.0025506250000000286,4.934324553889585e-18,0.04676312499999998,0.25484125,0.07755060157330813,180,1000.0,1000.0,1000.0,1000.0,1000.0,1000.0,0.0,180,1000.0,1000.0,1000.0,1000.0,1000.0,1000.0,0.0,180,1000.0,1000.0,1000.0,1000.0,1000.0,1000.0,0.0,0.37222222222222223,1.0,0.37222222222222223
fixed_10k_discard,0.25,180,180,0.021611249999999974,0.1280284375,0.24974999999999997,0.3020897222222222,0.39530656249999996,0.89929125,0.22924323904721264,180,0.018775,0.07893,0.16520749999999995,0.23592127777777772,0.282395,0.887155,0.21683610658069208,180,0.0003437500000000038,0.02460093749999998,0.06565125,0.06616844444444443,0.09558531249999996,0.23302,0.04782690696325841,180,0.0,0.0,0.0,0.0,0.0,0.0,0.0,180,0.0003437499999999899,0.02460093749999996,0.06565124999999997,0.06616844444444443,0.09558531249999999,0.23301999999999998,0.047826906963258406,180,0.00021249999999994884,0.027815624999999983,0.06634499999999996,0.07111776388888888,0.10319999999999996,0.29506249999999995,0.05477645743957612,180,0.0007549999999999779,0.0442,0.11940000000000003,0.12243825,0.16976000000000002,0.341955,0.08647242905853587,180,0.0003222932153593403,0.021292964900418678,0.055254482976355934,0.056496727655193285,0.08119954067412438,0.17347810411187342,0.04001955365318205,180,0.0,0.0,0.0,0.0,0.0,0.0,0.0,180,12500.0,12500.0,12500.0,12500.0,12500.0,12500.0,0.0,180,12500.0,12500.0,12500.0,12500.0,12500.0,12500.0,0.0,180,0.0,0.0,0.0,0.0,0.0,0.0,0.0,180,0.0,0.0,0.0,0.0,0.0,0.0,0.0,180,0.0,0.0,0.0,0.0,0.0,0.0,0.0,180,0.0,0.0,0.0,0.0,0.0,0.0,0.0,180,0.0,0.0,0.0,0.0,0.0,0.0,0.0,180,0.0,0.0,0.0,0.0,0.0,0.0,0.0,180,0.0,0.0,0.0,0.0,0.0,0.0,0.0,180,500.0,500.0,500.0,500.0,500.0,500.0,0.0,180,0.0,0.0,0.0,0.0,0.0,0.0,0.0,180,-0.18884999999999996,-0.047318124999999996,-0.0025506250000000286,4.934324553889585e-18,0.04676312499999998,0.25484125,0.07755060157330813,180,-0.341955,-0.11985000000000001,-0.04317499999999995,-0.06616844444444443,-0.003026250000000008,0.09560000000000002,0.08716280418138381,180,-0.18884999999999996,-0.047318124999999996,-0.0025506250000000286,4.934324553889585e-18,0.04676312499999998,0.25484125,0.07755060157330813,180,2500.0,2500.0,2500.0,2500.0,2500.0,2500.0,0.0,180,2500.0,2500.0,2500.0,2500.0,2500.0,2500.0,0.0,180,2500.0,2500.0,2500.0,2500.0,2500.0,2500.0,0.0,0.37222222222222223,1.0,0.37222222222222223
fixed_10k_discard,0.5,180,180,0.021611249999999974,0.1280284375,0.24974999999999997,0.3020897222222222,0.39530656249999996,0.89929125,0.22924323904721264,180,0.018775,0.07893,0.16520749999999995,0.23592127777777772,0.282395,0.887155,0.21683610658069208,180,0.0003437500000000038,0.02460093749999998,0.06565125,0.06616844444444443,0.09558531249999996,0.23302,0.04782690696325841,180,0.0,0.0,0.0,0.0,0.0,0.0,0.0,180,0.0003437499999999899,0.02460093749999996,0.06565124999999997,0.06616844444444443,0.09558531249999999,0.23301999999999998,0.047826906963258406,180,0.00021249999999994884,0.027815624999999983,0.06634499999999996,0.07111776388888888,0.10319999999999996,0.29506249999999995,0.05477645743957612,180,0.0007549999999999779,0.0442,0.11940000000000003,0.12243825,0.16976000000000002,0.341955,0.08647242905853587,180,0.0003222932153593403,0.021292964900418678,0.055254482976355934,0.056496727655193285,0.08119954067412438,0.17347810411187342,0.04001955365318205,180,0.0,0.0,0.0,0.0,0.0,0.0,0.0,180,15000.0,15000.0,15000.0,15000.0,15000.0,15000.0,0.0,180,15000.0,15000.0,15000.0,15000.0,15000.0,15000.0,0.0,180,0.0,0.0,0.0,0.0,0.0,0.0,0.0,180,0.0,0.0,0.0,0.0,0.0,0.0,0.0,180,0.0,0.0,0.0,0.0,0.0,0.0,0.0,180,0.0,0.0,0.0,0.0,0.0,0.0,0.0,180,0.0,0.0,0.0,0.0,0.0,0.0,0.0,180,0.0,0.0,0.0,0.0,0.0,0.0,0.0,180,0.0,0.0,0.0,0.0,0.0,0.0,0.0,180,500.0,500.0,500.0,500.0,500.0,500.0,0.0,180,0.0,0.0,0.0,0.0,0.0,0.0,0.0,180,-0.18884999999999996,-0.047318124999999996,-0.0025506250000000286,4.934324553889585e-18,0.04676312499999998,0.25484125,0.07755060157330813,180,-0.341955,-0.11985000000000001,-0.04317499999999995,-0.06616844444444443,-0.003026250000000008,0.09560000000000002,0.08716280418138381,180,-0.18884999999999996,-0.047318124999999996,-0.0025506250000000286,4.934324553889585e-18,0.04676312499999998,0.25484125,0.07755060157330813,180,5000.0,5000.0,5000.0,5000.0,5000.0,5000.0,0.0,180,5000.0,5000.0,5000.0,5000.0,5000.0,5000.0,0.0,180,5000.0,5000.0,5000.0,5000.0,5000.0,5000.0,0.0,0.37222222222222223,1.0,0.37222222222222223
fixed_10k_discard,0.75,180,180,0.021611249999999974,0.1280284375,0.24974999999999997,0.3020897222222222,0.39530656249999996,0.89929125,0.22924323904721264,180,0.018775,0.07893,0.16520749999999995,0.23592127777777772,0.282395,0.887155,0.21683610658069208,180,0.0003437500000000038,0.02460093749999998,0.06565125,0.06616844444444443,0.09558531249999996,0.23302,0.04782690696325841,180,0.0,0.0,0.0,0.0,0.0,0.0,0.0,180,0.0003437499999999899,0.02460093749999996,0.06565124999999997,0.06616844444444443,0.09558531249999999,0.23301999999999998,0.047826906963258406,180,0.00021249999999994884,0.027815624999999983,0.06634499999999996,0.07111776388888888,0.10319999999999996,0.29506249999999995,0.05477645743957612,180,0.0007549999999999779,0.0442,0.11940000000000003,0.12243825,0.16976000000000002,0.341955,0.08647242905853587,180,0.0003222932153593403,0.021292964900418678,0.055254482976355934,0.056496727655193285,0.08119954067412438,0.17347810411187342,0.04001955365318205,180,0.0,0.0,0.0,0.0,0.0,0.0,0.0,180,17500.0,17500.0,17500.0,17500.0,17500.0,17500.0,0.0,180,17500.0,17500.0,17500.0,17500.0,17500.0,17500.0,0.0,180,0.0,0.0,0.0,0.0,0.0,0.0,0.0,180,0.0,0.0,0.0,0.0,0.0,0.0,0.0,180,0.0,0.0,0.0,0.0,0.0,0.0,0.0,180,0.0,0.0,0.0,0.0,0.0,0.0,0.0,180,0.0,0.0,0.0,0.0,0.0,0.0,0.0,180,0.0,0.0,0.0,0.0,0.0,0.0,0.0,180,0.0,0.0,0.0,0.0,0.0,0.0,0.0,180,500.0,500.0,500.0,500.0,500.0,500.0,0.0,180,0.0,0.0,0.0,0.0,0.0,0.0,0.0,180,-0.18884999999999996,-0.047318124999999996,-0.0025506250000000286,4.934324553889585e-18,0.04676312499999998,0.25484125,0.07755060157330813,180,-0.341955,-0.11985000000000001,-0.04317499999999995,-0.06616844444444443,-0.003026250000000008,0.09560000000000002,0.08716280418138381,180,-0.18884999999999996,-0.047318124999999996,-0.0025506250000000286,4.934324553889585e-18,0.04676312499999998,0.25484125,0.07755060157330813,180,7500.0,7500.0,7500.0,7500.0,7500.0,7500.0,0.0,180,7500.0,7500.0,7500.0,7500.0,7500.0,7500.0,0.0,180,7500.0,7500.0,7500.0,7500.0,7500.0,7500.0,0.0,0.37222222222222223,1.0,0.37222222222222223
fixed_10k_discard,0.9,180,180,0.021611249999999974,0.1280284375,0.24974999999999997,0.3020897222222222,0.39530656249999996,0.89929125,0.22924323904721264,180,0.018775,0.07893,0.16520749999999995,0.23592127777777772,0.282395,0.887155,0.21683610658069208,180,0.0003437500000000038,0.02460093749999998,0.06565125,0.06616844444444443,0.09558531249999996,0.23302,0.04782690696325841,180,0.0,0.0,0.0,0.0,0.0,0.0,0.0,180,0.0003437499999999899,0.02460093749999996,0.06565124999999997,0.06616844444444443,0.09558531249999999,0.23301999999999998,0.047826906963258406,180,0.00021249999999994884,0.027815624999999983,0.06634499999999996,0.07111776388888888,0.10319999999999996,0.29506249999999995,0.05477645743957612,180,0.0007549999999999779,0.0442,0.11940000000000003,0.12243825,0.16976000000000002,0.341955,0.08647242905853587,180,0.0003222932153593403,0.021292964900418678,0.055254482976355934,0.056496727655193285,0.08119954067412438,0.17347810411187342,0.04001955365318205,180,0.0,0.0,0.0,0.0,0.0,0.0,0.0,180,19000.0,19000.0,19000.0,19000.0,19000.0,19000.0,0.0,180,19000.0,19000.0,19000.0,19000.0,19000.0,19000.0,0.0,180,0.0,0.0,0.0,0.0,0.0,0.0,0.0,180,0.0,0.0,0.0,0.0,0.0,0.0,0.0,180,0.0,0.0,0.0,0.0,0.0,0.0,0.0,180,0.0,0.0,0.0,0.0,0.0,0.0,0.0,180,0.0,0.0,0.0,0.0,0.0,0.0,0.0,180,0.0,0.0,0.0,0.0,0.0,0.0,0.0,180,0.0,0.0,0.0,0.0,0.0,0.0,0.0,180,500.0,500.0,500.0,500.0,500.0,500.0,0.0,180,0.0,0.0,0.0,0.0,0.0,0.0,0.0,180,-0.18884999999999996,-0.047318124999999996,-0.0025506250000000286,4.934324553889585e-18,0.04676312499999998,0.25484125,0.07755060157330813,180,-0.341955,-0.11985000000000001,-0.04317499999999995,-0.06616844444444443,-0.003026250000000008,0.09560000000000002,0.08716280418138381,180,-0.18884999999999996,-0.047318124999999996,-0.0025506250000000286,4.934324553889585e-18,0.04676312499999998,0.25484125,0.07755060157330813,180,9000.0,9000.0,9000.0,9000.0,9000.0,9000.0,0.0,180,9000.0,9000.0,9000.0,9000.0,9000.0,9000.0,0.0,180,9000.0,9000.0,9000.0,9000.0,9000.0,9000.0,0.0,0.37222222222222223,1.0,0.37222222222222223
fixed_10k_keep,0.1,180,180,0.02038749999999995,0.1282134375,0.245461875,0.30040833333333333,0.3879559375,0.89627625,0.22789093108979758,180,0.016375,0.08499999999999999,0.1711425,0.24080547222222218,0.30228125,0.88587,0.21609666664248584,180,0.0017849999999999498,0.022970312500000024,0.05931187499999996,0.05960286111111111,0.08559218749999997,0.21126999999999996,0.043008313522638945,180,0.0,0.0,0.0,0.0,0.0,0.0,0.0,180,0.001784999999999949,0.02297031250000004,0.059311875000000014,0.05960286111111111,0.08559218749999999,0.21127,0.04300831352263894,180,0.0006324999999999803,0.02640437500000001,0.06030874999999999,0.0641376111111111,0.09149999999999998,0.2683125,0.049238016746656336,180,0.003094999999999997,0.042503750000000104,0.10597499999999999,0.11013622222222222,0.156525,0.30845999999999996,0.07782478586636697,180,0.0013010444522254542,0.019785589222961725,0.049662826078291276,0.0508122847073889,0.07251202150122961,0.15671147997594176,0.036056199630412386,180,0.0,0.0,0.0,0.0,0.0,0.0,0.0,180,10000.0,10000.0,10000.0,10000.0,10000.0,10000.0,0.0,180,10000.0,10000.0,10000.0,10000.0,10000.0,10000.0,0.0,180,0.0,0.0,0.0,0.0,0.0,0.0,0.0,180,0.0,0.0,0.0,0.0,0.0,0.0,0.0,180,0.0,0.0,0.0,0.0,0.0,0.0,0.0,180,0.0,0.0,0.0,0.0,0.0,0.0,0.0,180,0.0,0.0,0.0,0.0,0.0,0.0,0.0,180,0.0,0.0,0.0,0.0,0.0,0.0,0.0,180,0.0,0.0,0.0,0.0,0.0,0.0,0.0,180,500.0,500.0,500.0,500.0,500.0,500.0,0.0,180,0.0,0.0,0.0,0.0,0.0,0.0,0.0,180,-0.171145,-0.04296656250000005,-0.0053106250000000445,-0.0016813888888888924,0.042825625,0.22819750000000005,0.06976784961491804,180,-0.30985,-0.10833250000000008,-0.040212499999999984,-0.061284250000000005,-0.006075000000000005,0.08576500000000001,0.07827475977790736,180,-0.171145,-0.04296656250000005,-0.0053106250000000445,-0.0016813888888888924,0.042825625,0.22819750000000005,0.06976784961491804,180,0.0,0.0,0.0,0.0,0.0,0.0,0.0,180,0.0,0.0,0.0,0.0,0.0,0.0,0.0,180,0.0,0.0,0.0,0.0,0.0,0.0,0.0,0.4,1.0,0.4
fixed_10k_keep,0.25,180,180,0.019887499999999975,0.1283028125,0.244915625,0.2989475972222222,0.38321625000000004,0.89048125,0.22647088025532505,180,0.01828,0.08654749999999997,0.18010249999999994,0.24910041666666666,0.32394999999999996,0.880465,0.2158881313105174,180,0.0015474999999999725,0.019538437500000026,0.04921187499999997,0.049847180555555565,0.07099406249999995,0.18035374999999998,0.035740361477113014,180,0.0,0.0,0.0,0.0,0.0,0.0,0.0,180,0.0015474999999999742,0.019538437500000026,0.04921187499999996,0.049847180555555565,0.07099406249999998,0.18035375,0.03574036147711302,180,0.0005199999999999493,0.022575000000000033,0.05115,0.05371429166666668,0.07639125000000002,0.229825,0.041150437778337344,180,0.0024049999999999974,0.03630750000000002,0.08795249999999999,0.0919601388888889,0.129545,0.261765,0.06430588420957303,180,0.0010893614337460773,0.017060140804039236,0.04082898985935256,0.04248155949932024,0.06028622840343635,0.13197733533325584,0.029867500112128874,180,0.0,0.0,0.0,0.0,0.0,0.0,0.0,180,10000.0,10000.0,10000.0,10000.0,10000.0,10000.0,0.0,180,10000.0,10000.0,10000.0,10000.0,10000.0,10000.0,0.0,180,0.0,0.0,0.0,0.0,0.0,0.0,0.0,180,0.0,0.0,0.0,0.0,0.0,0.0,0.0,180,0.0,0.0,0.0,0.0,0.0,0.0,0.0,180,0.0,0.0,0.0,0.0,0.0,0.0,0.0,180,0.0,0.0,0.0,0.0,0.0,0.0,0.0,180,0.0,0.0,0.0,0.0,0.0,0.0,0.0,180,0.0,0.0,0.0,0.0,0.0,0.0,0.0,180,500.0,500.0,500.0,500.0,500.0,500.0,0.0,180,0.0,0.0,0.0,0.0,0.0,0.0,0.0,180,-0.14983625,-0.03697874999999997,-0.009598750000000003,-0.003142125000000003,0.03299656249999998,0.18610874999999993,0.05855908282004177,180,-0.264455,-0.09086625000000001,-0.03743000000000002,-0.05298930555555555,-0.0066737500000000494,0.0721449999999999,0.06531933968225817,180,-0.14983625,-0.03697874999999997,-0.009598750000000003,-0.003142125000000003,0.03299656249999998,0.18610874999999993,0.05855908282004177,180,0.0,0.0,0.0,0.0,0.0,0.0,0.0,180,0.0,0.0,0.0,0.0,0.0,0.0,0.0,180,0.0,0.0,0.0,0.0,0.0,0.0,0.0,0.5111111111111111,1.0,0.5111111111111111
fixed_10k_keep,0.5,180,180,0.019173749999999976,0.13117499999999999,0.24556374999999997,0.29810787499999997,0.38378999999999996,0.89367,0.2269335515069979,180,0.01706,0.10599124999999998,0.19716249999999996,0.2647122222222222,0.33822375,0.881775,0.21925445923955755,180,0.0006925000000000264,0.012535937499999927,0.03299187499999999,0.033395652777777785,0.04705500000000005,0.1211775000000001,0.023832761255647816,180,0.0,0.0,0.0,0.0,0.0,0.0,0.0,180,0.0006925000000000247,0.01253593750000001,0.032991875000000025,0.033395652777777785,0.047055000000000055,0.12117750000000004,0.02383276125564781,180,0.0005649999999999995,0.01367125000000001,0.03521749999999994,0.0360971388888889,0.04958687499999996,0.15544250000000004,0.02745521686254598,180,0.0016400000000000997,0.024433749999999952,0.056250000000000036,0.061388333333333336,0.08787250000000002,0.175195,0.04283883110635326,180,0.0007427033952617938,0.011050786540603177,0.027223111612557735,0.028363369545093307,0.039719828432832296,0.08837703198984072,0.019890554169031224,180,0.0,0.0,0.0,0.0,0.0,0.0,0.0,180,10000.0,10000.0,10000.0,10000.0,10000.0,10000.0,0.0,180,10000.0,10000.0,10000.0,10000.0,10000.0,10000.0,0.0,180,0.0,0.0,0.0,0.0,0.0,0.0,0.0,180,0.0,0.0,0.0,0.0,0.0,0.0,0.0,180,0.0,0.0,0.0,0.0,0.0,0.0,0.0,180,0.0,0.0,0.0,0.0,0.0,0.0,0.0,180,0.0,0.0,0.0,0.0,0.0,0.0,0.0,180,0.0,0.0,0.0,0.0,0.0,0.0,0.0,180,0.0,0.0,0.0,0.0,0.0,0.0,0.0,180,500.0,500.0,500.0,500.0,500.0,500.0,0.0,180,0.0,0.0,0.0,0.0,0.0,0.0,0.0,180,-0.10174749999999999,-0.027656250000000042,-0.011050625000000008,-0.003981847222222223,0.022052187499999945,0.12060249999999995,0.0393687586503824,180,-0.18094500000000002,-0.06113749999999999,-0.028575000000000003,-0.03737750000000001,-0.005671249999999926,0.050184999999999896,0.043515067291968884,180,-0.10174749999999999,-0.027656250000000042,-0.011050625000000008,-0.003981847222222223,0.022052187499999945,0.12060249999999995,0.0393687586503824,180,0.0,0.0,0.0,0.0,0.0,0.0,0.0,180,0.0,0.0,0.0,0.0,0.0,0.0,0.0,180,0.0,0.0,0.0,0.0,0.0,0.0,0.0,0.7944444444444444,1.0,0.7944444444444444
fixed_10k_keep,0.75,180,180,0.01913,0.12953749999999997,0.231823125,0.2989475972222222,0.37533000000000005,0.9001962499999999,0.23042427797616935,180,0.01828,0.116575,0.20511499999999994,0.28223349999999997,0.3479162499999999,0.895215,0.2265300328374725,180,0.0008500000000000001,0.0054724999999999895,0.01574312500000006,0.01671409722222222,0.02286937499999999,0.06088374999999996,0.01188220361046867,180,0.0,0.0,0.0,0.0,0.0,0.0,0.0,180,0.0008499999999999992,0.005472499999999986,0.01574312500000002,0.016714097222222224,0.02286937499999999,0.06088374999999997,0.011882203610468671,180,0.0004674999999999957,0.005969375000000013,0.017699999999999994,0.018123555555555556,0.0242250000000001,0.07818249999999993,0.01379958289172985,180,0.0016100000000000003,0.011223750000000027,0.028850000000000042,0.030609277777777777,0.04354625000000001,0.08882500000000004,0.02106775665383483,180,0.0007155577661284235,0.005294544491639634,0.013436122995458847,0.014192778993283792,0.019532229250775923,0.04455201723360386,0.009792232001364835,180,0.0,0.0,0.0,0.0,0.0,0.0,0.0,180,10000.0,10000.0,10000.0,10000.0,10000.0,10000.0,0.0,180,10000.0,10000.0,10000.0,10000.0,10000.0,10000.0,0.0,180,0.0,0.0,0.0,0.0,0.0,0.0,0.0,180,0.0,0.0,0.0,0.0,0.0,0.0,0.0,180,0.0,0.0,0.0,0.0,0.0,0.0,0.0,180,0.0,0.0,0.0,0.0,0.0,0.0,0.0,180,0.0,0.0,0.0,0.0,0.0,0.0,0.0,180,0.0,0.0,0.0,0.0,0.0,0.0,0.0,180,0.0,0.0,0.0,0.0,0.0,0.0,0.0,180,500.0,500.0,500.0,500.0,500.0,500.0,0.0,180,0.0,0.0,0.0,0.0,0.0,0.0,0.0,180,-0.054457499999999937,-0.015530937500000064,-0.0054218750000000066,-0.0031421250000000047,0.008605000000000067,0.059350000000000014,0.020042959880290104,180,-0.09260000000000002,-0.03269000000000001,-0.018642499999999965,-0.01985622222222223,-0.003417499999999924,0.026799999999999907,0.02202411131519463,180,-0.054457499999999937,-0.015530937500000064,-0.0054218750000000066,-0.0031421250000000047,0.008605000000000067,0.059350000000000014,0.020042959880290104,180,0.0,0.0,0.0,0.0,0.0,0.0,0.0,180,0.0,0.0,0.0,0.0,0.0,0.0,0.0,180,0.0,0.0,0.0,0.0,0.0,0.0,0.0,0.9833333333333333,1.0,0.9833333333333333
fixed_10k_keep,0.9,180,180,0.017712500000000003,0.1291125,0.22195187499999997,0.30040833333333333,0.38668843750000004,0.9036824999999999,0.23413231542347732,180,0.016375,0.1227387499999999,0.21628249999999993,0.293432111111111,0.37715375,0.902125,0.23261727193744422,180,0.0003462500000000063,0.0027500000000000493,0.006450000000000004,0.006976222222222226,0.009762187500000019,0.024001249999999974,0.004899938693101314,180,0.0,0.0,0.0,0.0,0.0,0.0,0.0,180,0.0003462500000000028,0.0027500000000000484,0.006450000000000004,0.006976222222222223,0.009762187499999991,0.024001249999999974,0.0048999386931013154,180,0.0001275000000000026,0.00282874999999997,0.006936250000000005,0.007539027777777778,0.010414999999999987,0.030549999999999966,0.005700218334719283,180,0.0007349999999999024,0.00508125000000002,0.012300000000000047,0.012826833333333336,0.018140000000000045,0.03660000000000002,0.008688051833685406,180,0.00033148655075780886,0.0023383768990025916,0.0054805263621562576,0.005905370615421225,0.008150151642469992,0.018039285832131293,0.004050597092118959,180,0.0,0.0,0.0,0.0,0.0,0.0,0.0,180,10000.0,10000.0,10000.0,10000.0,10000.0,10000.0,0.0,180,10000.0,10000.0,10000.0,10000.0,10000.0,10000.0,0.0,180,0.0,0.0,0.0,0.0,0.0,0.0,0.0,180,0.0,0.0,0.0,0.0,0.0,0.0,0.0,180,0.0,0.0,0.0,0.0,0.0,0.0,0.0,180,0.0,0.0,0.0,0.0,0.0,0.0,0.0,180,0.0,0.0,0.0,0.0,0.0,0.0,0.0,180,0.0,0.0,0.0,0.0,0.0,0.0,0.0,180,0.0,0.0,0.0,0.0,0.0,0.0,0.0,180,500.0,500.0,500.0,500.0,500.0,500.0,0.0,180,0.0,0.0,0.0,0.0,0.0,0.0,0.0,180,-0.02196374999999995,-0.007151562499999944,-0.0022568749999999603,-0.0016813888888888879,0.0027312499999999906,0.024426249999999983,0.008245955307066169,180,-0.03700000000000003,-0.013866249999999969,-0.007847499999999993,-0.008657611111111112,-0.0016999999999999758,0.010105000000000003,0.009084208817938987,180,-0.02196374999999995,-0.007151562499999944,-0.0022568749999999603,-0.0016813888888888879,0.0027312499999999906,0.024426249999999983,0.008245955307066169,180,0.0,0.0,0.0,0.0,0.0,0.0,0.0,180,0.0,0.0,0.0,0.0,0.0,0.0,0.0,180,0.0,0.0,0.0,0.0,0.0,0.0,0.0,1.0,1.0,1.0
fixed_20k_discard,0.1,180,180,0.01959999999999995,0.1263825,0.247143125,0.29466552777777777,0.387575625,0.889425,0.2231570048473258,180,0.0170149999999999,0.073735,0.1539875,0.22727330555555553,0.274515,0.876845,0.20883471594838182,180,0.0020099999999999493,0.028268125000000026,0.06592062500000001,0.06739222222222223,0.09644875,0.23119999999999996,0.04775048089120571,180,0.0,0.0,0.0,0.0,0.0,0.0,0.0,180,0.00200999999999995,0.028268125000000005,0.06592062500000001,0.06739222222222223,0.09644875,0.2312,0.04775048089120572,180,0.0018024999999999534,0.032885625000000036,0.06800250000000001,0.07259905555555556,0.10420687500000003,0.29293749999999996,0.054497233327701976,180,0.003249999999999899,0.04761000000000004,0.12143499999999995,0.1243707777777778,0.17514000000000002,0.3403,0.08681108114593941,180,0.0013995177740921667,0.021521271238545886,0.05586811513733789,0.05725078730959646,0.08232128930082688,0.1741081142566308,0.040208571297633645,180,0.0,0.0,0.0,0.0,0.0,0.0,0.0,180,22000.0,22000.0,22000.0,22000.0,22000.0,22000.0,0.0,180,22000.0,22000.0,22000.0,22000.0,22000.0,22000.0,0.0,180,0.0,0.0,0.0,0.0,0.0,0.0,0.0,180,0.0,0.0,0.0,0.0,0.0,0.0,0.0,180,0.0,0.0,0.0,0.0,0.0,0.0,0.0,180,0.0,0.0,0.0,0.0,0.0,0.0,0.0,180,0.0,0.0,0.0,0.0,0.0,0.0,0.0,180,0.0,0.0,0.0,0.0,0.0,0.0,0.0,180,0.0,0.0,0.0,0.0,0.0,0.0,0.0,180,1000.0,1000.0,1000.0,1000.0,1000.0,1000.0,0.0,180,0.0,0.0,0.0,0.0,0.0,0.0,0.0,180,-0.18996249999999998,-0.04569656250000001,-0.003648750000000006,-1.6961740653995447e-18,0.04508218750000005,0.25053875000000003,0.07836367750759256,180,-0.3403,-0.12271249999999993,-0.04390000000000005,-0.06739222222222223,-0.004260000000000074,0.10365000000000002,0.08785377424416525,180,-0.18996249999999998,-0.04569656250000001,-0.003648750000000006,-1.6961740653995447e-18,0.04508218750000005,0.25053875000000003,0.07836367750759256,180,2000.0,2000.0,2000.0,2000.0,2000.0,2000.0,0.0,180,2000.0,2000.0,2000.0,2000.0,2000.0,2000.0,0.0,180,2000.0,2000.0,2000.0,2000.0,2000.0,2000.0,0.0,0.3611111111111111,1.0,0.3611111111111111
fixed_20k_discard,0.25,180,180,0.01959999999999995,0.1263825,0.247143125,0.29466552777777777,0.387575625,0.889425,0.2231570048473258,180,0.0170149999999999,0.073735,0.1539875,0.22727330555555553,0.274515,0.876845,0.20883471594838182,180,0.0020099999999999493,0.028268125000000026,0.06592062500000001,0.06739222222222223,0.09644875,0.23119999999999996,0.04775048089120571,180,0.0,0.0,0.0,0.0,0.0,0.0,0.0,180,0.00200999999999995,0.028268125000000005,0.06592062500000001,0.06739222222222223,0.09644875,0.2312,0.04775048089120572,180,0.0018024999999999534,0.032885625000000036,0.06800250000000001,0.07259905555555556,0.10420687500000003,0.29293749999999996,0.054497233327701976,180,0.003249999999999899,0.04761000000000004,0.12143499999999995,0.1243707777777778,0.17514000000000002,0.3403,0.08681108114593941,180,0.0013995177740921667,0.021521271238545886,0.05586811513733789,0.05725078730959646,0.08232128930082688,0.1741081142566308,0.040208571297633645,180,0.0,0.0,0.0,0.0,0.0,0.0,0.0,180,25000.0,25000.0,25000.0,25000.0,25000.0,25000.0,0.0,180,25000.0,25000.0,25000.0,25000.0,25000.0,25000.0,0.0,180,0.0,0.0,0.0,0.0,0.0,0.0,0.0,180,0.0,0.0,0.0,0.0,0.0,0.0,0.0,180,0.0,0.0,0.0,0.0,0.0,0.0,0.0,180,0.0,0.0,0.0,0.0,0.0,0.0,0.0,180,0.0,0.0,0.0,0.0,0.0,0.0,0.0,180,0.0,0.0,0.0,0.0,0.0,0.0,0.0,180,0.0,0.0,0.0,0.0,0.0,0.0,0.0,180,1000.0,1000.0,1000.0,1000.0,1000.0,1000.0,0.0,180,0.0,0.0,0.0,0.0,0.0,0.0,0.0,180,-0.18996249999999998,-0.04569656250000001,-0.003648750000000006,-1.6961740653995447e-18,0.04508218750000005,0.25053875000000003,0.07836367750759256,180,-0.3403,-0.12271249999999993,-0.04390000000000005,-0.06739222222222223,-0.004260000000000074,0.10365000000000002,0.08785377424416525,180,-0.18996249999999998,-0.04569656250000001,-0.003648750000000006,-1.6961740653995447e-18,0.04508218750000005,0.25053875000000003,0.07836367750759256,180,5000.0,5000.0,5000.0,5000.0,5000.0,5000.0,0.0,180,5000.0,5000.0,5000.0,5000.0,5000.0,5000.0,0.0,180,5000.0,5000.0,5000.0,5000.0,5000.0,5000.0,0.0,0.3611111111111111,1.0,0.3611111111111111
fixed_20k_discard,0.5,180,180,0.01959999999999995,0.1263825,0.247143125,0.29466552777777777,0.387575625,0.889425,0.2231570048473258,180,0.0170149999999999,0.073735,0.1539875,0.22727330555555553,0.274515,0.876845,0.20883471594838182,180,0.0020099999999999493,0.028268125000000026,0.06592062500000001,0.06739222222222223,0.09644875,0.23119999999999996,0.04775048089120571,180,0.0,0.0,0.0,0.0,0.0,0.0,0.0,180,0.00200999999999995,0.028268125000000005,0.06592062500000001,0.06739222222222223,0.09644875,0.2312,0.04775048089120572,180,0.0018024999999999534,0.032885625000000036,0.06800250000000001,0.07259905555555556,0.10420687500000003,0.29293749999999996,0.054497233327701976,180,0.003249999999999899,0.04761000000000004,0.12143499999999995,0.1243707777777778,0.17514000000000002,0.3403,0.08681108114593941,180,0.0013995177740921667,0.021521271238545886,0.05586811513733789,0.05725078730959646,0.08232128930082688,0.1741081142566308,0.040208571297633645,180,0.0,0.0,0.0,0.0,0.0,0.0,0.0,180,30000.0,30000.0,30000.0,30000.0,30000.0,30000.0,0.0,180,30000.0,30000.0,30000.0,30000.0,30000.0,30000.0,0.0,180,0.0,0.0,0.0,0.0,0.0,0.0,0.0,180,0.0,0.0,0.0,0.0,0.0,0.0,0.0,180,0.0,0.0,0.0,0.0,0.0,0.0,0.0,180,0.0,0.0,0.0,0.0,0.0,0.0,0.0,180,0.0,0.0,0.0,0.0,0.0,0.0,0.0,180,0.0,0.0,0.0,0.0,0.0,0.0,0.0,180,0.0,0.0,0.0,0.0,0.0,0.0,0.0,180,1000.0,1000.0,1000.0,1000.0,1000.0,1000.0,0.0,180,0.0,0.0,0.0,0.0,0.0,0.0,0.0,180,-0.18996249999999998,-0.04569656250000001,-0.003648750000000006,-1.6961740653995447e-18,0.04508218750000005,0.25053875000000003,0.07836367750759256,180,-0.3403,-0.12271249999999993,-0.04390000000000005,-0.06739222222222223,-0.004260000000000074,0.10365000000000002,0.08785377424416525,180,-0.18996249999999998,-0.04569656250000001,-0.003648750000000006,-1.6961740653995447e-18,0.04508218750000005,0.25053875000000003,0.07836367750759256,180,10000.0,10000.0,10000.0,10000.0,10000.0,10000.0,0.0,180,10000.0,10000.0,10000.0,10000.0,10000.0,10000.0,0.0,180,10000.0,10000.0,10000.0,10000.0,10000.0,10000.0,0.0,0.3611111111111111,1.0,0.3611111111111111
fixed_20k_discard,0.75,180,180,0.01959999999999995,0.1263825,0.247143125,0.29466552777777777,0.387575625,0.889425,0.2231570048473258,180,0.0170149999999999,0.073735,0.1539875,0.22727330555555553,0.274515,0.876845,0.20883471594838182,180,0.0020099999999999493,0.028268125000000026,0.06592062500000001,0.06739222222222223,0.09644875,0.23119999999999996,0.04775048089120571,180,0.0,0.0,0.0,0.0,0.0,0.0,0.0,180,0.00200999999999995,0.028268125000000005,0.06592062500000001,0.06739222222222223,0.09644875,0.2312,0.04775048089120572,180,0.0018024999999999534,0.032885625000000036,0.06800250000000001,0.07259905555555556,0.10420687500000003,0.29293749999999996,0.054497233327701976,180,0.003249999999999899,0.04761000000000004,0.12143499999999995,0.1243707777777778,0.17514000000000002,0.3403,0.08681108114593941,180,0.0013995177740921667,0.021521271238545886,0.05586811513733789,0.05725078730959646,0.08232128930082688,0.1741081142566308,0.040208571297633645,180,0.0,0.0,0.0,0.0,0.0,0.0,0.0,180,35000.0,35000.0,35000.0,35000.0,35000.0,35000.0,0.0,180,35000.0,35000.0,35000.0,35000.0,35000.0,35000.0,0.0,180,0.0,0.0,0.0,0.0,0.0,0.0,0.0,180,0.0,0.0,0.0,0.0,0.0,0.0,0.0,180,0.0,0.0,0.0,0.0,0.0,0.0,0.0,180,0.0,0.0,0.0,0.0,0.0,0.0,0.0,180,0.0,0.0,0.0,0.0,0.0,0.0,0.0,180,0.0,0.0,0.0,0.0,0.0,0.0,0.0,180,0.0,0.0,0.0,0.0,0.0,0.0,0.0,180,1000.0,1000.0,1000.0,1000.0,1000.0,1000.0,0.0,180,0.0,0.0,0.0,0.0,0.0,0.0,0.0,180,-0.18996249999999998,-0.04569656250000001,-0.003648750000000006,-1.6961740653995447e-18,0.04508218750000005,0.25053875000000003,0.07836367750759256,180,-0.3403,-0.12271249999999993,-0.04390000000000005,-0.06739222222222223,-0.004260000000000074,0.10365000000000002,0.08785377424416525,180,-0.18996249999999998,-0.04569656250000001,-0.003648750000000006,-1.6961740653995447e-18,0.04508218750000005,0.25053875000000003,0.07836367750759256,180,15000.0,15000.0,15000.0,15000.0,15000.0,15000.0,0.0,180,15000.0,15000.0,15000.0,15000.0,15000.0,15000.0,0.0,180,15000.0,15000.0,15000.0,15000.0,15000.0,15000.0,0.0,0.3611111111111111,1.0,0.3611111111111111
fixed_20k_discard,0.9,180,180,0.01959999999999995,0.1263825,0.247143125,0.29466552777777777,0.387575625,0.889425,0.2231570048473258,180,0.0170149999999999,0.073735,0.1539875,0.22727330555555553,0.274515,0.876845,0.20883471594838182,180,0.0020099999999999493,0.028268125000000026,0.06592062500000001,0.06739222222222223,0.09644875,0.23119999999999996,0.04775048089120571,180,0.0,0.0,0.0,0.0,0.0,0.0,0.0,180,0.00200999999999995,0.028268125000000005,0.06592062500000001,0.06739222222222223,0.09644875,0.2312,0.04775048089120572,180,0.0018024999999999534,0.032885625000000036,0.06800250000000001,0.07259905555555556,0.10420687500000003,0.29293749999999996,0.054497233327701976,180,0.003249999999999899,0.04761000000000004,0.12143499999999995,0.1243707777777778,0.17514000000000002,0.3403,0.08681108114593941,180,0.0013995177740921667,0.021521271238545886,0.05586811513733789,0.05725078730959646,0.08232128930082688,0.1741081142566308,0.040208571297633645,180,0.0,0.0,0.0,0.0,0.0,0.0,0.0,180,38000.0,38000.0,38000.0,38000.0,38000.0,38000.0,0.0,180,38000.0,38000.0,38000.0,38000.0,38000.0,38000.0,0.0,180,0.0,0.0,0.0,0.0,0.0,0.0,0.0,180,0.0,0.0,0.0,0.0,0.0,0.0,0.0,180,0.0,0.0,0.0,0.0,0.0,0.0,0.0,180,0.0,0.0,0.0,0.0,0.0,0.0,0.0,180,0.0,0.0,0.0,0.0,0.0,0.0,0.0,180,0.0,0.0,0.0,0.0,0.0,0.0,0.0,180,0.0,0.0,0.0,0.0,0.0,0.0,0.0,180,1000.0,1000.0,1000.0,1000.0,1000.0,1000.0,0.0,180,0.0,0.0,0.0,0.0,0.0,0.0,0.0,180,-0.18996249999999998,-0.04569656250000001,-0.003648750000000006,-1.6961740653995447e-18,0.04508218750000005,0.25053875000000003,0.07836367750759256,180,-0.3403,-0.12271249999999993,-0.04390000000000005,-0.06739222222222223,-0.004260000000000074,0.10365000000000002,0.08785377424416525,180,-0.18996249999999998,-0.04569656250000001,-0.003648750000000006,-1.6961740653995447e-18,0.04508218750000005,0.25053875000000003,0.07836367750759256,180,18000.0,18000.0,18000.0,18000.0,18000.0,18000.0,0.0,180,18000.0,18000.0,18000.0,18000.0,18000.0,18000.0,0.0,180,18000.0,18000.0,18000.0,18000.0,18000.0,18000.0,0.0,0.3611111111111111,1.0,0.3611111111111111
fixed_20k_keep,0.1,180,180,0.018124999999999922,0.12803781249999996,0.24618374999999995,0.29272805555555553,0.379425,0.8835525,0.22157597790388883,180,0.014265,0.07691249999999993,0.16259749999999995,0.2318890555555555,0.29832375,0.87135,0.2078964929762897,180,0.001587499999999964,0.025301875,0.059123125,0.06083900000000001,0.08657281250000004,0.20928000000000008,0.04321372091037398,180,0.0,0.0,0.0,0.0,0.0,0.0,0.0,180,0.0015875000000000056,0.025301875,0.059123125000000006,0.06083900000000002,0.08657281250000001,0.20928000000000002,0.043213720910373975,180,0.0005824999999999997,0.029531875000000075,0.06173750000000004,0.06550643055555556,0.09421937499999998,0.26541750000000003,0.04944067144658055,180,0.0035600000000000076,0.0433075,0.10970500000000002,0.1123431388888889,0.15897624999999999,0.30720000000000003,0.07823073715288252,180,0.0017511401048079145,0.01961584846091734,0.051043403015304634,0.05173586398992032,0.07446939429160267,0.15686036771069145,0.03621753579597796,180,0.0,0.0,0.0,0.0,0.0,0.0,0.0,180,20000.0,20000.0,20000.0,20000.0,20000.0,20000.0,0.0,180,20000.0,20000.0,20000.0,20000.0,20000.0,20000.0,0.0,180,0.0,0.0,0.0,0.0,0.0,0.0,0.0,180,0.0,0.0,0.0,0.0,0.0,0.0,0.0,180,0.0,0.0,0.0,0.0,0.0,0.0,0.0,180,0.0,0.0,0.0,0.0,0.0,0.0,0.0,180,0.0,0.0,0.0,0.0,0.0,0.0,0.0,180,0.0,0.0,0.0,0.0,0.0,0.0,0.0,180,0.0,0.0,0.0,0.0,0.0,0.0,0.0,180,1000.0,1000.0,1000.0,1000.0,1000.0,1000.0,0.0,180,0.0,0.0,0.0,0.0,0.0,0.0,0.0,180,-0.17335875,-0.04207281250000003,-0.008910625000000005,-0.0019374722222222282,0.04018812500000002,0.22332249999999998,0.07070301941117837,180,-0.30680500000000005,-0.11074999999999996,-0.039882500000000015,-0.06277647222222224,-0.0061712499999999025,0.09255000000000002,0.07896536077034919,180,-0.17335875,-0.04207281250000003,-0.008910625000000005,-0.0019374722222222282,0.04018812500000002,0.22332249999999998,0.07070301941117837,180,0.0,0.0,0.0,0.0,0.0,0.0,0.0,180,0.0,0.0,0.0,0.0,0.0,0.0,0.0,180,0.0,0.0,0.0,0.0,0.0,0.0,0.0,0.39444444444444443,1.0,0.39444444444444443
fixed_20k_keep,0.25,180,180,0.017926249999999977,0.12678343749999998,0.24171375,0.2906879583333333,0.375740625,0.8779012500000001,0.22027688066712836,180,0.01488,0.08531374999999992,0.1745049999999999,0.23993886111111107,0.29794,0.866935,0.20813817177728516,180,0.0009900000000000013,0.020418437500000053,0.04927937499999999,0.05074909722222222,0.07158999999999996,0.17639874999999994,0.0361639174275834,180,0.0,0.0,0.0,0.0,0.0,0.0,0.0,180,0.0009900000000000004,0.02041843750000001,0.049279374999999986,0.05074909722222222,0.07158999999999996,0.17639875000000002,0.03616391742758341,180,0.0007474999999999982,0.024144999999999972,0.051524999999999994,0.05469806944444444,0.07886750000000001,0.22406750000000003,0.041311508661548486,180,0.0017350000000000004,0.03591375000000008,0.09194999999999998,0.09360025,0.13549499999999998,0.25844999999999996,0.06556548742606584,180,0.000744793036129277,0.01642293587612216,0.041683408089867015,0.0430847948927837,0.06212681628518435,0.13199621404766376,0.03032269934202548,180,0.0,0.0,0.0,0.0,0.0,0.0,0.0,180,20000.0,20000.0,20000.0,20000.0,20000.0,20000.0,0.0,180,20000.0,20000.0,20000.0,20000.0,20000.0,20000.0,0.0,180,0.0,0.0,0.0,0.0,0.0,0.0,0.0,180,0.0,0.0,0.0,0.0,0.0,0.0,0.0,180,0.0,0.0,0.0,0.0,0.0,0.0,0.0,180,0.0,0.0,0.0,0.0,0.0,0.0,0.0,180,0.0,0.0,0.0,0.0,0.0,0.0,0.0,180,0.0,0.0,0.0,0.0,0.0,0.0,0.0,180,0.0,0.0,0.0,0.0,0.0,0.0,0.0,180,1000.0,1000.0,1000.0,1000.0,1000.0,1000.0,0.0,180,0.0,0.0,0.0,0.0,0.0,0.0,0.0,180,-0.14872249999999998,-0.038431875000000025,-0.010921875000000011,-0.003977569444444445,0.0344953125,0.18371999999999988,0.05932232616281459,180,-0.25968,-0.09261875,-0.042169999999999985,-0.054726666666666667,-0.0072075,0.07600000000000001,0.06571219310679736,180,-0.14872249999999998,-0.038431875000000025,-0.010921875000000011,-0.003977569444444445,0.0344953125,0.18371999999999988,0.05932232616281459,180,0.0,0.0,0.0,0.0,0.0,0.0,0.0,180,0.0,0.0,0.0,0.0,0.0,0.0,0.0,180,0.0,0.0,0.0,0.0,0.0,0.0,0.0,0.5111111111111111,1.0,0.5111111111111111
fixed_20k_keep,0.5,180,180,0.0172025,0.12915937499999997,0.244368125,0.28936504166666666,0.37719375,0.8798125,0.22087051429040222,180,0.015795,0.10131249999999997,0.19239749999999994,0.25567308333333333,0.3171,0.86809,0.2124007824892181,180,0.000443749999999965,0.01273937500000004,0.03320250000000006,0.033691958333333334,0.04799406250000002,0.11763374999999993,0.024106520842681084,180,0.0,0.0,0.0,0.0,0.0,0.0,0.0,180,0.0004437499999999789,0.012739374999999999,0.03320250000000005,0.033691958333333334,0.047994062500000004,0.11763375,0.024106520842681084,180,0.00011500000000003174,0.014449375000000007,0.034015000000000004,0.03634569444444443,0.052199999999999955,0.148945,0.027561278098500334,180,0.0011149999999999771,0.022715000000000037,0.059949999999999976,0.062076444444444455,0.08877749999999998,0.17371999999999999,0.04363969105449868,180,0.0004748925317023439,0.010658172059555337,0.027919180223745545,0.02858571790409271,0.0409203323812934,0.08793791332525465,0.020184357787354477,180,0.0,0.0,0.0,0.0,0.0,0.0,0.0,180,20000.0,20000.0,20000.0,20000.0,20000.0,20000.0,0.0,180,20000.0,20000.0,20000.0,20000.0,20000.0,20000.0,0.0,180,0.0,0.0,0.0,0.0,0.0,0.0,0.0,180,0.0,0.0,0.0,0.0,0.0,0.0,0.0,180,0.0,0.0,0.0,0.0,0.0,0.0,0.0,180,0.0,0.0,0.0,0.0,0.0,0.0,0.0,180,0.0,0.0,0.0,0.0,0.0,0.0,0.0,180,0.0,0.0,0.0,0.0,0.0,0.0,0.0,180,0.0,0.0,0.0,0.0,0.0,0.0,0.0,180,1000.0,1000.0,1000.0,1000.0,1000.0,1000.0,0.0,180,0.0,0.0,0.0,0.0,0.0,0.0,0.0,180,-0.10065999999999997,-0.029955625000000027,-0.01086937499999999,-0.005300486111111111,0.02086218750000006,0.12312499999999993,0.04017092276527082,180,-0.17271500000000006,-0.06344749999999999,-0.03429749999999994,-0.03899244444444444,-0.006289999999999923,0.0524,0.043545264260560365,180,-0.10065999999999997,-0.029955625000000027,-0.01086937499999999,-0.005300486111111111,0.02086218750000006,0.12312499999999993,0.04017092276527082,180,0.0,0.0,0.0,0.0,0.0,0.0,0.0,180,0.0,0.0,0.0,0.0,0.0,0.0,0.0,180,0.0,0.0,0.0,0.0,0.0,0.0,0.0,0.7777777777777778,1.0,0.7777777777777778
fixed_20k_keep,0.75,180,180,0.016381249999999976,0.13176562499999997,0.230725,0.29068795833333333,0.376970625,0.88790625,0.22446371355405603,180,0.01488,0.1172912499999999,0.20203999999999994,0.27386705555555557,0.34690624999999997,0.882255,0.2200260408716952,180,0.0008187499999999792,0.006423437499999971,0.016854375000000005,0.01682090277777778,0.02325625,0.06077499999999997,0.011924911166891787,180,0.0,0.0,0.0,0.0,0.0,0.0,0.0,180,0.000818750000000007,0.006423437499999976,0.016854375,0.01682090277777778,0.023256249999999964,0.06077499999999998,0.011924911166891787,180,0.0005025000000000168,0.006779374999999972,0.017755000000000035,0.018191833333333334,0.02530124999999999,0.07780749999999997,0.013776372483309337,180,0.0018349999999999998,0.012144999999999974,0.02821000000000006,0.03089994444444444,0.04357375000000001,0.08843500000000004,0.021350439412934526,180,0.0008642434070715571,0.005407690596933461,0.013613486084856855,0.014283647255628267,0.01965506284142201,0.04453620014007333,0.009911320311138505,180,0.0,0.0,0.0,0.0,0.0,0.0,0.0,180,20000.0,20000.0,20000.0,20000.0,20000.0,20000.0,0.0,180,20000.0,20000.0,20000.0,20000.0,20000.0,20000.0,0.0,180,0.0,0.0,0.0,0.0,0.0,0.0,0.0,180,0.0,0.0,0.0,0.0,0.0,0.0,0.0,180,0.0,0.0,0.0,0.0,0.0,0.0,0.0,180,0.0,0.0,0.0,0.0,0.0,0.0,0.0,180,0.0,0.0,0.0,0.0,0.0,0.0,0.0,180,0.0,0.0,0.0,0.0,0.0,0.0,0.0,180,0.0,0.0,0.0,0.0,0.0,0.0,0.0,180,1000.0,1000.0,1000.0,1000.0,1000.0,1000.0,0.0,180,0.0,0.0,0.0,0.0,0.0,0.0,0.0,180,-0.054460000000000064,-0.01625312499999995,-0.006722499999999989,-0.003977569444444445,0.009637499999999976,0.058845000000000036,0.0204225323027914,180,-0.09020000000000006,-0.03338000000000005,-0.02025750000000001,-0.020798472222222218,-0.0035000000000000022,0.025094999999999895,0.021894007643589328,180,-0.054460000000000064,-0.01625312499999995,-0.006722499999999989,-0.003977569444444445,0.009637499999999976,0.058845000000000036,0.0204225323027914,180,0.0,0.0,0.0,0.0,0.0,0.0,0.0,180,0.0,0.0,0.0,0.0,0.0,0.0,0.0,180,0.0,0.0,0.0,0.0,0.0,0.0,0.0,0.9833333333333333,1.0,0.9833333333333333
fixed_20k_keep,0.9,180,180,0.015716249999999973,0.12839250000000002,0.22275499999999998,0.2927280555555555,0.38505625,0.893945,0.22816962778239624,180,0.014265,0.1231125,0.21665,0.2859398333333333,0.376845,0.89228,0.22649273021674124,180,0.00034500000000000156,0.0024624999999999994,0.006494375000000045,0.00678822222222222,0.00930312500000001,0.024475000000000025,0.00477733834851075,180,0.0,0.0,0.0,0.0,0.0,0.0,0.0,180,0.00034499999999999895,0.0024625000000000007,0.0064943750000000435,0.006788222222222222,0.00930312500000002,0.024474999999999997,0.004777338348510751,180,0.0002375000000000016,0.002860000000000043,0.006722500000000027,0.007356513888888892,0.009718750000000095,0.031474999999999975,0.005576921804047929,180,0.0005799999999999972,0.004460000000000018,0.011450000000000002,0.012439861111111113,0.0172075,0.036150000000000015,0.008456598419233203,180,0.0002485290056847815,0.0021173531135661333,0.0054549185332311186,0.0057753822002151916,0.00790078701519955,0.01810809579534339,0.0039708690253322555,180,0.0,0.0,0.0,0.0,0.0,0.0,0.0,180,20000.0,20000.0,20000.0,20000.0,20000.0,20000.0,0.0,180,20000.0,20000.0,20000.0,20000.0,20000.0,20000.0,0.0,180,0.0,0.0,0.0,0.0,0.0,0.0,0.0,180,0.0,0.0,0.0,0.0,0.0,0.0,0.0,180,0.0,0.0,0.0,0.0,0.0,0.0,0.0,180,0.0,0.0,0.0,0.0,0.0,0.0,0.0,180,0.0,0.0,0.0,0.0,0.0,0.0,0.0,180,0.0,0.0,0.0,0.0,0.0,0.0,0.0,180,0.0,0.0,0.0,0.0,0.0,0.0,0.0,180,1000.0,1000.0,1000.0,1000.0,1000.0,1000.0,0.0,180,0.0,0.0,0.0,0.0,0.0,0.0,0.0,180,-0.02255375000000004,-0.006928749999999942,-0.0025500000000000245,-0.0019374722222222295,0.003421562500000001,0.02426624999999999,0.008308199099429453,180,-0.03639999999999999,-0.014156250000000009,-0.007887499999999992,-0.00872569444444445,-0.0017874999999999974,0.010074999999999917,0.008796482168310181,180,-0.02255375000000004,-0.006928749999999942,-0.0025500000000000245,-0.0019374722222222295,0.003421562500000001,0.02426624999999999,0.008308199099429453,180,0.0,0.0,0.0,0.0,0.0,0.0,0.0,180,0.0,0.0,0.0,0.0,0.0,0.0,0.0,180,0.0,0.0,0.0,0.0,0.0,0.0,0.0,1.0,1.0,1.0
stableshots_discard,0.1,180,180,0.027699750134096153,0.12896704003932818,0.24802177391320349,0.29552957933004803,0.3877393239941504,0.889425,0.22225995491299244,180,0.0192435294117647,0.0772525222551928,0.1543043816254417,0.2289587383326506,0.2755516257668712,0.876845,0.2080231687024104,180,0.002070278280463897,0.027170822518490376,0.06612454642721924,0.06657084099739742,0.09365902022887114,0.2322876946793339,0.04681209955753001,180,0.0,0.0,0.0,0.0,0.0,0.0,0.0,180,0.0020702782804639004,0.02717082251849037,0.06612454642721924,0.0665708409973974,0.09365902022887113,0.2322876946793339,0.04681209955753001,180,0.0009239605456671032,0.03272555047694755,0.0684070539206556,0.07191539025727768,0.10171374999999999,0.2939973071133686,0.053411401361109646,180,0.005934660155471401,0.046388888888888896,0.1135422826729747,0.1224525834750343,0.18228499999999997,0.34115616449059843,0.08520304122053372,180,0.002585024797452361,0.020901191473235797,0.05469698286433844,0.05651103070325622,0.0799077197030284,0.17335667844518324,0.03937823008300223,180,-487.5,0.0,331.25,625.0,1046.875,3050.0,767.4176297399964,180,987.5,4112.5,8025.0,11443.888888888889,21175.0,22000.0,8069.69093690671,180,900.0,3550.0,7525.0,10732.777777777777,19600.0,22000.0,8172.925602942637,180,0.0,37.5,481.25,711.1111111111111,1056.25,3050.0,723.5560279440546,180,0.0,0.011652542372881356,0.10799102927289897,0.12635598022492767,0.20215450310559008,0.45294117647058824,0.11580469834207091,180,0.0,0.0,0.0,0.0,0.0,0.0,0.0,180,0.0,37.5,481.25,711.1111111111111,1056.25,3050.0,723.5560279440546,180,0.0,18.75,475.0,766.1111111111111,1125.0,3775.0,842.1533246518843,180,0.0,112.5,1000.0,1312.2222222222222,1900.0,4650.0,1257.798269459078,180,0.0,53.033008588991066,480.3309980364272,608.0618894148889,901.7045501029135,2247.730336732293,586.0848364401802,180,42.5,176.875,371.25,520.9444444444445,1000.0,1000.0,368.3431645089559,180,-0.10386872450183324,0.0,0.04277967144246213,0.04354465368538027,0.07381276240018485,0.2322876946793339,0.05497870570261115,180,-0.18787193912831834,-0.04660700978654014,-0.004566601418936396,-1.6961740653995447e-18,0.044984591255161674,0.25352217848179365,0.07715230358431664,180,-0.34115616449059843,-0.11511186417461997,-0.042958324808184165,-0.0665708409973974,-0.005612245116603553,0.0949049999999999,0.0862894786932032,180,-0.34115616449059843,-0.10049774801587305,-0.02031821388950847,-0.04354465368538027,0.008529035506644564,0.19296691383595688,0.08841928226905661,180,-1487.5,134.375,893.75,1025.0,2000.0,4600.0,1141.1082956749112,180,-3000.0,-600.0,325.0,400.0,2000.0,2500.0,1351.122024932235,180,-3000.0,-650.0,200.0,313.8888888888889,2000.0,2500.0,1363.6446353416147,0.35555555555555557,0.34444444444444444,0.17777777777777778
stableshots_discard,0.25,180,180,0.027699750134096153,0.12896704003932818,0.24802177391320349,0.29552957933004803,0.3877393239941504,0.889425,0.22225995491299244,180,0.0192435294117647,0.0772525222551928,0.1543043816254417,0.2289587383326506,0.2755516257668712,0.876845,0.2080231687024104,180,0.002070278280463897,0.027170822518490376,0.06612454642721924,0.06657084099739742,0.09365902022887114,0.2322876946793339,0.04681209955753001,180,0.0,0.0,0.0,0.0,0.0,0.0,0.0,180,0.0020702782804639004,0.02717082251849037,0.06612454642721924,0.0665708409973974,0.09365902022887113,0.2322876946793339,0.04681209955753001,180,0.0009239605456671032,0.03272555047694755,0.0684070539206556,0.07191539025727768,0.10171374999999999,0.2939973071133686,0.053411401361109646,180,0.005934660155471401,0.046388888888888896,0.1135422826729747,0.1224525834750343,0.18228499999999997,0.34115616449059843,0.08520304122053372,180,0.002585024797452361,0.020901191473235797,0.05469698286433844,0.05651103070325622,0.0799077197030284,0.17335667844518324,0.03937823008300223,180,-487.5,0.0,331.25,625.0,1046.875,3050.0,767.4176297399964,180,1137.5,4703.125,9050.0,13009.722222222223,23781.25,25000.0,9166.562055015062,180,1050.0,4150.0,8625.0,12298.611111111111,22337.5,25000.0,9266.562147736597,180,0.0,37.5,481.25,711.1111111111111,1056.25,3050.0,723.5560279440546,180,0.0,0.011652542372881356,0.10799102927289897,0.12635598022492767,0.20215450310559008,0.45294117647058824,0.11580469834207091,180,0.0,0.0,0.0,0.0,0.0,0.0,0.0,180,0.0,37.5,481.25,711.1111111111111,1056.25,3050.0,723.5560279440546,180,0.0,18.75,475.0,766.1111111111111,1125.0,3775.0,842.1533246518843,180,0.0,112.5,1000.0,1312.2222222222222,1900.0,4650.0,1257.798269459078,180,0.0,53.033008588991066,480.3309980364272,608.0618894148889,901.7045501029135,2247.730336732293,586.0848364401802,180,42.5,176.875,371.25,520.9444444444445,1000.0,1000.0,368.3431645089559,180,-0.10386872450183324,0.0,0.04277967144246213,0.04354465368538027,0.07381276240018485,0.2322876946793339,0.05497870570261115,180,-0.18787193912831834,-0.04660700978654014,-0.004566601418936396,-1.6961740653995447e-18,0.044984591255161674,0.25352217848179365,0.07715230358431664,180,-0.34115616449059843,-0.11511186417461997,-0.042958324808184165,-0.0665708409973974,-0.005612245116603553,0.0949049999999999,0.0862894786932032,180,-0.34115616449059843,-0.10049774801587305,-0.02031821388950847,-0.04354465368538027,0.008529035506644564,0.19296691383595688,0.08841928226905661,180,-387.5,675.0,2075.0,2590.8333333333335,5000.0,7050.0,1988.0415006684061,180,-1550.0,150.0,1300.0,1965.8333333333333,4962.5,5000.0,2132.8795745024163,180,-1550.0,0.0,1250.0,1879.7222222222222,4962.5,5000.0,2162.457073053591,0.35555555555555557,0.34444444444444444,0.17777777777777778
stableshots_discard,0.5,180,180,0.027699750134096153,0.12896704003932818,0.24802177391320349,0.29552957933004803,0.3877393239941504,0.889425,0.22225995491299244,180,0.0192435294117647,0.0772525222551928,0.1543043816254417,0.2289587383326506,0.2755516257668712,0.876845,0.2080231687024104,180,0.002070278280463897,0.027170822518490376,0.06612454642721924,0.06657084099739742,0.09365902022887114,0.2322876946793339,0.04681209955753001,180,0.0,0.0,0.0,0.0,0.0,0.0,0.0,180,0.0020702782804639004,0.02717082251849037,0.06612454642721924,0.0665708409973974,0.09365902022887113,0.2322876946793339,0.04681209955753001,180,0.0009239605456671032,0.03272555047694755,0.0684070539206556,0.07191539025727768,0.10171374999999999,0.2939973071133686,0.053411401361109646,180,0.005934660155471401,0.046388888888888896,0.1135422826729747,0.1224525834750343,0.18228499999999997,0.34115616449059843,0.08520304122053372,180,0.002585024797452361,0.020901191473235797,0.05469698286433844,0.05651103070325622,0.0799077197030284,0.17335667844518324,0.03937823008300223,180,-487.5,0.0,331.25,625.0,1046.875,3050.0,767.4176297399964,180,1350.0,5628.125,10937.5,15619.166666666666,28781.25,30000.0,10997.806996353876,180,1250.0,5050.0,10425.0,14908.055555555555,27337.5,30000.0,11093.868360154049,180,0.0,37.5,481.25,711.1111111111111,1056.25,3050.0,723.5560279440546,180,0.0,0.011652542372881356,0.10799102927289897,0.12635598022492767,0.20215450310559008,0.45294117647058824,0.11580469834207091,180,0.0,0.0,0.0,0.0,0.0,0.0,0.0,180,0.0,37.5,481.25,711.1111111111111,1056.25,3050.0,723.5560279440546,180,0.0,18.75,475.0,766.1111111111111,1125.0,3775.0,842.1533246518843,180,0.0,112.5,1000.0,1312.2222222222222,1900.0,4650.0,1257.798269459078,180,0.0,53.033008588991066,480.3309980364272,608.0618894148889,901.7045501029135,2247.730336732293,586.0848364401802,180,42.5,176.875,371.25,520.9444444444445,1000.0,1000.0,368.3431645089559,180,-0.10386872450183324,0.0,0.04277967144246213,0.04354465368538027,0.07381276240018485,0.2322876946793339,0.05497870570261115,180,-0.18787193912831834,-0.04660700978654014,-0.004566601418936396,-1.6961740653995447e-18,0.044984591255161674,0.25352217848179365,0.07715230358431664,180,-0.34115616449059843,-0.11511186417461997,-0.042958324808184165,-0.0665708409973974,-0.005612245116603553,0.0949049999999999,0.0862894786932032,180,-0.34115616449059843,-0.10049774801587305,-0.02031821388950847,-0.04354465368538027,0.008529035506644564,0.19296691383595688,0.08841928226905661,180,350.0,1696.875,3806.25,5200.277777777777,10000.0,11150.0,3711.663199608047,180,150.0,1037.5,3350.0,4575.277777777777,9287.5,10000.0,3807.561930601961,180,100.0,987.5,3175.0,4489.166666666667,9287.5,10000.0,3844.3722017643304,0.35555555555555557,0.34444444444444444,0.17777777777777778
stableshots_discard,0.75,180,180,0.027699750134096153,0.12896704003932818,0.24802177391320349,0.29552957933004803,0.3877393239941504,0.889425,0.22225995491299244,180,0.0192435294117647,0.0772525222551928,0.1543043816254417,0.2289587383326506,0.2755516257668712,0.876845,0.2080231687024104,180,0.002070278280463897,0.027170822518490376,0.06612454642721924,0.06657084099739742,0.09365902022887114,0.2322876946793339,0.04681209955753001,180,0.0,0.0,0.0,0.0,0.0,0.0,0.0,180,0.0020702782804639004,0.02717082251849037,0.06612454642721924,0.0665708409973974,0.09365902022887113,0.2322876946793339,0.04681209955753001,180,0.0009239605456671032,0.03272555047694755,0.0684070539206556,0.07191539025727768,0.10171374999999999,0.2939973071133686,0.053411401361109646,180,0.005934660155471401,0.046388888888888896,0.1135422826729747,0.1224525834750343,0.18228499999999997,0.34115616449059843,0.08520304122053372,180,0.002585024797452361,0.020901191473235797,0.05469698286433844,0.05651103070325622,0.0799077197030284,0.17335667844518324,0.03937823008300223,180,-487.5,0.0,331.25,625.0,1046.875,3050.0,767.4176297399964,180,1550.0,6700.0,12712.5,18218.88888888889,33781.25,35000.0,12836.272467795065,180,1450.0,5900.0,12175.0,17507.777777777777,32337.5,35000.0,12929.512192535865,180,0.0,37.5,481.25,711.1111111111111,1056.25,3050.0,723.5560279440546,180,0.0,0.011652542372881356,0.10799102927289897,0.12635598022492767,0.20215450310559008,0.45294117647058824,0.11580469834207091,180,0.0,0.0,0.0,0.0,0.0,0.0,0.0,180,0.0,37.5,481.25,711.1111111111111,1056.25,3050.0,723.5560279440546,180,0.0,18.75,475.0,766.1111111111111,1125.0,3775.0,842.1533246518843,180,0.0,112.5,1000.0,1312.2222222222222,1900.0,4650.0,1257.798269459078,180,0.0,53.033008588991066,480.3309980364272,608.0618894148889,901.7045501029135,2247.730336732293,586.0848364401802,180,42.5,176.875,371.25,520.9444444444445,1000.0,1000.0,368.3431645089559,180,-0.10386872450183324,0.0,0.04277967144246213,0.04354465368538027,0.07381276240018485,0.2322876946793339,0.05497870570261115,180,-0.18787193912831834,-0.04660700978654014,-0.004566601418936396,-1.6961740653995447e-18,0.044984591255161674,0.25352217848179365,0.07715230358431664,180,-0.34115616449059843,-0.11511186417461997,-0.042958324808184165,-0.0665708409973974,-0.005612245116603553,0.0949049999999999,0.0862894786932032,180,-0.34115616449059843,-0.10049774801587305,-0.02031821388950847,-0.04354465368538027,0.008529035506644564,0.19296691383595688,0.08841928226905661,180,600.0,2884.375,5556.25,7800.0,15000.0,15200.0,5515.674560011251,180,550.0,2100.0,5225.0,7175.0,13575.0,15000.0,5591.8024097730895,180,550.0,2100.0,5050.0,7088.888888888889,13575.0,15000.0,5630.777741698936,0.35555555555555557,0.34444444444444444,0.17777777777777778
stableshots_discard,0.9,180,180,0.027699750134096153,0.12896704003932818,0.24802177391320349,0.29552957933004803,0.3877393239941504,0.889425,0.22225995491299244,180,0.0192435294117647,0.0772525222551928,0.1543043816254417,0.2289587383326506,0.2755516257668712,0.876845,0.2080231687024104,180,0.002070278280463897,0.027170822518490376,0.06612454642721924,0.06657084099739742,0.09365902022887114,0.2322876946793339,0.04681209955753001,180,0.0,0.0,0.0,0.0,0.0,0.0,0.0,180,0.0020702782804639004,0.02717082251849037,0.06612454642721924,0.0665708409973974,0.09365902022887113,0.2322876946793339,0.04681209955753001,180,0.0009239605456671032,0.03272555047694755,0.0684070539206556,0.07191539025727768,0.10171374999999999,0.2939973071133686,0.053411401361109646,180,0.005934660155471401,0.046388888888888896,0.1135422826729747,0.1224525834750343,0.18228499999999997,0.34115616449059843,0.08520304122053372,180,0.002585024797452361,0.020901191473235797,0.05469698286433844,0.05651103070325622,0.0799077197030284,0.17335667844518324,0.03937823008300223,180,-487.5,0.0,331.25,625.0,1046.875,3050.0,767.4176297399964,180,1700.0,7328.125,13812.5,19780.555555555555,36781.25,38000.0,13938.664099632044,180,1600.0,6437.5,13225.0,19069.444444444445,35337.5,38000.0,14030.654178365097,180,0.0,37.5,481.25,711.1111111111111,1056.25,3050.0,723.5560279440546,180,0.0,0.011652542372881356,0.10799102927289897,0.12635598022492767,0.20215450310559008,0.45294117647058824,0.11580469834207091,180,0.0,0.0,0.0,0.0,0.0,0.0,0.0,180,0.0,37.5,481.25,711.1111111111111,1056.25,3050.0,723.5560279440546,180,0.0,18.75,475.0,766.1111111111111,1125.0,3775.0,842.1533246518843,180,0.0,112.5,1000.0,1312.2222222222222,1900.0,4650.0,1257.798269459078,180,0.0,53.033008588991066,480.3309980364272,608.0618894148889,901.7045501029135,2247.730336732293,586.0848364401802,180,42.5,176.875,371.25,520.9444444444445,1000.0,1000.0,368.3431645089559,180,-0.10386872450183324,0.0,0.04277967144246213,0.04354465368538027,0.07381276240018485,0.2322876946793339,0.05497870570261115,180,-0.18787193912831834,-0.04660700978654014,-0.004566601418936396,-1.6961740653995447e-18,0.044984591255161674,0.25352217848179365,0.07715230358431664,180,-0.34115616449059843,-0.11511186417461997,-0.042958324808184165,-0.0665708409973974,-0.005612245116603553,0.0949049999999999,0.0862894786932032,180,-0.34115616449059843,-0.10049774801587305,-0.02031821388950847,-0.04354465368538027,0.008529035506644564,0.19296691383595688,0.08841928226905661,180,750.0,3446.875,6531.25,9361.666666666666,17737.5,18000.0,6607.395525355782,180,750.0,2700.0,6350.0,8736.666666666666,16162.5,18000.0,6676.854041258365,180,700.0,2700.0,6075.0,8650.555555555555,16162.5,18000.0,6716.485157728804,0.35555555555555557,0.34444444444444444,0.17777777777777778
stableshots_keep,0.1,180,180,0.028325522062876522,0.1301358846007245,0.2476040524743755,0.2948547324267926,0.37983268092105266,0.8835525,0.22050293579385694,180,0.0205761764705882,0.08360288875598083,0.16469387755102038,0.23457178637110102,0.30112125,0.87135,0.2070047086696637,180,0.001587499999999964,0.025469229864994496,0.05790308309444184,0.06028294605569156,0.08633327956448106,0.21335008591593135,0.042410223571651466,180,0.0,0.0,0.0,0.0,0.0,0.0,0.0,180,0.0015875000000000056,0.025469229864994496,0.057903083094441796,0.06028294605569156,0.08633327956448106,0.21335008591593135,0.04241022357165147,180,0.0006128770866164548,0.02980750000000007,0.061863415616246475,0.06500939799171328,0.09057053843381482,0.2701286505302037,0.04866631094247372,180,0.0035600000000000076,0.04326181818181824,0.10260620869033052,0.11111298823933971,0.15767129339534555,0.313143042603318,0.0765515512158064,180,0.0017511401048079145,0.019754639282969493,0.049164247915113986,0.051180100603329455,0.07164186477586684,0.15432894486922577,0.035364727179722964,180,-300.0,0.0,275.0,586.25,1056.25,2912.5,730.7409714245096,180,937.5,3734.375,7556.25,10434.861111111111,19587.5,20000.0,7334.822383262592,180,750.0,3112.5,7225.0,9765.833333333334,18387.5,20000.0,7426.124945347379,180,0.0,75.0,437.5,669.0277777777778,1078.125,2912.5,688.8394209301877,180,0.0,0.013803680981595092,0.09865482542275675,0.12081182425550215,0.18836122047244094,0.5192307692307693,0.11613383481568855,180,0.0,0.0,0.0,0.0,0.0,0.0,0.0,180,0.0,75.0,437.5,669.0277777777778,1078.125,2912.5,688.8394209301877,180,0.0,37.5,450.0,729.8611111111111,1131.25,3800.0,811.6087601084602,180,0.0,150.0,900.0,1216.388888888889,2100.0,4500.0,1178.3525872961732,180,0.0,68.46531968814577,399.83410266146404,555.2760262324056,931.2000037083301,1990.9691944712088,545.9918429917021,180,42.5,176.875,371.25,520.9444444444445,1000.0,1000.0,368.3431645089559,180,-0.14686542955257026,0.0,0.030694894004823142,0.03787057244544465,0.07151716863936872,0.21335008591593135,0.05080796214163458,180,-0.17172802631578948,-0.04178396907479999,-0.007525394852082576,-0.0006748469032554055,0.04178944903902952,0.23478429244503046,0.0699709496346826,180,-0.2968734435750973,-0.10054868301642177,-0.03922999999999999,-0.060957792958946974,-0.00701239360870325,0.0885175438596491,0.07626613086449996,180,-0.2968734435750973,-0.09160619503685795,-0.022369375000000025,-0.03854541934870006,0.002545986524978148,0.27468231841526053,0.08065380771982666,180,-2175.0,-431.25,0.0,15.972222222222221,328.125,3462.5,889.5842191849894,180,-4050.0,-950.0,-150.0,-570.2777777777778,0.0,1900.0,1038.7962686550095,180,-4050.0,-1112.5,-350.0,-653.0555555555555,0.0,1900.0,1035.3684455909345,0.4166666666666667,0.34444444444444444,0.2111111111111111
stableshots_keep,0.25,180,180,0.0248618989183417,0.13200042975895854,0.24720960230896183,0.2942084389497033,0.37740375000000004,0.8779012500000001,0.2191472645716688,180,0.0159410240963855,0.08868831168831165,0.18315242532005688,0.24369001746023014,0.3012563362068965,0.866935,0.20721083154498135,180,0.0010199999999999931,0.021109101796339666,0.04804485564303426,0.05051842148947312,0.07129529305598008,0.18244735946650298,0.0358555144462339,180,0.0,0.0,0.0,0.0,0.0,0.0,0.0,180,0.0010199999999999931,0.021109101796339656,0.04804485564303427,0.05051842148947312,0.07129529305598009,0.18244735946650292,0.0358555144462339,180,0.0006762109709352003,0.024144999999999972,0.049061501942302285,0.054614392653329,0.07828549696271472,0.23062076693539102,0.04119667839457713,180,0.0018849999999999978,0.03542875000000001,0.08834850180778975,0.09284490065123446,0.13416542496443812,0.2685479039952296,0.06438657630632931,180,0.0008618681260301128,0.015949754749460712,0.04007073995342961,0.04268108191312733,0.05962159066937002,0.12753173698663262,0.02965660648548328,180,-400.0,0.0,250.0,475.34722222222223,812.5,2475.0,638.5848073180979,180,750.0,3881.25,7506.25,10508.958333333334,19512.5,20000.0,7309.153101113477,180,450.0,3200.0,6925.0,9929.444444444445,18650.0,20000.0,7401.545189892018,180,0.0,65.625,443.75,579.5138888888889,918.75,2475.0,587.703910721657,180,0.0,0.00556379821958457,0.08638034759358289,0.10983771876751945,0.15938228438228438,0.46311475409836067,0.10919009704143054,180,0.0,0.0,0.0,0.0,0.0,0.0,0.0,180,0.0,65.625,443.75,579.5138888888889,918.75,2475.0,587.703910721657,180,0.0,0.0,387.5,619.3055555555555,956.25,3175.0,708.0484556945389,180,0.0,150.0,900.0,1079.4444444444443,1750.0,3600.0,985.6624249157269,180,0.0,77.30823048033113,383.7306628620728,498.41598165085145,766.3472641822548,1662.5783189572353,464.8158762975992,180,42.5,176.875,371.25,520.9444444444445,1000.0,1000.0,368.3431645089559,180,-0.051307199445370766,0.0,0.025409770362537568,0.03390619610757823,0.05989981473164929,0.18244735946650298,0.040800010320625656,180,-0.1456147219334719,-0.036506191375588685,-0.010291266602640119,-0.0013211403803447303,0.034627933274045335,0.2041110632416832,0.05928766810907615,180,-0.24220858895705522,-0.08148577365728901,-0.03746942307692307,-0.051839561869817856,-0.009927842143105155,0.07764749999999992,0.06233240629259183,180,-0.24188925500563407,-0.07424706899521066,-0.021818873626373657,-0.03522733648792295,6.636170711462816e-05,0.1442321752738654,0.06201027122649163,180,-1650.0,-262.5,0.0,90.06944444444444,353.125,3387.5,815.6120003375758,180,-3050.0,-700.0,-75.0,-385.27777777777777,0.0,1400.0,830.7917947400086,180,-3050.0,-900.0,-225.0,-489.44444444444446,0.0,1400.0,829.097053589409,0.5333333333333333,0.34444444444444444,0.21666666666666667
stableshots_keep,0.5,180,180,0.023628941049535397,0.130091947687321,0.24620070529273536,0.293854775266794,0.38333406018639493,0.8798125,0.2192806214465244,180,0.0194631372549019,0.10393424036281175,0.1905279450806871,0.25769398895694035,0.31302484472049685,0.86809,0.21144772498310463,180,0.000443749999999965,0.013711250000000008,0.03344477369347096,0.03616078630985358,0.05088445654105621,0.13566605267179127,0.026553217036212842,180,0.0,0.0,0.0,0.0,0.0,0.0,0.0,180,0.0004437499999999789,0.013711250000000008,0.033444773693470965,0.03616078630985358,0.050884456541056174,0.13566605267179122,0.026553217036212842,180,0.00011500000000003174,0.014666250000000006,0.035142615030631486,0.03909898432652262,0.055467248942917574,0.16949036796721595,0.03082288231264675,180,0.0011149999999999771,0.02715397727272724,0.06172590163934432,0.0664451765863691,0.09123140116613881,0.20368347475273302,0.04667976530218476,180,0.0004748925317023439,0.011801256318256481,0.030001212932151213,0.03033738536036765,0.040671922988478465,0.09368039507028336,0.021473614046708864,180,-712.5,0.0,81.25,323.05555555555554,587.5,2787.5,600.4244050420342,180,850.0,4187.5,7825.0,10677.222222222223,19803.125,20000.0,7244.666111923064,180,600.0,3537.5,7225.0,10183.055555555555,19362.5,20000.0,7332.450953135422,180,0.0,46.875,387.5,494.1666666666667,675.0,2787.5,512.9577939012355,180,0.0,0.009004237288135594,0.06669763281034957,0.09961762858029789,0.13288690476190476,0.5961538461538461,0.11363314114759317,180,0.0,0.0,0.0,0.0,0.0,0.0,0.0,180,0.0,46.875,387.5,494.1666666666667,675.0,2787.5,512.9577939012355,180,0.0,0.0,350.0,525.6944444444445,756.25,3675.0,619.5231009370528,180,0.0,112.5,800.0,925.2777777777778,1425.0,4200.0,855.7804961577312,180,0.0,47.18646522044219,366.2876829305985,422.0123497667764,643.6693448303531,1862.0665043619324,391.28426132658336,180,42.5,176.875,371.25,520.9444444444445,1000.0,1000.0,368.3431645089559,180,-0.09142716184973115,0.0,0.008290385557887935,0.019517913263819898,0.03909938503321807,0.13566605267179127,0.03181075895766537,180,-0.09872020792124903,-0.029430202159524646,-0.009627483450552775,-0.0016748040632540528,0.0243251827962697,0.15473743467096496,0.04370987164369339,180,-0.1802545659685495,-0.06048751796957786,-0.030675000000000036,-0.03783559037310764,-0.006905035522987651,0.0598051459854014,0.04286433908702014,180,-0.15925627463496372,-0.04292730945121952,-0.017521783181357595,-0.021192717327073948,0.0008483523282318533,0.08272750000000006,0.03963931839785677,180,-1412.5,-25.0,0.0,258.3333333333333,450.0,3775.0,753.7638331739705,180,-2400.0,-250.0,0.0,-64.72222222222223,200.0,1850.0,641.8961354186713,180,-2400.0,-550.0,-50.0,-235.83333333333334,0.0,1850.0,609.6586415510544,0.7388888888888889,0.4166666666666667,0.3388888888888889
stableshots_keep,0.75,180,180,0.019441723651030026,0.13407086359268555,0.2440881026547456,0.29568555123700985,0.3696001244584064,0.88790625,0.22201972461761674,180,0.017802469879518,0.1080866228070175,0.20204018215662806,0.2725071608987785,0.33897973557692307,0.882255,0.2188777953565932,180,0.000556271712158829,0.009073617857209476,0.01989514051717175,0.023178390338231283,0.030028149095761625,0.08668581056797481,0.01867003867550791,180,0.0,0.0,0.0,0.0,0.0,0.0,0.0,180,0.0005562717121588272,0.009073617857209462,0.019895140517171783,0.023178390338231283,0.030028149095761625,0.08668581056797485,0.01867003867550791,180,0.0005025000000000168,0.009419463700827961,0.02088485581361378,0.02523513956299138,0.03530037393162387,0.10516494776753649,0.021472219292402398,180,0.0011085483870968,0.0173523905529954,0.03878000000000001,0.042243282226942375,0.055809632490773815,0.15248623131392608,0.03258330158970643,180,0.0005047205757048299,0.007686725613314875,0.017878165164867593,0.01915542117183143,0.025324350164736543,0.06986212696848777,0.014674283401532845,180,-1025.0,-15.625,0.0,221.52777777777777,350.0,2787.5,607.6905515858002,180,1000.0,4162.5,8062.5,10808.75,20000.0,20000.0,7207.640036464875,180,850.0,3600.0,7600.0,10363.055555555555,20000.0,20000.0,7323.211288247481,180,0.0,0.0,293.75,445.69444444444446,575.0,2787.5,515.1007424080251,180,0.0,0.0,0.05652780374167757,0.0948467694673674,0.12295997920997921,0.6442307692307693,0.11982995985993954,180,0.0,0.0,0.0,0.0,0.0,0.0,0.0,180,0.0,0.0,293.75,445.69444444444446,575.0,2787.5,515.1007424080251,180,0.0,0.0,262.5,476.3888888888889,650.0,3050.0,604.0986765827565,180,0.0,0.0,600.0,830.0,1200.0,5050.0,888.2787322373824,180,0.0,0.0,270.5726618555942,371.48281541569634,555.4618653165563,2115.9611685157806,393.928619476826,180,42.5,176.875,371.25,520.9444444444445,1000.0,1000.0,368.3431645089559,180,-0.06592260402953276,-0.0008155881394794348,0.0,0.008590556541530684,0.01928267954068597,0.08668581056797481,0.023745985755026826,180,-0.06615628468788853,-0.017658048741986704,-0.006584280332140311,0.00015597190696183138,0.013123844461512994,0.11226839374446923,0.029139774367566536,180,-0.1257137435962305,-0.03486525224199303,-0.021007283070767754,-0.023022418431269454,-0.005242107151330803,0.03967973282442741,0.026540379306849327,180,-0.06377765797133494,-0.01901789939839578,-0.007106413425835449,-0.008434584634568854,0.0014408015368309306,0.04082999999999992,0.017001066099771783,180,-1125.0,0.0,150.0,389.8611111111111,612.5,3862.5,726.041667501583,180,-1050.0,0.0,0.0,168.33333333333334,350.0,1950.0,501.6147111436767,180,-1950.0,-200.0,0.0,-55.833333333333336,100.0,1550.0,469.28791296111245,0.8944444444444445,0.45555555555555555,0.45
stableshots_keep,0.9,180,180,0.01955177818828675,0.1319564010930286,0.24760770047348862,0.2976835922917211,0.38430366955599227,0.893945,0.22508759793740035,180,0.0190877777777777,0.11506978653530373,0.21416942307692305,0.28250835497387294,0.35384839163125203,0.89228,0.2249865918486966,180,0.0002499999999999933,0.0038096689390053062,0.010310163761676941,0.01517523731784805,0.020139769093124704,0.07427173335010664,0.015081721973379226,180,0.0,0.0,0.0,0.0,0.0,0.0,0.0,180,0.0002499999999999985,0.0038096689390053114,0.010310163761676937,0.01517523731784805,0.0201397690931247,0.07427173335010667,0.015081721973379229,180,0.0,0.003928194689273744,0.010499071826681073,0.016595891615907254,0.022259412925735092,0.08951230063134619,0.017179043560191277,180,0.000999999999999994,0.00811480263157896,0.01933261183261184,0.027509166039577683,0.03634735077004241,0.13583293782629338,0.02642774827744967,180,0.000499999999999997,0.003717934109434772,0.008989696528418726,0.012373754512321028,0.01611314199098196,0.062481938877289464,0.011829267106214406,180,-987.5,-125.0,0.0,183.40277777777777,375.0,2737.5,598.9324047096094,180,850.0,4378.125,8206.25,10876.736111111111,20000.0,20000.0,7174.480710858203,180,850.0,3737.5,7600.0,10449.722222222223,20000.0,20000.0,7293.232680997379,180,0.0,0.0,300.0,427.0138888888889,600.0,2737.5,491.25232576689575,180,0.0,0.0,0.04964308890330954,0.09364252365833199,0.10920334082878252,0.6442307692307693,0.13178364235323536,180,0.0,0.0,0.0,0.0,0.0,0.0,0.0,180,0.0,0.0,300.0,427.0138888888889,600.0,2737.5,491.25232576689575,180,0.0,0.0,275.0,447.0833333333333,631.25,3250.0,570.1261437896022,180,0.0,0.0,650.0,813.8888888888889,1150.0,4450.0,864.0080623000164,180,0.0,0.0,288.49188825273166,361.7566455633733,518.9445619372382,1945.668265660927,377.8971879704489,180,42.5,176.875,371.25,520.9444444444445,1000.0,1000.0,368.3431645089559,180,-0.048829428240121375,-0.001323541607270249,0.0,0.005469744002792172,0.006890650581056337,0.07427173335010664,0.01856739396713994,180,-0.05963111600383447,-0.008759313707902769,-0.0031793855409190074,0.0021540129616730444,0.007426035556950971,0.08836679680676812,0.0209231877661959,180,-0.1075483544303798,-0.019881694642367775,-0.01131722222222226,-0.013021224356175004,-0.0025584115852418784,0.03298534482758611,0.017286700228253273,180,-0.027326422272612783,-0.0075334375000000176,-0.0028987210333037555,-0.003315731041119127,0.0006910585693647772,0.03298534482758611,0.008070758268886763,180,-737.5,0.0,187.5,457.84722222222223,728.125,4187.5,737.5432362995645,180,-1050.0,0.0,150.0,274.44444444444446,550.0,2300.0,493.3210024127063,180,-1300.0,-100.0,0.0,30.833333333333332,162.5,2250.0,422.06181204221446,0.9555555555555556,0.5,0.5
